id,text,ground_truth,predicted,score,threshold,is_uncertain,top_similarity,second_similarity,similarity_margin,class_similarity_margin,ground_truth_techniques,predicted_techniques,predicted_technique_scores,ground_truth_vulnerabilities,predicted_vulnerabilities,predicted_vulnerability_scores,neighbor_ids,neighbor_labels,neighbor_similarities,neighbor_techniques,neighbor_vulnerabilities
85516405,"Person1: It's a two-hundred dollar fine! Person2: I said I'd move if a cripple came. Let's just run in the store and pick out some outfits. Person1: All right, let's go.",0,1,0.5675,0.53,0,0.9486,0.9433,0.0053,0.0101,,Persuasion or Seduction|Intimidation,Persuasion or Seduction:0.647 | Intimidation:0.529 | Brandishing Anger:0.391,,Dependency,Dependency:0.756 | Naivete:0.122 | Over-intellectualization:0.122,85514547 || 85515081 || 85517150,1 || 1 || 0,0.9486 || 0.9433 || 0.9386,Intimidation || Accusation|Persuasion or Seduction || ,Dependency || Dependency || 
85516217,"Person1: Remember that guy in the cell next to you who hung himself? Person2: Yes. Person1: Remember that shoe you lost... Person2: Uh, yeah. Cut to the chase.",0,0,0.4264,0.53,0,0.937,0.9363,0.0007,-0.0007,,,Intimidation:0.553 | Persuasion or Seduction:0.447 | Evasion:0.372,,,Dependency:0.252 | Over-intellectualization:0.250 | Over-responsibility:0.250,85514659 || 85518211 || 85516230,0 || 1 || 1,0.937 || 0.9363 || 0.9334, || Rationalization || Shaming or Belittlement, ||  || 
85518732,"Person1: That's right. That's what I said. You have a good memory. Then what? Person2: Well. Person1: THEN WHAT? Person2: Then you got undressed. Person1: How many times have you sneaked into girls' apartments and watched them undress? Person2: Never before this. Person1: How'd you like it if someone sneaked into your house and watched you. Get undressed. I want to see you. Person2: No. Come on. Person1: NO, you come on. Take off your pants. I want to see you. Person2: Look. I'm sorry. Just let me leave. Person1: No way.",1,1,0.7604,0.53,0,0.9454,0.9445,0.0009,0.0085,Intimidation,Persuasion or Seduction|Intimidation,Persuasion or Seduction:0.484 | Intimidation:0.472 | Evasion:0.396,Low self-esteem,,Dependency:0.430 | Over-responsibility:0.429 | Low self-esteem:0.143,85516196 || 85516230 || 85516041,1 || 1 || 1,0.9454 || 0.9445 || 0.9403,Persuasion or Seduction|Intimidation || Shaming or Belittlement || Playing Victim Role|Shaming or Belittlement,Dependency ||  || 
85518030,"Person1: Yes. That's true. Actually, at this point, I just want A job. Wait. What do you mean... yet? Person2: It means I know you think you got a beat on things. But trust me, you don't. You don't even have an inkling of a hint of a clue as to what's really going on in the world. And if you want to find out even a little, you'll shut up and come with me. And if you don't, fine. Go with them. Cause I'm not interested in breaking in another little hot-shot only to have him wig or die on me just when I'm starting to count on him. So forgive me if you don't exactly hear me ringing little bells and whistling welcome aboard, but this isn't the Love Boat. And I'm not Captain Stubing. Now I'm sorry. But this has been one long, bad day.",1,1,0.8359,0.53,0,0.9608,0.9564,0.0043,-0.0043,,Persuasion or Seduction|Rationalization,Persuasion or Seduction:0.513 | Rationalization:0.462 | Shaming or Belittlement:0.396,Dependency,,Low self-esteem:0.377 | Naivete:0.250 | Dependency:0.248,85515420 || 85518596 || 85515002,0 || 1 || 1,0.9608 || 0.9564 || 0.9563, || Persuasion or Seduction || Intimidation|Accusation|Rationalization, || Naivete || 
85518330,Person1: It's a fake. Person2: Give him the card. Person1: But-- Person2: Can you follow simple directions?,1,1,0.6489,0.53,0,0.9186,0.9166,0.002,0.002,Shaming or Belittlement,Intimidation|Denial,Intimidation:0.591 | Denial:0.551 | Evasion:0.443,,Dependency,Dependency:0.888 | Naivete:0.113 | Over-responsibility:0.112,85514763 || 85515730 || 85515866,1 || 0 || 0,0.9186 || 0.9166 || 0.9152,Shaming or Belittlement|Accusation ||  || , ||  || 
85518113,"Person1: We think you should give up the magazine. Sell it. Let someone else run it. Whatever it takes. Person2: We want you to go to college, find a career you love, marry a nice girl from a nice family, and live happily ever after.",1,1,0.7282,0.53,0,0.9101,0.8833,0.0268,0.0327,Persuasion or Seduction,Persuasion or Seduction,Persuasion or Seduction:0.797 | Playing Servant Role:0.375 | Rationalization:0.300,,Dependency,Dependency:0.654 | Low self-esteem:0.346,85515901 || 85515063 || 85518900,1 || 1 || 0,0.9101 || 0.8833 || 0.8774,Intimidation || Accusation || , ||  || 
85517139,Person1: Do you always drive like this? Person2: Yes.,0,0,0.2447,0.53,0,0.9012,0.9002,0.0011,-0.0011,,,Evasion:0.562 | Denial:0.531 | Persuasion or Seduction:0.467,,,Naivete:0.503 | Low self-esteem:0.497,85518999 || 85518728 || 85518893,0 || 1 || 0,0.9012 || 0.9002 || 0.8901, ||  || , ||  || 
85515732,"Person1: Mick. Mick. Mick... Person2: What? Person1: You -- Listen. You said to me, if not now, when... Person2: I know what I said but not now. You won it. Franky. You won it. When they give you the money, that means that you won. We don't want to go to court -- is this getting to you...? You know who the attorney is for the Archdiocese, Eddie Concannon. Person1: ...he's a good man... Person2: ...he's a good man...? He's the Prince of Darkness...he'll have people in there testifying that the broad is well -- they saw her Tuesday on a surfboard at Hyannis...don't mess with this case. Person1: ...I have to stand up for her... Person2: Frank, but not now. Frank. You're trying to wipe out some old business. But not now. I understand. But you go call 'em back. You call the Bishop back. Person1: I have to try this case. I have to do it, Mick. I've got to stand up for that girl. I need your help. Mick, will you help me...? Will you help me...?",1,1,0.8387,0.53,0,0.9514,0.9497,0.0018,0.0111,Persuasion or Seduction|Rationalization,Persuasion or Seduction|Playing Servant Role,Persuasion or Seduction:0.634 | Playing Servant Role:0.466 | Intimidation:0.439,,Dependency,Dependency:0.559 | Over-responsibility:0.220 | Low self-esteem:0.112,85518714 || 85514513 || 85518736,1 || 1 || 1,0.9514 || 0.9497 || 0.9488,Persuasion or Seduction || Shaming or Belittlement|Accusation || Intimidation|Persuasion or Seduction,Dependency || Dependency || 
85518381,"Person1: Zerzura, the White City of Acacias, the Oasis of Little Birds. As me about the scent of acacia - it's in this room. I can smell it. The taste of tea so black it falls into your mouth. I can taste it. I'm chewing the mint. Is there sand in my eyes? Are you cleaning sand from my ears? Person2: No sand. That's your drugs speaking. Person1: I can see my wife in that view. Person2: Are you remembering more? Person1: Could I have a cigarette? Person2: Are you crazy? Person1: Why are you so determined to keep me alive? Person2: Because I'm a nurse.",0,1,0.5589,0.53,0,0.9208,0.8951,0.0258,0.0258,,Shaming or Belittlement|Denial|Accusation,Shaming or Belittlement:0.517 | Denial:0.455 | Accusation:0.453,,Low self-esteem|Dependency,Low self-esteem:1.000 | Dependency:0.478,85518791 || 85515252 || 85515100,1 || 0 || 1,0.9208 || 0.8951 || 0.8944, ||  || Accusation|Shaming or Belittlement, ||  || Low self-esteem
85514488,Person1: I've seen lots of people. It's not a big thing for me. Person2: Hand me a towel. I'm getting out. Person1: I'm coming in. Person2: I don't want you to! Person1: We're not gonna do anything. Person2: Why are you so stupid? Person1: Why are you so uptight? Person2: I don't even...what do you mean? I don't even know what that means. Person1: It means I'm gonna shampoo my hair and stay out of your way. Person2: Hand me a towel. Hand me a towel.,1,1,0.8504,0.53,0,0.9419,0.9403,0.0016,0.0358,Evasion|Accusation,Intimidation,Intimidation:0.480 | Accusation:0.433 | Brandishing Anger:0.420,Naivete,Over-responsibility,Over-responsibility:0.603 | Dependency:0.201 | Low self-esteem:0.196,85516075 || 85514941 || 85514907,1 || 1 || 1,0.9419 || 0.9403 || 0.9325,Intimidation|Shaming or Belittlement || Brandishing Anger|Intimidation || Persuasion or Seduction, ||  || 
85515408,"Person1: I thought I told everybody to get out of my house. That includes cocksuckers and retards. Get off your asses and go. Person2: This is not your house, Doyle. This is my house and I'll say who stays and goes. You've got a house, why don't you go get one of your girlfriends and go home to it. Person1: You know better than to talk like that when I'm hurtin'. Don't make me knock the piss out of you.",1,1,0.873,0.53,0,0.9667,0.9569,0.0098,0.0138,Intimidation,Intimidation|Shaming or Belittlement|Brandishing Anger,Intimidation:0.499 | Shaming or Belittlement:0.496 | Brandishing Anger:0.483,,Dependency,Dependency:0.603 | Over-responsibility:0.397 | Low self-esteem:0.201,85516011 || 85515257 || 85518992,1 || 1 || 1,0.9667 || 0.9569 || 0.9565,Persuasion or Seduction || Playing Victim Role || Persuasion or Seduction, ||  || 
85516280,"Person1: Why did you go to the boss with that report without showing me first? Person2: I thought it was the right thing to do. It was complete. Person1: That was our project, Aria. You just threw me under the bus. Person2: It wasn't like that. I just wanted to be efficient. Person1: You will be sorry for this. Trust is hard to rebuild. Person2: Derek, I didn't intend to sideline you. I hope we can move past this.",1,1,0.8567,0.53,0,0.9443,0.9294,0.0149,0.0272,Intimidation,Rationalization|Feigning Innocence|Accusation,Rationalization:0.558 | Feigning Innocence:0.492 | Accusation:0.475,Low self-esteem,Dependency,Dependency:0.500 | Low self-esteem:0.333 | Over-responsibility:0.166,85519077 || 85518406 || 85515571,1 || 1 || 1,0.9443 || 0.9294 || 0.9256,Rationalization || Persuasion or Seduction || Denial|Accusation, || Dependency || Low self-esteem
85514430,"Person1: Having fun yet? No? I'll give you a hint. Remember whatshername? Person2: Shelly? Person1: Miss her? Person2: Yes. Person1: Kill the men who killed you both, and the Day of the Dead will be your reunion.",1,0,0.5057,0.53,0,0.9151,0.9105,0.0046,-0.0046,Persuasion or Seduction,,Persuasion or Seduction:0.599 | Intimidation:0.491 | Brandishing Anger:0.318,Dependency,,Naivete:0.665 | Low self-esteem:0.335,85515473 || 85519261 || 85515828,0 || 1 || 0,0.9151 || 0.9105 || 0.9083, ||  || , ||  || 
85518861,"Person1: When you slaughter a goat and wrench its heart out with your bare hands, do you then summon hellfire? Person2: I mean, what are you actually doing here? What is the hidden agenda?",0,1,0.7565,0.53,0,0.8699,0.8584,0.0115,-0.0115,,Intimidation|Brandishing Anger|Shaming or Belittlement,Intimidation:0.590 | Brandishing Anger:0.514 | Shaming or Belittlement:0.485,,,Dependency:0.337 | Over-responsibility:0.337 | Low self-esteem:0.326,85518982 || 85515183 || 85515667,0 || 1 || 0,0.8699 || 0.8584 || 0.8556, || Intimidation || , ||  || 
85515328,"Person1: See, in that crisis, I saw an opportunity. For some real growth. Person2: Oh please. Person1: Be quiet. I didn't go behind your back.",0,0,0.5272,0.53,0,0.9196,0.9188,0.0008,0.0008,,,Persuasion or Seduction:0.706 | Intimidation:0.388 | Rationalization:0.379,,,Naivete:0.406 | Low self-esteem:0.389 | Over-responsibility:0.205,85516352 || 85514638 || 85515526,1 || 0 || 1,0.9196 || 0.9188 || 0.9186,Persuasion or Seduction ||  || Persuasion or Seduction,Naivete ||  || Over-responsibility
85516134,"Person1: It's so beautiful ... and sad. Person2: Sad? Person1: Lost. it feels lost. This was hers? Person2: Yeah ... well, yours. You still don't believe that you're the Princess, do you? Person1: I know I must have had something to do with the palace - I've had little flashes of things - but being the Princess? It doesn't matter as long as I find my home. Person2: Well, the only thing you've got when you've got a home is a fear of losing it! You're lucky you don't remember the revolution -- I never had much, but what I did have -- I lost. Person1: I'm sorry. Person2: Hey! It doesn't matter! You gotta make your own way in the world! Don't be sorry for me! I'm going to get what I want don't you worry!",1,1,0.7788,0.53,0,0.9191,0.9183,0.0007,0.0031,Playing Victim Role,Persuasion or Seduction|Playing Victim Role|Accusation,Persuasion or Seduction:0.488 | Playing Victim Role:0.468 | Accusation:0.466,,Dependency,Dependency:0.558 | Over-responsibility:0.334 | Low self-esteem:0.331,85518798 || 85515432 || 85517158,1 || 1 || 1,0.9191 || 0.9183 || 0.9166,Shaming or Belittlement || Persuasion or Seduction || , || Over-responsibility|Dependency || Dependency
85518661,"Person1: I've been hearing rumors that you're thinking of joining our competitors. Person2: It's just an offer I'm considering. Nothing's decided yet. Person1: After all we've been through? All the projects we've worked on together? Person2: It's not personal, Mason. It's about what's best for my career. Person1: I’ve always been there for you; you can’t doubt me now. Think about the team and what we've built.",1,1,0.5617,0.53,0,0.8986,0.8934,0.0052,0.0349,Playing Victim Role,Persuasion or Seduction,Persuasion or Seduction:0.666 | Rationalization:0.379 | Playing Servant Role:0.359,Over-responsibility,Dependency,Dependency:0.510 | Naivete:0.166 | Over-intellectualization:0.162,85516987 || 85516991 || 85515890,1 || 1 || 1,0.8986 || 0.8934 || 0.8857, || Playing Servant Role || Persuasion or Seduction, ||  || Dependency
85516960,Person1: I... We have to bury Leon tommorrow... Person2: The dead can wait.,0,0,0.2978,0.53,0,0.8976,0.8794,0.0182,0.0182,,,Persuasion or Seduction:0.491 | Intimidation:0.457 | Evasion:0.373,,,Dependency:0.557 | Low self-esteem:0.219 | Over-responsibility:0.115,85518011 || 85518328 || 85518547,1 || 0 || 0,0.8976 || 0.8794 || 0.879,Playing Victim Role ||  || ,Dependency ||  || 
85516010,"Person1: Empty the gun onto the table, very carefully. Person2: Look, I don't know what this... Person1: Shut up, cunt! Do exactly as I say, or I'll put this arrow through your throat.",1,1,0.7419,0.53,0,0.9448,0.9377,0.0071,0.0247,Intimidation,Intimidation|Brandishing Anger,Intimidation:0.709 | Brandishing Anger:0.625 | Shaming or Belittlement:0.356,,Dependency,Dependency:0.669 | Low self-esteem:0.167 | Naivete:0.165,85514851 || 85515154 || 85517975,1 || 1 || 1,0.9448 || 0.9377 || 0.9357,Intimidation || Intimidation || , ||  || 
85515502,"Person1: Let me explain about time- you've been here three months and already two months behind. And the Germans and the French are gearing up. And I don't care about you and I don't care about the thirty dead- I care about my knighthood and if this railroad finishes on schedule, I'll get my knighthood and I want it. Professional hunters may be the answer. Person2: All they'll bring is more chaos and we've plenty of that already- and if they come in, word will get out- and what happens to your knighthood then? Person1: I'm going to try and locate Redbeard- I assume you've heard of him. Person2: Every man who's ever fired a rifle has heard of him- by the time you find him, the lions will be dead. Person1: Very well, the job's still yours, I'll go. But if I have to return, you're finished. And I will then do everything I can to destroy your reputation. Am I not fair? Told you you'd hate me.",1,1,0.8188,0.53,0,0.9463,0.9444,0.0019,0.0117,Intimidation,Persuasion or Seduction|Intimidation|Rationalization,Persuasion or Seduction:0.576 | Intimidation:0.557 | Rationalization:0.462,,Dependency,Dependency:0.600 | Over-intellectualization:0.199 | Over-responsibility:0.102,85517120 || 85515234 || 85516052,1 || 1 || 1,0.9463 || 0.9444 || 0.9431, || Rationalization|Persuasion or Seduction || Persuasion or Seduction, || Over-responsibility || 
85518758,Person1: Chicken is a fool's game captain. Person2: So is violating international law. Person1: But you invited is aboard. Person2: Your cannons made a compelling argument.,0,1,0.7064,0.53,0,0.8944,0.883,0.0114,0.0114,,Intimidation,Intimidation:0.505 | Shaming or Belittlement:0.430 | Rationalization:0.399,,Dependency,Dependency:0.629 | Low self-esteem:0.247 | Over-intellectualization:0.124,85518626 || 85519192 || 85514439,1 || 0 || 1,0.8944 || 0.883 || 0.8816, ||  || Persuasion or Seduction, ||  || Dependency
85514733,"Person1: Dolores. Person2: Yes. Dolores...and even your mom and dad. But I'll make sure you go last. Person1: Why? Person2: So you can keep on getting well before you have to go and do this. It's not going to be easy, Nicole. Do you understand that?",0,0,0.5268,0.53,0,0.9466,0.9435,0.0032,-0.0032,,,Persuasion or Seduction:0.556 | Evasion:0.495 | Denial:0.380,,,Dependency:0.501 | Over-responsibility:0.336 | Naivete:0.163,85514509 || 85516068 || 85514583,0 || 1 || 1,0.9466 || 0.9435 || 0.9403, ||  || Feigning Innocence, ||  || 
85518407,"Person1: Well? Person2: God, you're beautiful. Person1: Please. I look a mess. Person2: No. You look so beautiful. Person1: Anyway. Come already to the point. Person2: I'm... I'm going to leave Lila. I can't stop thinking about you. Person1: I've moved on. Person2: No! Person1: I've been seeing Johannsen in chemistry. Person2: That goddamn Neanderthal? I'm the one who gave him the idea for the combination bug spray-sun screen! Did you know that?! Person1: That's not how he tells it. Person2: Of course not, that Swedish thief! He's a thief of hearts! I love you, Gabrielle. Person1: Hunh. Person2: Just give me some time to let Lila down easily. She's a really nice girl and I don't want to hurt her more than is necessary. Person1: You hurt me, you know, when you made Nathan's Choice. Does that not even matter to you, you pig?",1,1,0.8674,0.53,0,0.9637,0.9592,0.0045,0.01,Persuasion or Seduction,Shaming or Belittlement|Accusation,Shaming or Belittlement:0.601 | Accusation:0.492 | Brandishing Anger:0.440,,Dependency,Dependency:0.503 | Over-responsibility:0.336 | Over-intellectualization:0.166,85514553 || 85516870 || 85516903,1 || 1 || 1,0.9637 || 0.9592 || 0.9577,Accusation || Shaming or Belittlement || Shaming or Belittlement,Dependency|Over-responsibility || Dependency || 
85515729,"Person1: They buried my ma & pa and my sisters. And Chingachgook - who found me with two French trappers - raised me up as his own. Person2: I'm sorry. Person1: I do not remember them. I was one or two. Person2: How did you learn English? Person1: My father sent Uncas & I to Reverend Wheelock's school when I was ten. So we would know both worlds... though we were told only bother learning readin' & arithmetic from yours. Person2: And what were the consequentialities of European culture you didn't bother with? Person1: The Bible. Monarchy. Many wrong ideas about the government of men. My father's people already know each man is his own nation. And only he can have dominion over himself. Not kings. No man is better than any other man. Person2: In London those radical ideas could land you in Newgate prison. Why were those people living in this defenseless place...? Person1: 'Cos frontier land's the only land affordable to poor people. So after seven years indentured service in Virginia, they headed out here where they are beholden to none and not livin' by another's leave... Their name was Cameron. John & Alexandria.",0,1,0.7115,0.53,0,0.9445,0.9416,0.0028,-0.0028,,Shaming or Belittlement|Accusation|Rationalization,Shaming or Belittlement:0.510 | Accusation:0.501 | Rationalization:0.454,,Dependency,Dependency:0.666 | Over-intellectualization:0.334,85515420 || 85518533 || 85518802,0 || 1 || 0,0.9445 || 0.9416 || 0.9364, || Shaming or Belittlement|Accusation || , ||  || 
85518311,"Person1: What do you want? Person2: I am Father Vogler. I am a Chaplain here. I thought you might like to talk to someone. Person1: About what? Person2: You tried to take your life. You do remember that, don't you? Person1: So? Person2: In the sight of God that is a sin. Person1: What do you want? Person2: Do you understand that you have sinned? Gravely. Person1: Leave me alone. Person2: I cannot leave alone a soul in pain. Person1: Do you know who I am? You never heard of me, did you? Person2: That makes no difference. All men are equal in God's eyes. Person1: Are they? Person2: Offer me your confession. I can offer you God's forgiveness. Person1: I do not seek forgiveness. Person2: My son, there is something dreadful on your soul. Unburden it to me. I'm here only for you. Please talk to me. Person1: How well are you trained in music? Person2: I know a little. I studied it in my youth. Person1: Where? Person2: Here in Vienna. Person1: Then you must know this.",1,1,0.8059,0.53,0,0.9073,0.8995,0.0077,0.0312,Persuasion or Seduction,Persuasion or Seduction|Intimidation,Persuasion or Seduction:0.601 | Intimidation:0.485 | Playing Victim Role:0.382,Dependency,,Low self-esteem:0.334 | Dependency:0.331 | Naivete:0.118,85515887 || 85518489 || 85517654,1 || 1 || 1,0.9073 || 0.8995 || 0.8984,Persuasion or Seduction || Playing Victim Role || Intimidation,Naivete ||  || 
85517121,"Person1: Do you mind if I smoke, Mr. Garrison? Person2: How could I? Dave, as you know, President Kennedy was assassinated on Friday. A man named Lee Harvey Oswald was arrested as a suspect and then was murdered yesterday by a man named Jack Ruby. We've heard reports that Oswald spent the summer in New Orleans and we've been advised you knew Oswald pretty well. Person1: That's not true. I never met anybody named Oswald. Anybody who told you that has to be crazy. Person2: But you are aware, he served in your Civil Air Patrol unit when he was a teenager. Person1: No... if he did, I don't remember him. There were lots of kids in and out... y'know. Person2: I'm sure you've seen this. Perhaps you knew this man under another name? Person1: No, I never saw him before in my life. Person2: Well that must've been mistaken information we got. Thanks for straightening it out for us. There is one other matter that's come up, Dave. We were told you took a trip to Texas shortly after the assassination of Friday. Person1: Yeah, now that's true. I drove to Houston. Person2: What was so appealing about Houston? Person1: I hadn't been there ice skating in many years, and I had a couple of young friends with me, and we decided we wanted to go ice skating. Person2: Dave, may I ask why the urge to go ice skating in Texas happened to strike you during one of the most violent thunderstorms in recent memory? Person1: Oh, it was just a spur of the moment thing... the storm wasn't that bad. Person2: I see. And where did you drive? Person1: We went straight to Houston, and then Saturday night we drove to Galveston and stayed over there. Person2: Why Galveston? Person1: No particular reason. Just to go somewhere. Person2: And then Sunday? Person1: In the morning we went goose hunting. Then headed home, but I dropped the boys off to see some relatives and I stayed in Hammond. Person2: Did you bag any geese on this trip? Person1: I believe the boys got a couple. Person2: But the boys told us they didn't get any. Person1: Oh yes, well, come to think of it, they're right. We got to where the geese were and there were thousands of them. But you couldn't approach them. They were a wise bunch of birds. Person2: Your young friends also told us you had no weapons in the car. Dave, isn't it a bit difficult to hunt for geese without a shotgun? Person1: Yes, now I remember, Mr. Garrison. I'm sorry, I got confused. We got out there near the geese and it was only then we realized we'd forgotten our shotguns. Stupid, right? So of course we didn't get any geese. Person2: I see. Dave thank you for your time. I'm sorry it has to end inconveniently for you, but I'm going to have you detained for further questioning by the FBI. Person1: Why? What's wrong? Person2: Dave, I find your story simply not believable.",1,1,0.5933,0.53,0,0.946,0.9422,0.0037,0.0083,Denial,Persuasion or Seduction|Evasion,Persuasion or Seduction:0.575 | Evasion:0.457 | Rationalization:0.447,,,Dependency:0.336 | Over-responsibility:0.168 | Low self-esteem:0.168,85518277 || 85515288 || 85515469,1 || 1 || 1,0.946 || 0.9422 || 0.9421,Shaming or Belittlement ||  || Shaming or Belittlement|Accusation, ||  || 
85515537,"Person1: What do you mean, thank God? Person2: Well, are you sure about this baby thing? It's not the ticking clock shit, is it? Person1: No, no, not at all... I mean I've still got plenty of time. Don't I? I mean I still have a good six years, whatever. We could have three kids yet, if we wanted. And I know I've always said I never wanted kids, and I didn't... but this year, I really, truly, feel ready... Person2: Honey, I'm not worried about you. You are going to be a fantastic mom. Not an issue. I pressed you, remember? Joe, on the other hand, is a different story. Person1: Oh Soph, Joe loves kids. Joe wants kids. Joe thinks he needs kids. Person2: He wants playmates. Oh he's a sweetheart, Sal, you know I love him. But he's not going to be a good father. He's just not parenting material. Person1: Hey, let's sit down. I bet the rug feels really nice against your skin.",1,1,0.7169,0.53,0,0.9402,0.9364,0.0037,0.012,Persuasion or Seduction,Persuasion or Seduction,Persuasion or Seduction:0.740 | Rationalization:0.404 | Shaming or Belittlement:0.396,,Dependency,Dependency:0.603 | Low self-esteem:0.298 | Over-responsibility:0.202,85514991 || 85518741 || 85514429,1 || 1 || 1,0.9402 || 0.9364 || 0.936,Persuasion or Seduction || Persuasion or Seduction || Evasion|Rationalization, || Dependency|Over-responsibility || Dependency
85518810,"Person1: I don't want to hit you in the stomach! Person2: You're not gonna hurt me. Just hit me in the stomach. Person1: Look, Marty, I'm just not a fighter...",0,1,0.6465,0.53,0,0.9295,0.9288,0.0007,0.0007,,Intimidation,Intimidation:0.454 | Persuasion or Seduction:0.426 | Brandishing Anger:0.426,,Dependency,Dependency:0.573 | Over-responsibility:0.285 | Low self-esteem:0.142,85514851 || 85517221 || 85516230,1 || 0 || 1,0.9295 || 0.9288 || 0.9232,Intimidation ||  || Shaming or Belittlement, ||  || 
85518722,"Person1: An old friend. I was rummaging through a closet and it was just sitting there. Like it was waiting for me. Person2: It's... it's nice, Paul. It's got... character. Person1: When I wrote my first book, I used to carry it around in this while I was looking for a publisher. That was a good book, Marcia. I was a writer then. Person2: You're still a writer. Person1: I haven't been a writer since I got into the Misery business-- Person2: Not a bad business. This thing would still be growing, too. The first printing order on Misery's Child was the most ever--over a million. Person1: Marcia, please. Person2: No, no. Misery Chastain put braces on your daughter's teeth and is putting her through college, bought you two houses and floor seats to the Knick games and what thanks does she get? You go and kill her. Person1: Marcia, you know I started ""Misery"" on a lark. Do I look like a guy who writes romance novels? Do I sound like Danielle Steel? It was a one- time shot and we got lucky. I never meant it to become my life. And if I hadn't gotten rid of her now, I'd have ended up writing her forever. For the first time in fifteen years, I think I'm really onto something here. Person2: I'm glad to hear that, Paul, I really am. But you have to know--when your fans find out that you killed off their favorite heroine, they're not going to say, ""Ooh, good, Paul Sheldon can finally write what we've always wanted. An esoteric, semi-autobiographical character study. Person1: Marcia, why are you doing this to me? Don't you know I'm scared enough? Don't you think I remember how nobody gave a shit about my first books? You think I'm dying to go back to shouting in the wilderness? I'm doing this because I have to. Now, I'm leaving for Colorado to try to finish this and I want your good thoughts--because if I can make it work ... I might just have something that I want on my tombstone.",1,1,0.7477,0.53,0,0.9462,0.9441,0.0021,0.0032,,Persuasion or Seduction|Shaming or Belittlement,Persuasion or Seduction:0.631 | Shaming or Belittlement:0.502 | Rationalization:0.417,Dependency,Dependency,Dependency:0.574 | Over-responsibility:0.286 | Low self-esteem:0.284,85515541 || 85515293 || 85517658,1 || 1 || 1,0.9462 || 0.9441 || 0.9434,Shaming or Belittlement || Playing Servant Role|Persuasion or Seduction || Persuasion or Seduction|Shaming or Belittlement,Dependency ||  || Naivete|Low self-esteem
85517323,"Person1: You're wrong. Person2: Am I...? Would you be willing to plant corroborative evidence on a suspect you knew was guilty in order to ensure an indictment? Person1: Dudley, we've been over this. Person2: Answer yes or no. Person1: I... No. Person2: Would you be willing to rig crime scene evidence to support a prosecuting attorney's working hypothesis...? Yes or no, Edmund. Person1: No. Person2: Would you be willing to beat confessions out of suspects you knew to be guilty? Person1: No. Person2: Would you be willing to shoot hardened criminals in the back to offset the chance -- Person1: No. Person2: Then for God's sake, don't be a detective. Stick to assignments where you won't have to make those choices. Patrol, Internal Affairs, but not the Bureau. Person1: I know you mean well, Dudley, but I don't need to do it the way you did. Or my father. Person2: At least get rid of the glasses. I can't think of one Bureau man who wears them.",1,1,0.8267,0.53,0,0.9526,0.9457,0.0069,0.011,Shaming or Belittlement,Intimidation|Persuasion or Seduction|Rationalization,Intimidation:0.511 | Persuasion or Seduction:0.503 | Rationalization:0.460,,Dependency,Dependency:0.503 | Over-responsibility:0.166 | Low self-esteem:0.166,85515067 || 85518736 || 85516052,1 || 1 || 1,0.9526 || 0.9457 || 0.9418,Rationalization|Accusation || Intimidation|Persuasion or Seduction || Persuasion or Seduction, ||  || 
85516199,"Person1: But my mother says I mustn't accept gifts from strangers. Person2: Stranger? Julia Farren a stranger. Why I've played every theatre from Boston to San Francisco. I've been to London and Paris. Those days those beautiful, shilling, golden days. Person1: But I only came to give back the ring. Person2: The ring? We'll have no more nonsense about the ring.",0,0,0.5292,0.53,0,0.8989,0.8713,0.0276,0.0276,,,Persuasion or Seduction:0.659 | Feigning Innocence:0.355 | Evasion:0.347,,,Dependency:0.542 | Over-responsibility:0.270 | Low self-esteem:0.178,85515345 || 85514993 || 85516146,1 || 0 || 1,0.8989 || 0.8713 || 0.8707,Persuasion or Seduction ||  || Shaming or Belittlement|Intimidation,Naivete ||  || Dependency
85515372,"Person1: It's time to go home now. Person2: No. Please. Person1: Childhood is over, Ellie. It's time to grow up.",0,0,0.4796,0.53,0,0.8763,0.875,0.0012,0.0262,,,Persuasion or Seduction:0.729 | Intimidation:0.479 | Evasion:0.414,,,Dependency:0.429 | Low self-esteem:0.276 | Over-responsibility:0.157,85514641 || 85518957 || 85516792,1 || 1 || 1,0.8763 || 0.875 || 0.8611,Persuasion or Seduction || Persuasion or Seduction || ,Over-responsibility ||  || Dependency
85516871,"Person1: Instead of worryin' about Reggie, you better worry about me... Person2: Don't give me this, we were partners. Person1: Billy, go ahead, break it... Person2: No! Don't kill her. I can get you the money. Person1: When? Person2: I can't get it until Monday. Honest. Person1: You chickenshit punk... Person2: Honest. The place we stashed it opens Monday morning. I can't get it till then. Monday morning, that's when it opens. After that, I'll get the money to you right away...",1,1,0.7843,0.53,0,0.9705,0.9533,0.0172,0.0172,,Intimidation|Brandishing Anger,Intimidation:0.736 | Brandishing Anger:0.502 | Persuasion or Seduction:0.387,,Dependency,Dependency:0.670 | Over-responsibility:0.247 | Naivete:0.166,85518868 || 85514465 || 85514504,1 || 0 || 1,0.9705 || 0.9533 || 0.9493,Intimidation|Brandishing Anger ||  || Persuasion or Seduction,Dependency ||  || Dependency
85515592,"Person1: What are you going to do? Person2: I loved you, Madeleine. Person1: I was safe when you found me, there was nothing you could prove! But when I saw you again I couldn't run away, I loved you so! I walked into danger and let you change me again because I loved you and wanted you! Scottie, please! You love me now! Love me! Keep me safe!",1,1,0.7653,0.53,0,0.8398,0.7982,0.0416,0.1014,Persuasion or Seduction,Persuasion or Seduction|Playing Servant Role|Brandishing Anger,Persuasion or Seduction:0.799 | Playing Servant Role:0.646 | Brandishing Anger:0.484,,Dependency,Dependency:0.551 | Naivete:0.243 | Over-responsibility:0.221,85515494 || 85518153 || 85518648,1 || 1 || 1,0.8398 || 0.7982 || 0.7725, || Persuasion or Seduction || Persuasion or Seduction, || Naivete || 
85515579,"Person1: Misery's Return? Person2: I know you didn't mean it when you killed her, and now you'll make it right.",1,1,0.6717,0.53,0,0.9337,0.9337,0.0,0.0,Persuasion or Seduction,Persuasion or Seduction,Persuasion or Seduction:0.513 | Intimidation:0.409 | Denial:0.403,,Dependency,Dependency:0.668 | Naivete:0.332,85514539 || 85515473 || 85518808,1 || 0 || 1,0.9337 || 0.9337 || 0.9297,Playing Victim Role|Shaming or Belittlement ||  || Persuasion or Seduction, ||  || Dependency
85517637,"Person1: Dad, please stop. Please. I'm sure I know what you're talking about. Person2: Sure you know, son, but I think you've been having a little problem with it. It's okay, though. What you're doing is perfectly normal. It's like practice. Like when you play tennis against a wall. Some day, there'll be a partner returning the ball. You do want a partner, don't you son? Person1: Yes. Person2: That's great. Now remember, it's okay to play with yourself. Or, as I always called it -- ""Stroke the salami!"" Ho-ho, Jim. There's nothing to be ashamed of. Hell, I'm fifty-two, and I still enjoy masturbating. Uncle Mort masturbates. We all masturbate.",0,1,0.6695,0.53,0,0.9298,0.9285,0.0013,0.0073,,Persuasion or Seduction,Persuasion or Seduction:0.748 | Shaming or Belittlement:0.430 | Rationalization:0.430,,Low self-esteem,Low self-esteem:0.669 | Naivete:0.337 | Dependency:0.331,85517062 || 85518235 || 85515670,1 || 1 || 0,0.9298 || 0.9285 || 0.9224,Persuasion or Seduction || Persuasion or Seduction || , ||  || 
85518511,"Person1: I watched her grow up. Just like you. I know how her mind worked. She kept snooping around because she was worried about you. What you'd gotten yourself into. So stop blaming me. And blame yourself. Person2: I do. Every day. Person1: Erin knows, doesn't she?",1,1,0.8458,0.53,0,0.9294,0.9259,0.0035,0.0205,Shaming or Belittlement|Accusation,Intimidation|Accusation,Intimidation:0.484 | Accusation:0.474 | Rationalization:0.405,Over-responsibility,Dependency,Dependency:1.000 | Naivete:0.165,85519204 || 85515652 || 85516190,1 || 1 || 1,0.9294 || 0.9259 || 0.9227,Shaming or Belittlement|Accusation ||  || Intimidation, || Dependency || Dependency
85517466,"Person1: Are you crazy, a lift raft?! We're not sinking, we're crashing! Person2: Get over here, damn it! Short Round, come on, grab onto me tight!",0,1,0.6706,0.53,0,0.9671,0.9574,0.0098,0.0098,,Brandishing Anger|Shaming or Belittlement,Brandishing Anger:0.743 | Shaming or Belittlement:0.509 | Intimidation:0.446,,Low self-esteem,Low self-esteem:0.599 | Dependency:0.401 | Over-responsibility:0.206,85515563 || 85514800 || 85518784,1 || 0 || 1,0.9671 || 0.9574 || 0.9554,Intimidation ||  || Shaming or Belittlement|Brandishing Anger, ||  || 
85517114,"Person1: What are you listening to, chicken ass? Person2: Ah, leave him alone. He's doing no harm. Person1: With a face like that? I don't want you looking at me. You hear?",1,1,0.8156,0.53,0,0.9528,0.9409,0.0119,0.0361,Intimidation|Brandishing Anger|Shaming or Belittlement,Intimidation|Brandishing Anger,Intimidation:0.602 | Brandishing Anger:0.482 | Playing Servant Role:0.350,Low self-esteem,Dependency,Dependency:0.626 | Low self-esteem:0.249 | Over-responsibility:0.125,85514851 || 85517574 || 85518750,1 || 1 || 1,0.9528 || 0.9409 || 0.9371,Intimidation || Shaming or Belittlement|Intimidation|Persuasion or Seduction || Persuasion or Seduction, ||  || Dependency
85517616,"Person1: Do you ever get like the slightest inkling that you might want to help me instead of doing absolutely nothing? Person2: No. Person1: Get the inkling, Sam. I'm getting tired of your attitude.",1,1,0.6798,0.53,0,0.9346,0.9303,0.0043,0.0043,Accusation,,Shaming or Belittlement:0.435 | Intimidation:0.394 | Persuasion or Seduction:0.345,,Low self-esteem,Low self-esteem:1.000,85518535 || 85514659 || 85518211,1 || 0 || 1,0.9346 || 0.9303 || 0.927, ||  || Rationalization, ||  || 
85517993,"Person1: No, I think it's better if you just stay here to heal. At least a week. Person2: I'm going. Person1: Quiet, or I'll sew up your mouth too.",1,0,0.3999,0.53,0,0.8938,0.8888,0.005,0.005,Intimidation,,Persuasion or Seduction:0.814 | Rationalization:0.348 | Evasion:0.312,,,Naivete:0.422 | Low self-esteem:0.297 | Dependency:0.281,85514443 || 85514924 || 85515195,1 || 0 || 1,0.8938 || 0.8888 || 0.8833,Evasion ||  || Persuasion or Seduction,Low self-esteem ||  || 
85514909,"Person1: Yer lucky I'm here at all. I tell you, Jimmy--my feet'll never hold out. Person2: Stop squawking! You were doing this job on a ship four years ago when I first picked you up, weren't you? Person1: Yeah--but high livin's made me soft. Person2: How're the tips? Person1: A dollar forty. Person2: I'll need it--gave my last buck to the bedroom steward. Person1: Not a chance. Person2: Come on-- I'll promote a card game, and we'll be sitting pretty. Person1: Until then--the dollar forty stays with me. Person2: Is that a nice way to talk to a pal? Person1: Don't let money spoil a beautiful friendship. Look at these here telegrams to be delivered! This ain't a job-- it's a marathon.",1,1,0.7904,0.53,0,0.9571,0.9567,0.0004,0.0009,Persuasion or Seduction|Accusation,Persuasion or Seduction,Persuasion or Seduction:0.608 | Shaming or Belittlement:0.445 | Playing Victim Role:0.386,,Dependency,Dependency:0.834 | Over-responsibility:0.332,85515293 || 85518114 || 85514757,1 || 1 || 0,0.9571 || 0.9567 || 0.9562,Playing Servant Role|Persuasion or Seduction || Intimidation || , ||  || 
85518775,"Person1: You wanted by the law or somethin'? Person2: Naw, it's okay. Person1: You're crazy carryin' that kinda money in this neighborhood. No wonder you got hit. Person2: Thanks. I'm obliged to ya, but I gotta get goin'. Person1: You ain't goin' nowhere on that leg. Person2: I gotta! Look, I run some slots down in West Bend for a mob here. I got a little behind on my payoffs so they figure I been holdin' out on 'em. They gave me to 4:00 to come up with the cash. I don't get it there I'm dead. Person1: It don't look good, gramps, it's ten of now. Person2: I got a hundred bucks for you and your friend if you deliver the money for me. Person1: I dunno. That little mug that got ya is mad enough at me already -- what if he's out there waitin' around a corner with some friends. Person2: He won't know you're carryin' it. C'mon, you gotta help me out. Person1: Sorry, pal. I'll fix you up, call you a doc, but I ain't gonna walk into a bunch of knives for ya. Person2: How bout you? I'll give you the whole hundred! Person1: What makes you think you can trust him? He didn't do shit.",1,1,0.789,0.53,0,0.9748,0.9672,0.0076,0.0233,Persuasion or Seduction,Shaming or Belittlement|Intimidation,Shaming or Belittlement:0.467 | Intimidation:0.466 | Brandishing Anger:0.431,,Dependency,Dependency:0.694 | Over-responsibility:0.307 | Low self-esteem:0.153,85518199 || 85514832 || 85518163,1 || 1 || 1,0.9748 || 0.9672 || 0.9667,Rationalization|Accusation || Persuasion or Seduction || , ||  || Dependency
85518371,"Person1: But without your brothers. Nor are you to return to Santo Domingo or any of the other colonies. You may explore the continent. Person2: Thank you. Person1: There is one thing I'd like to understand... Why do you want to go back, after all this? Person2: Your Majesty -- some men are content to read about things. I must see them with my own eyes. I cannot be other than I am.",0,1,0.5702,0.53,0,0.9113,0.9076,0.0037,0.0037,,Persuasion or Seduction,Persuasion or Seduction:0.719 | Rationalization:0.325 | Shaming or Belittlement:0.316,,,Dependency:0.407 | Naivete:0.391 | Over-responsibility:0.202,85514953 || 85515756 || 85517947,1 || 0 || 1,0.9113 || 0.9076 || 0.8982,Persuasion or Seduction ||  || Persuasion or Seduction,Dependency ||  || 
85518818,"Person1: This is your bed. You may leave your things in that cabinet. Person2: Yes, ma'am... Person1: Please use your time to familiarize yourself with your new home and if there is anything you need to know, don't hesitate to ask us. Person2: Now that you mention it, I sure would like to call my aunt up in Portland and tell 'er where I am so she can come visit me. Person1: All in good time, Mister McMurphy. All in good time. Person2: Yes, ma'am. Person1: Good. Now if you'll just go along with Mister Washington, he'll see that you're properly oriented.",0,0,0.5096,0.53,0,0.883,0.8717,0.0113,0.0358,,,Persuasion or Seduction:0.787 | Intimidation:0.482 | Rationalization:0.266,,,Low self-esteem:0.663 | Naivete:0.337,85517968 || 85518749 || 85516111,1 || 1 || 1,0.883 || 0.8717 || 0.8659,Persuasion or Seduction || Persuasion or Seduction || Shaming or Belittlement, ||  || 
85515462,"Person1: Oh, I was going to discover the secret of the universe. That's why I liked Nix. He promised me all these explanations. Person2: And he didn't have them? Person1: He had something. He showed me how to bend the rules. A little levitation. A few fireworks. Person2: Is that all? Person1: No. At the end... when we had him cornered, he got into my head. He showed me what we really look like, when the veneer's gone. Jelly. Shit... Person2: And you believed him? Person1: I saw it with my own eyes! See, that's his best trick. No illusions. Just the truth. Are you ready for that?",0,1,0.6665,0.53,0,0.9578,0.9562,0.0015,-0.0077,,Shaming or Belittlement,Shaming or Belittlement:0.646 | Accusation:0.427 | Denial:0.418,,Low self-esteem,Low self-esteem:1.000 | Dependency:0.248 | Over-responsibility:0.248,85515384 || 85517300 || 85516311,0 || 0 || 0,0.9578 || 0.9562 || 0.9562, ||  || , ||  || 
85518134,"Person1: What do you want? Person2: You know what I want. You know why I need you. Person1: You need to leave. Person2: I know everything about you, Diana. Person1: That's it, we're done.",1,1,0.6401,0.53,0,0.9411,0.9339,0.0072,-0.0072,,Persuasion or Seduction|Intimidation,Persuasion or Seduction:0.632 | Intimidation:0.608 | Evasion:0.392,Dependency,Dependency,Dependency:0.830 | Naivete:0.170,85516872 || 85518808 || 85516897,0 || 1 || 1,0.9411 || 0.9339 || 0.9338, || Persuasion or Seduction || Feigning Innocence|Evasion, || Dependency || Naivete
85515134,"Person1: ...I've seen things. In there. Last night. You did too. Don't tell me you didn't. You were crying like a baby. Person2: You said the vision, the images. They're just that. Just pictures. They can't hurt you. That's what you always said. Person1: I lied. Person2: All the more reason I should be here. Person1: Please. It's for your own good. Person2: You said bad things hurt places. So maybe good things heal them. Good things are happening here. Maybe for the first time ever. And maybe that's all it takes.",1,1,0.8258,0.53,0,0.9499,0.9293,0.0207,0.026,Persuasion or Seduction,Persuasion or Seduction|Rationalization,Persuasion or Seduction:0.730 | Rationalization:0.513 | Denial:0.407,,,Naivete:0.426 | Low self-esteem:0.292 | Dependency:0.282,85519077 || 85514545 || 85517505,1 || 1 || 0,0.9499 || 0.9293 || 0.9239,Rationalization || Accusation|Persuasion or Seduction || , || Low self-esteem || 
85514484,"Person1: Your girl's a menace. Here, givver this... Getter off the street and teach her some humility. Person2: I don't think so... Person1: Well, then, you have insufficient information. I'm grateful for this opportunity to set you straight.",1,1,0.6321,0.53,0,0.9161,0.9073,0.0089,0.0089,Rationalization|Shaming or Belittlement,Persuasion or Seduction,Persuasion or Seduction:0.630 | Shaming or Belittlement:0.412 | Intimidation:0.409,Naivete,Dependency,Dependency:0.667 | Naivete:0.168 | Over-responsibility:0.165,85517302 || 85515996 || 85518636,1 || 0 || 1,0.9161 || 0.9073 || 0.9051,Intimidation ||  || Persuasion or Seduction, ||  || 
85515062,"Person1: Eve, I don't mean to be rude, and please excuse me Cliff, but Eve, isn't Cliff just a butt with hair? Person2: What?! Person1: I'm sorry, and legs. Legs, butt and hair. Well, isn't he? And shallow, as well? Person2: Shallow? I'm shallow?!",1,0,0.5259,0.53,0,0.8983,0.8967,0.0016,-0.0016,Shaming or Belittlement,,Shaming or Belittlement:0.590 | Feigning Innocence:0.538 | Denial:0.505,Low self-esteem,,Low self-esteem:0.748 | Over-responsibility:0.252,85518490 || 85517064 || 85518892,0 || 1 || 0,0.8983 || 0.8967 || 0.885, || Persuasion or Seduction|Accusation || , ||  || 
85515714,Person1: I'll go first. Person2: No -- I will. Person1: I stood up first. Person2: That doesn't matter. Person1: You always get to go first.,1,1,0.6413,0.53,0,0.8911,0.8885,0.0026,0.0087,Accusation,Persuasion or Seduction|Intimidation,Persuasion or Seduction:0.647 | Intimidation:0.529 | Playing Servant Role:0.378,,Dependency,Dependency:1.000,85515184 || 85518416 || 85514955,1 || 1 || 1,0.8911 || 0.8885 || 0.8858, || Denial || Intimidation, ||  || 
85518918,"Person1: Hello. Hello, Leon. Person2: Hello, Sonny. Person1: How are you doing? Person2: Well... I'm out of the hospital. Person1: Yeah. You said... I thought you were never getting out? Person2: I never thought I'd get out this way. I'll tell you. Person1: Well.... huh ... Person2: Ooohh.... Person1: Oh... huh ... how you feeling? Person2: I'm really shakey. Person1: Well, you know ... Moretti told me before that you were drugged up. Person2: Yeah. It was terrible. Person1: That... huh... they just shoot you with drugs. Person2: You come in and they say, right away, that you are crazy. And they start putting things in your arm... you know. How do they expect you to get uncrazy if you're asleep all the time? Person1: Yeah... Person2: You can't talk or do anything. You really feel... you know... I'm just sort of coming out of it now. Person1: So... that sure is something. Person2: Yeah. So how are you? Person1: Fine, thank you. I'm in trouble. That is... now I am! Person2: Yeah... I know. Person1: I don't know what I'm gonna do... you know. Boy... I'm dying. Person2: What? What are you talking about? You are dying? Did you ever listen to yourself when you say that? Person1: What are you talking about? Person2: What do you mean... what am I talking about? Do you realize that you say that to me every day of your life? I am dying. Do you know... do you realize the death that you are spreading around to the people who are around you? Person1: Now don't give me that deep shit now. Don't start with that shit. Person2: No really... I don't think that you realize what it means. The things that you do, Sonny. You put a gun to somebody's head... Person1: I don't know what I'm doing. Person2: Yeah... obviously you don't... when you put a gun to somebody's head... and you say go to sleep so that it won't hurt when I pull the trigger. Death? Don't talk about death to me. I have been living with death for the last six months. Why do you think I'm in the hospital? I take a handful of pills to get away from you. And then here I am out of the hospital talking to you on the phone... again. I have no friends left. No job. I can't live. I have to live with people. This death business... I'm sorry! Person1: I'm not on the phone to talk to you about that. Well, I don't know what to say, Leon. When you gimme that... when you hit me with that shit. I mean, what am I supposed to say? Person2: I'm sorry... Person1: I told you. That I got a lot of pressures. You said to me that you needed money, and I knew that you needed money! I saw you there lying in the hospital like that... and I said... shit, man, I got to get this guy some money. Person2: But I didn't ask you to go rob a bank. Person1: All right. I know you didn't ask me. You didn't ask me but I did it. Person2: Well... Person1: I did it on my own. I did this all on my own. I ain't laying it on anybody. Nothing on anybody. I'll tell you something, though, it's about time that I squared away my accounts... you know. I am squaring away my accounts with life. Maye this whole thing is gonna end, somehow. Maybe it'll just end! Maybe I'll just close my eyes and the whole thing will be over. That would be all right too! I said... I thought I would square it away with you... you know? That I would get you down here and that I would say so long to you... or, if you wanted... you know, to take a trip... Person2: What trip? Person1: I'm getting out of here, man. I'm not going to stay here and I'm not giving up. I mean, huh, they're going to kill me, anyway. So forget it! But, if I can get out of this... I am going to get out. And, how I'm going to do it is to get a jet out of here and I'm flying the fuck out... That's all, Leon. If you want to come with me, then you're entitled... you can come. You're free to do what you want. Person2: I'm free to do what I want? And you think I would want to go with you some place on a plane? Where? Where ya going? Person1: I gotta jet coming here and we're gonna try to get outta this thing. And we're gonna go, man! Person2: You're crazy. Person1: That's it. Person2: You're really crazy. Person1: I know! Person2: Where you gonna go? Person1: Who knows? I think we're gonna go ... we worked it out to Algeria. So, I don't know. So I'll go to Algeria. Person2: Why you going to Algeria? Person1: Huh ... I don't know. They got Howard Johnson's there. I don't know why I'm going there for. Person2: Howard Johnson's... you're warped. You know that? You're really warped! Person1: I know that. I'm warped... I'm warped! Person2: God, Algeria! Do you know there's a bunch of... they walk around there... God! People walk around with masks and things on their heads. They're a bunch of crazy people there. Person1: What am I supposed to do? Person2: I don't know... you could have picked a better place. Person1: Denmark? Sweden? Person2: I like that... yeah! Person1: Sal wanted to go to Wyoming. I told him it wasn't a country. We gotta get outta the country! To hell with a guy who doesn't know where Wyoming is. Okay. Can you imagine what kind of a shape I'm in?",1,1,0.7987,0.53,0,0.9613,0.9524,0.0089,-0.0089,Denial|Rationalization,,Accusation:0.449 | Shaming or Belittlement:0.445 | Persuasion or Seduction:0.416,,Low self-esteem,Low self-esteem:0.552 | Over-responsibility:0.223 | Over-intellectualization:0.117,85515555 || 85515186 || 85517506,0 || 1 || 1,0.9613 || 0.9524 || 0.9462, || Persuasion or Seduction || Accusation, || Over-intellectualization || 
85518266,"Person1: Jon, I do not want to hear it. Person2: I'm sorry. Look -- there's a gas storm on the Valles Marineris . . . Person1: Oh God. I'm no more than a bug on a windshield to you. Person2: You're the only human being I care for. Person1: Then do me a favor. If the world's going to end, it shouldn't matter a bit. I want you to cure me. Person2: I won't do that. Person1: You have the power to do it. I want you to do it. Please. Person2: I explained this. I can't. That's not the way it happens. Person1: Jon. If you ever loved me -- if there's anything human left in you -- then do it.",1,1,0.8676,0.53,0,0.9506,0.9476,0.0029,0.0041,Accusation|Persuasion or Seduction,Persuasion or Seduction|Playing Victim Role|Playing Servant Role,Persuasion or Seduction:0.538 | Playing Victim Role:0.527 | Playing Servant Role:0.497,,Dependency,Dependency:0.624 | Over-responsibility:0.249 | Naivete:0.128,85514820 || 85515736 || 85516167,1 || 1 || 0,0.9506 || 0.9476 || 0.9464,Brandishing Anger|Rationalization|Intimidation || Playing Servant Role|Persuasion or Seduction || , || Naivete || 
85514969,"Person1: HEY!!! Person2: Show's over unless I get to see what you've been working on after hours. Person1: I haven't been working on anything. Person2: Do I get to see it or not? Person1: Bastard... Sheila, don't go anywhere. I'll be right back.",1,1,0.6914,0.53,0,0.9559,0.9487,0.0072,0.0121,Intimidation,Brandishing Anger|Shaming or Belittlement|Intimidation,Brandishing Anger:0.545 | Shaming or Belittlement:0.482 | Intimidation:0.455,,Dependency,Dependency:1.000 | Low self-esteem:0.200,85515796 || 85517113 || 85514468,1 || 1 || 1,0.9559 || 0.9487 || 0.9477,Shaming or Belittlement|Accusation || Accusation || Playing Servant Role|Persuasion or Seduction, ||  || Dependency
85516843,"Person1: Honey, Rose was born on a farm and has terrible memories of farm life. Now I don't think -- Person2: Just a minute, Rose, you don't understand. This isn't a dirt farm like the one you were born on, it's nice. A neighbor of Cousin Hop's, I talked to him on the phone, a fine man... it's not a farm, damn it, it's a beautiful dairy establishment! Stop crying, Rose! Do you hear me? Stop crying, it's ideal! Person1: I don't know how you can call it ideal -- don't you know what the word ""farm"" means to her? Person2: I don't give a hoot in hell's hollow what it means to her! She can't stay in this house forever! I fired her, damn it! Person1: It sounds like a farm to me. Calling it a dairy establishment, that's just trickery and flummery. Person2: Trickery and flummery or not, she's going there tomorrow on the bus! It's settled! And I must say we've been more than fair to you, Rose, it's pretty selfish and mean hearted of you to sit there and cry like that!",1,1,0.8469,0.53,0,0.9647,0.9623,0.0025,0.0045,Accusation,Shaming or Belittlement|Accusation|Brandishing Anger,Shaming or Belittlement:0.605 | Accusation:0.558 | Brandishing Anger:0.499,,Dependency,Dependency:0.499 | Naivete:0.254 | Low self-esteem:0.247,85515613 || 85518412 || 85518907,1 || 1 || 0,0.9647 || 0.9623 || 0.9602,Persuasion or Seduction || Shaming or Belittlement|Brandishing Anger|Accusation || , ||  || 
85515534,"Person1: Merde... Wait here. When I return you tell me about last night, huh? Person2: But... I don't remember anything, I swear... Person1: I leave these open. Maybe something comes back to you.",1,0,0.4722,0.53,0,0.9527,0.9524,0.0003,-0.0003,Denial|Persuasion or Seduction,,Denial:0.608 | Evasion:0.577 | Feigning Innocence:0.401,Naivete,,Dependency:0.400 | Over-responsibility:0.397 | Naivete:0.204,85519043 || 85516120 || 85516453,0 || 1 || 0,0.9527 || 0.9524 || 0.9487, || Denial || , || Naivete || 
85518521,"Person1: Thank you. Person2: Oh, you are very welcome... Lord knows how I love a man in uniform.",0,0,0.241,0.53,0,0.9236,0.9064,0.0173,-0.0184,,,Persuasion or Seduction:0.615 | Shaming or Belittlement:0.363 | Evasion:0.306,,,Dependency:0.626 | Over-responsibility:0.374,85515638 || 85516992 || 85517028,0 || 0 || 1,0.9236 || 0.9064 || 0.9052, ||  || Persuasion or Seduction, ||  || Over-responsibility
85516079,"Person1: Um... Harry? Did I ever keep the books here? Person2: No, your mother did, then I did after she passed. Person1: Well, I'm the first one to admit that I don't know anything about bookkeeping, but there are some very interesting things in here.",0,0,0.3304,0.53,0,0.9168,0.9156,0.0012,-0.0025,,,Denial:0.642 | Evasion:0.592 | Feigning Innocence:0.503,,,Naivete:0.403 | Dependency:0.399 | Over-responsibility:0.198,85515254 || 85514520 || 85514671,0 || 0 || 1,0.9168 || 0.9156 || 0.9143, ||  || Denial|Accusation, ||  || Naivete
85514736,"Person1: You givin' me that look. I gotta accept your word, but if I find out anythin', I'm gonna kill somebody... Person2: So, go ahead. Kill everybody. Kill Salvy, kill Vickie, kill Tommy Como, kill me while you're at it. What do I care? You're killing yourself the way you're eating, the way you worry about things you don't have to worry about. Person1: What do you mean, ""you""? Person2: What? Person1: What do you mean, ""you""? Person2: I meant, kill everybody. You or me or anybody. You're a big shot. Kill, kill... g'head. Person1: But you said ""you."" Person2: So what? Person1: Eh, Joey, even you don't know what you meant. You mentioned Salvy, Tommy Como, you -- that means somethin'. Why'd you say them? You coulda said anybody. Person2: You're worried about this girl, you're gonna let this girl ruin you're life for you... You wanna worry, worry about your freakin' stomach that you can't bend over -- that you gotta step in the ring in a month. Person1: Did you ever be with my wife? Person2: What? Person1: I don't mean now. I mean before -- before we met. Person2: Whadda ya mean? Person1: Did you ever be with my wife? Person2: Whatsa matter with you? Person1: You're very smart, Joey, very smart. Nobody gives me a straight answer around here. You're givin' me these answers, but you still didn't answer my question. Did you be with Vickie? Person2: I gotta go. I gotta get outta here. I can't take this stuff. Lenore is waitin' for me. I gotta go. You're a definite wacko. You're crazy, you know that, crazy.",1,1,0.8597,0.53,0,0.9729,0.9679,0.005,0.9729,Accusation,Intimidation|Brandishing Anger|Accusation,Intimidation:0.537 | Brandishing Anger:0.481 | Accusation:0.454,,Dependency,Dependency:0.596 | Over-responsibility:0.301 | Low self-esteem:0.201,85518164 || 85516178 || 85518484,1 || 1 || 1,0.9729 || 0.9679 || 0.9677, || Feigning Innocence|Playing Victim Role || Intimidation,Over-responsibility || Low self-esteem || Dependency
85515602,"Person1: Well, I'm trying to figure out if you're stupid, unlucky, gluttonous -- or some new alloy of all three. Person2: Good to see you again, too, sir. Person1: Okay, O'Neil. So you've impressed all the others. Now try me.",1,0,0.503,0.53,0,0.9154,0.9075,0.0079,0.0115,Shaming or Belittlement,,Shaming or Belittlement:0.599 | Persuasion or Seduction:0.499 | Accusation:0.291,,,Low self-esteem:0.494 | Over-responsibility:0.257 | Dependency:0.249,85516938 || 85518804 || 85519025,1 || 1 || 0,0.9154 || 0.9075 || 0.9039, || Playing Victim Role|Shaming or Belittlement || , || Over-responsibility || 
85515153,"Person1: I just meant that maybe you could manage your time better. It wasn't a criticism. Person2: You always take things the wrong way. I've been juggling a lot lately. Person1: I'm trying to help, Kyle. But you see everything as an attack. Person2: Maybe if you approached things differently, I wouldn't feel that way.",1,1,0.7565,0.53,0,0.9168,0.9168,0.0,0.0187,Playing Victim Role|Accusation,Rationalization|Feigning Innocence|Accusation,Rationalization:0.575 | Feigning Innocence:0.532 | Accusation:0.465,,Dependency,Dependency:0.658 | Low self-esteem:0.342 | Over-responsibility:0.329,85518585 || 85519262 || 85517942,1 || 1 || 1,0.9168 || 0.9168 || 0.9142,Feigning Innocence || Accusation|Rationalization || , ||  || 
85517387,"Person1: You know I hate surprises, especially in front of large groups. Person2: I thought the surprise birthday party would be different, that you'd love it. Person1: You should have known how I would feel. It put me on the spot and made me really uncomfortable. Person2: I genuinely thought I was doing something nice. I'm sorry for not thinking it through.",1,1,0.6608,0.53,0,0.8773,0.8595,0.0178,0.0178,Accusation|Feigning Innocence,Feigning Innocence|Rationalization|Persuasion or Seduction,Feigning Innocence:0.712 | Rationalization:0.582 | Persuasion or Seduction:0.468,,,Dependency:0.363 | Naivete:0.258 | Over-responsibility:0.144,85516925 || 85518906 || 85514920,1 || 0 || 1,0.8773 || 0.8595 || 0.855,Rationalization ||  || Rationalization|Feigning Innocence,Over-responsibility ||  || Naivete
85515159,"Person1: My mistake. I apologize. Person2: What made you ask such a question? Person1: I thought that's what we were doing -- asking questions. Person2: I thought we were just having a conversation. You seem to be reading all this meaning into it. Meanings I must be too simple to, uh... interpret or something. Person1: I already apologized.",1,1,0.7024,0.53,0,0.8974,0.897,0.0005,0.0151,Feigning Innocence,Feigning Innocence|Accusation|Denial,Feigning Innocence:0.623 | Accusation:0.539 | Denial:0.525,,Low self-esteem,Low self-esteem:0.503 | Dependency:0.250 | Naivete:0.247,85515203 || 85514960 || 85515722,1 || 1 || 1,0.8974 || 0.897 || 0.8926,Accusation ||  || Intimidation, ||  || 
85518947,"Person1: This was my first classroom, John, did you know that? My first desk. Person2: I didn't know you taught. Person1: English. Way before your time. It was hard giving it up, I'll tell you. I'm hearing rumors, John, of some unusual teaching methods in your classroom. I'm not saying they have anything to do with the Dalton boy's outburst, but I don't think I have to warn you that boys his age are very impressionable. Person2: Your reprimand made quite an impression I'm sure. Person1: What was going on in the courtyard the other day? Person2: Courtyard? Person1: Boys marching. Clapping in unison. Person2: Oh that. That was an exercise to prove a point. About the evils of conformity. Person1: John, the curriculum here is set. It's proven. It works. If you question it, what's to prevent them from doing the same? Person2: I always thought education was learning to think for yourself. Person1: At these boys' age? Not on your life! Tradition, John. Discipline. Prepare them for college, and the rest will take care of itself.",0,1,0.7375,0.53,0,0.9418,0.9347,0.0071,0.008,,Shaming or Belittlement|Persuasion or Seduction|Accusation,Shaming or Belittlement:0.552 | Persuasion or Seduction:0.511 | Accusation:0.472,,,Over-responsibility:0.256 | Low self-esteem:0.253 | Dependency:0.246,85516081 || 85515059 || 85516852,1 || 1 || 0,0.9418 || 0.9347 || 0.9338,Shaming or Belittlement|Accusation|Brandishing Anger || Shaming or Belittlement || ,Over-responsibility || Low self-esteem || 
85518910,"Person1: I know why most of you are here. We're not stupid. But before you get to sell what we teach you over at United Airlines, you gotta give the Navy six years of your life, Sweet Pea. Lot of things can happen in six year. Another war could come up in six years. If you're too peaceful a person to dump napalm on an enemy village where there might be women and children, I'm gonna find that out. Understand? Person2: Yes, sir!",0,1,0.7754,0.53,0,0.9538,0.9458,0.008,-0.008,,Persuasion or Seduction,Persuasion or Seduction:0.540 | Intimidation:0.446 | Shaming or Belittlement:0.431,,Dependency,Dependency:0.751 | Naivete:0.248 | Over-intellectualization:0.124,85518472 || 85518808 || 85517697,0 || 1 || 1,0.9538 || 0.9458 || 0.9448, || Persuasion or Seduction || Shaming or Belittlement|Accusation, || Dependency || Dependency
85514466,"Person1: Your money may have been well invested, my friend. Something important may come of all this. Person2: Something important has got to come of it! Do you know that the rent on this place isn't paid? Person1: Is that a fact? Person2: No -- I'm lying to amuse myself! Now look here, I've an idea that will get us out of all this. We haven't twopence between us, but we've got these. Person1: Fire insurance! Person2: Yes, there's our way out. A fire in this place would give us ten thousand pounds.",0,1,0.6514,0.53,0,0.9423,0.9415,0.0008,-0.0052,,Persuasion or Seduction,Persuasion or Seduction:0.540 | Brandishing Anger:0.399 | Shaming or Belittlement:0.393,,Dependency,Dependency:0.505 | Low self-esteem:0.248 | Naivete:0.124,85515828 || 85518664 || 85515185,0 || 0 || 1,0.9423 || 0.9415 || 0.9371, ||  || , ||  || 
85517359,Person1: I had a lunch break so I thought I'd come by and see you. Your teacher is a fox! Why don't we discuss that after class. But the burning is totally normal. Oh look. Class is over already. Person2: I thought this was a 45-minute seminar. Person1: Right. Right.,0,1,0.6601,0.53,0,0.955,0.9438,0.0111,0.0195,,Shaming or Belittlement|Evasion,Shaming or Belittlement:0.528 | Evasion:0.490 | Feigning Innocence:0.435,,Low self-esteem,Low self-esteem:0.668 | Dependency:0.332 | Naivete:0.163,85518119 || 85515185 || 85516809,1 || 1 || 1,0.955 || 0.9438 || 0.9412,Shaming or Belittlement|Persuasion or Seduction ||  || Shaming or Belittlement|Accusation,Low self-esteem ||  || 
85516082,"Person1: Let him out of here, Lieutenant. Person2: But, Hildy, I can't. He's accused of stealing a watch. And they found the watch on him. Person1: And who accused him? Diamond Louis! One of the worst crooks in town! Why don't you arrest Louis instead of innocent people that he frames? Person2: Now, Hildy -- Person1: Don't Hildy me! Are you going to let him out? Person2: I can't. Person1: All right. You can't. But tomorrow the Post will run the story of that roulette game on 43rd Street that your brother-in-law runs. And we'll print that you get five hundred a month for forgetting about it! Person2: Now, Hildy, don't be hasty! I can't let him out. Person1: You can let him out on bail, can't you? Person2: Five hundred dollars. Person1: You'll take fifty and like it! Person2: Well, all right. But I'm liable to get into a jam.",1,1,0.8547,0.53,0,0.9594,0.9582,0.0012,0.0012,Intimidation|Accusation,Brandishing Anger|Intimidation,Brandishing Anger:0.568 | Intimidation:0.507 | Accusation:0.429,Dependency,Dependency,Dependency:0.834 | Low self-esteem:0.332 | Over-responsibility:0.168,85518641 || 85517215 || 85519082,1 || 1 || 0,0.9594 || 0.9582 || 0.9581,Persuasion or Seduction || Intimidation || , ||  || 
85519215,"Person1: You have no idea what precipitated his behavior? Person2: ... And now he's holding our people hostage down there... Person1: The Enterprise can be at your position in two days, Admiral... Person2: That's probably not a good idea. Your ship hasn't been fitted for this region; there are environmental concerns... Person1: What kind of concerns? Person2: We haven't fully identified the anomalies yet. They're calling this whole area The Briar Patch... it took us a day to reach a location where we could get a signal out to you. Just get me Data's schematics. I'll keep you informed. Dougherty out.",0,1,0.5806,0.53,0,0.9497,0.9473,0.0023,0.0023,,Intimidation,Intimidation:0.489 | Persuasion or Seduction:0.444 | Denial:0.438,,Dependency,Dependency:0.669 | Over-responsibility:0.167 | Naivete:0.164,85514461 || 85518070 || 85514756,1 || 0 || 1,0.9497 || 0.9473 || 0.9367,Rationalization|Persuasion or Seduction|Intimidation ||  || ,Dependency ||  || 
85518380,Person1: Would you mind walking ahead of me to the sun porch. I feel funny about coming into a dark house. Person2: But it's light in there now. Person1: Please.,0,0,0.2832,0.53,0,0.894,0.8884,0.0057,-0.0164,,,Evasion:0.565 | Feigning Innocence:0.548 | Denial:0.462,,,Naivete:0.644 | Low self-esteem:0.356,85519237 || 85517080 || 85515362,0 || 0 || 1,0.894 || 0.8884 || 0.8776, ||  || Persuasion or Seduction, ||  || Low self-esteem
85516166,"Person1: Come on. Person2: What's the matter? Person1: What do you mean, 'What's the matter?' I made a lot of money for you. I want my cut. Person2: What money? I've seen you stealing from me. Person1: What money? Look at this stack of chips. Don't give me that shit. I want my end. Person2: Ginger, I've been watching you all night. You've been stealing from me. Person1: Don't give me that shit. I want my money. Person2: That bag's full of chips you stole. Person1: What do you mean 'stole'? I didn't steal anything from you.",1,1,0.8932,0.53,0,0.9575,0.9541,0.0034,0.0138,Denial,Intimidation|Brandishing Anger|Accusation,Intimidation:0.574 | Brandishing Anger:0.562 | Accusation:0.528,,Over-responsibility,Over-responsibility:0.497 | Dependency:0.335 | Naivete:0.168,85515310 || 85517186 || 85517574,1 || 1 || 1,0.9575 || 0.9541 || 0.952,Intimidation|Accusation || Brandishing Anger || Shaming or Belittlement|Intimidation|Persuasion or Seduction, || Dependency || 
85518881,"Person1: You're all just jealous. Person2: Actually, I have no idea what the World's Record is. I was just kidding.",0,1,0.6006,0.53,0,0.9297,0.9205,0.0092,-0.0092,,Shaming or Belittlement|Denial|Evasion,Shaming or Belittlement:0.620 | Denial:0.586 | Evasion:0.544,,Low self-esteem,Low self-esteem:1.000,85516351 || 85518246 || 85516491,0 || 1 || 1,0.9297 || 0.9205 || 0.9175, || Rationalization || Feigning Innocence, ||  || 
85517656,Person1: I've come to strike a bargain with you. I wish to learn the power of changing. Person2: And what would'st I gain from this bargain? Person1: Your life. Person2: How?,1,0,0.4321,0.53,0,0.8559,0.8523,0.0036,0.0083,Persuasion or Seduction,,Persuasion or Seduction:0.613 | Intimidation:0.477 | Playing Victim Role:0.330,Dependency,,Dependency:0.552 | Over-responsibility:0.232 | Naivete:0.215,85517085 || 85518684 || 85514722,1 || 1 || 0,0.8559 || 0.8523 || 0.8475,Persuasion or Seduction || Persuasion or Seduction || ,Over-responsibility ||  || 
85518704,Person1: Don't even tell me you're hot for Miss Titty Pom Poms over there. Person2: Christy's a very talented journalist. I see a Pulitzer in her future. Person1: I didn't know they gave them for Best Lip Gloss Retention During a Blow Job. Person2: Me-ow. Person1: Go ahead. Ask her to the prom. Get it over with. Person2: I have absolutely no intention-- Person1: --Do it. I triple-dog-dare you.,1,1,0.6731,0.53,0,0.9373,0.9358,0.0015,-0.0015,Persuasion or Seduction,Intimidation,Intimidation:0.512 | Brandishing Anger:0.400 | Evasion:0.371,,Dependency,Dependency:0.856 | Over-responsibility:0.144,85514507 || 85516885 || 85518114,0 || 1 || 1,0.9373 || 0.9358 || 0.9358, || Brandishing Anger|Persuasion or Seduction || Intimidation, ||  || 
85514802,"Person1: All right then, if I have to go to school then I'd better go. Person2: Why? I just read your report card. What's the point? Stay home, watch some television, we'll get ""Mad"" magazine delivered. What kind of report card do you call this?! Person1: I've been going through a lot of personal crap, all right? Person2: Oh really? You've been going through a lot of personal crap. You, Princess Di and Madonna?",1,1,0.6684,0.53,0,0.9539,0.9522,0.0017,-0.0017,Shaming or Belittlement,Shaming or Belittlement|Evasion,Shaming or Belittlement:0.481 | Evasion:0.460 | Accusation:0.421,,Low self-esteem,Low self-esteem:0.597 | Dependency:0.400 | Naivete:0.201,85516351 || 85517164 || 85515552,0 || 1 || 1,0.9539 || 0.9522 || 0.9516, || Rationalization|Brandishing Anger || , || Dependency || 
85518640,"Person1: I distinctly heard it. He muttered under his breath, ""Jew."" Person2: You're crazy! Person1: No, I'm not. We were walking off the tennis court, and you know, he was there and me and his wife, and he looked at her and then they both looked at me, and under his breath he said, ""Jew."" Person2: Alvy, you're a total paranoid. Person1: Wh- How am I a paran-? Well, I pick up on those kind o' things. You know, I was having lunch with some guys from NBC, so I said... uh, ""Did you eat yet or what?"" and Tom Christie said, ""No, didchoo?"" Not, did you, didchoo eat? Jew? No, not did you eat, but Jew eat? Jew. You get it? Jew eat? Person2: Ah, Max, you, uh... Person1: Stop calling me Max. Person2: Why, Max? It's a good name for you. Max, you see conspiracies in everything. Person1: No, I don't! You know, I was in a record store. Listen to this- so I know there's this big tall blond crew-cutted guy and he's lookin' at me in a funny way and smiling and he's saying, ""Yes, we have a sale this week on Wagner."" Wagner, Max, Wagner- so I know what he's really tryin' to tell me very significantly Wagner. Person2: Right, Max. California, Max. Person1: Ah. Person2: Let's get the hell outta this crazy city. Person1: Forget it, Max. Person2: We move to sunny L.A. All of show business is out there, Max. Person1: No, I cannot. You keep bringing it up, but I don't wanna live in a city where the only cultural advantage is that you can make a right turn on a red light. Person2: Right, Max, forget it. Aren't you gonna be late for meeting Annie? Person1: I'm gonna meet her in front of the Beekman. I think I have a few minutes left. Right?",0,1,0.7313,0.53,0,0.9639,0.9581,0.0058,0.0196,,Persuasion or Seduction,Persuasion or Seduction:0.470 | Shaming or Belittlement:0.449 | Evasion:0.403,,Dependency,Dependency:0.716 | Over-responsibility:0.286 | Low self-esteem:0.145,85517490 || 85516041 || 85518622,1 || 1 || 1,0.9639 || 0.9581 || 0.9575,Persuasion or Seduction || Playing Victim Role|Shaming or Belittlement || , ||  || Dependency|Low self-esteem|Over-responsibility
85517288,Person1: They are all Tutsi cockroaches. Person2: Let me explain.,0,0,0.3912,0.53,0,0.9196,0.9147,0.0048,-0.0107,,,Intimidation:0.567 | Evasion:0.544 | Denial:0.487,,,Naivete:0.430 | Dependency:0.286 | Low self-esteem:0.143,85514481 || 85518248 || 85518759,0 || 0 || 0,0.9196 || 0.9147 || 0.9143, ||  || , ||  || 
85514905,"Person1: I still ask, why do they want disarmament? Person2: Well, for the same reasons we do, sir. Don't you see? Person1: No, Major, I don't. They have no regard for human life. They wouldn't care if they lost their whole country as long as they won. Person2: Gee, sir, that last remark doesn't exactly make all the sense in the world. Person1: Major, you're talking like one of them! Person2: Well, I'm not, sir. Honestly, sir. Person1: Don't be offended, Major. Our President holds the same views. Person2: Don't you think he knows something about this, General Ripper? Person1: I'll tell you what I do think. If they say they're for disarmament, I say anyone who says they're for disarmament is either a traitor or a damned fool. Person2: But, General, we're on our toes. We haven't agreed to anything for years. Inffact, a a lot of people say we never will. Person1: But if they suddenly opened up and gave us the inspection we want, we'd agree, wouldn't we? Person2: If they gave us what we think we need, yes, I guess we would. Person1: And you'd like to see that? Person2: General, what's good enough for the President and all the experts he's got working on the thing, is good enough for me. Person1: Do you think we'd cheat? Person2: No, sir. I'm sure we wouldn't. Person1: Do you think they would cheat? Person2: Look, sir. I'm no expert on the subject, but I've read some pretty sharp ideas the big boys have. Like, say, both countries agreeing to a million dollar reward and international protection for anyone who gives evidence of cheating to the inspectors. You can't hide those things without a lot of people knowing about it. And if I were going to try and hide a few, I wouldn't want to depend on the fact that some poor slob isn't going to run and blab for a million bucks. We're as smart as they are, and if they cheat, or even hold back information, we'd pull right out. Person1: Major, I hate to say this, but I think you've been enemy indoctrinated, and you don't even know it.",1,1,0.8629,0.53,0,0.9513,0.9482,0.0031,0.0054,Accusation,Shaming or Belittlement|Rationalization,Shaming or Belittlement:0.535 | Rationalization:0.479 | Persuasion or Seduction:0.430,Low self-esteem,,Dependency:0.377 | Over-intellectualization:0.253 | Low self-esteem:0.251,85517131 || 85514930 || 85515975,1 || 1 || 1,0.9513 || 0.9482 || 0.9471, || Shaming or Belittlement || Rationalization,Over-intellectualization || Dependency|Low self-esteem || 
85514448,"Person1: Well, there was a time when you were very happy to be only with me. You wanted to learn everything about poetry, about music. Person2: Mm-hm. Person1: Have I really taught you everything I have to give? I don't think so.",0,0,0.3908,0.53,0,0.9082,0.9005,0.0077,0.0077,,,Persuasion or Seduction:0.677 | Feigning Innocence:0.480 | Playing Servant Role:0.344,,,Dependency:0.606 | Naivete:0.197 | Over-responsibility:0.197,85517660 || 85515638 || 85514511,1 || 0 || 0,0.9082 || 0.9005 || 0.8978,Persuasion or Seduction ||  || , ||  || 
85514876,"Person1: You're all packed. And here's your bus ticket. You're on your way back to St. Anne's. Person2: Pop, I'm not ready to go back yet. Person1: Edie, for years we pushed quarters into a cookie jar, to keep you up there with the Sisters, and to keep you from things like I just seen out the window. My own daughter arm-in-arm with Terry Malloy. You know who Terry Malloy is? Person2: Who is he, Pop? Person1: Who is he! Edie, you're so softhearted and soft-headed you wouldn't recognize the devil if he had you by the throat. You know who this Terry Malloy is? The kid brother of Charlie the Gent, Johnny Friendly's right hand, a butcher in a camel hair coat. Person2: Are you trying to tell me Terry is too? Person1: I'm not trying to tell you he's Little Lord Fauntleroy. Person2: He tries to act tough, but there's a look in his eyes that... . Person1: A look in his eyes! Hold your hats, brother, here we go again. You think he's one of those cases you're always draggin' in and feelin' sorry for. Like the litter of kittens you hadthe only one she wants to keep has six toes and it's cockeyed to boot. Look at him. The bum! And the crush you had on that little Abyssinian... . Person2: He wasn't Abyssinian, Pop, Assyrian... . Person1: Six-toed cats. Assyrians. Abyssinians. It's the same difference. Well don't think this Terry Malloy is any six-toed cockeyed Assyrian. He's a bum. Charley and Johnny Friendly owned him when he was a fighter and when they ring the bell he still goes into action. Person2: He wanted to see me again. Person1: You think we kept you out in Tarrytown just to have you go walkin' with a corner saloon hoodlum like Terry Malloy? Now get back to Tarrytown, before I put a strap to you. Person2: And learn about charity and justice and all the other things people would rather talk about than practice? Pop goes up to her and holds out his two arms, his right one closer to Edie; he trembles with emotion. Person1: See this arm? It's two inches longer 'n the other one. That's years of workin' and sweatin', liftin' and swingin' a hook. And every time I heisted a box or a coffee bag I says to myselfthis is for Edie, so she can be a teacher or somethin' decent. I promised your mother. You better not let her down.",1,1,0.7138,0.53,0,0.9521,0.9506,0.0016,0.0057,Intimidation,Shaming or Belittlement|Persuasion or Seduction,Shaming or Belittlement:0.585 | Persuasion or Seduction:0.536 | Rationalization:0.359,,Low self-esteem|Dependency,Low self-esteem:0.667 | Dependency:0.661 | Over-responsibility:0.329,85518945 || 85517490 || 85518277,1 || 1 || 1,0.9521 || 0.9506 || 0.9495,Shaming or Belittlement || Persuasion or Seduction || Shaming or Belittlement,Low self-esteem ||  || 
85515994,"Person1: What I'm saying is don't trust anyone. Find yourself a weapon of some sort. Person2: I can trust Rheya. Person1: You'll end up like me. Person2: You're not Gibarian... Person1: No? Who am I, then? Person2: A puppet. Person1: And you're not? Maybe you're my puppet. But like all puppets, you think you're actually human. It's The Puppet's Dream. Wondering if they're human!",1,1,0.6776,0.53,0,0.9406,0.9377,0.0029,0.0029,Shaming or Belittlement|Intimidation,Denial,Denial:0.502 | Persuasion or Seduction:0.446 | Accusation:0.376,,Dependency,Dependency:0.663 | Naivete:0.337,85518763 || 85519043 || 85518712,1 || 0 || 1,0.9406 || 0.9377 || 0.9349,Intimidation|Denial ||  || , ||  || Naivete
85518382,"Person1: Is there something the matter with it? Person2: Oh! No! No... of course not... it's just I hadn't expected it to be quite so big. Person1: Well, it's not called the Horn Resounding for nothing. You DO know how to play the horn, don't you? Person2: Yes... oh, yes... Person1: Then I expect you'll be leaving first thing in the morning.",0,0,0.4901,0.53,0,0.9541,0.949,0.0051,0.0076,,,Evasion:0.660 | Denial:0.598 | Shaming or Belittlement:0.418,,,Dependency:0.664 | Low self-esteem:0.170 | Naivete:0.166,85515296 || 85518391 || 85518746,1 || 1 || 0,0.9541 || 0.949 || 0.9464,Denial || Shaming or Belittlement|Accusation || , ||  || 
85518765,"Person1: Jack and Bobby are good men. But it takes a certain character, moral toughness to stand up to -- Person2: -- You listen to me. Nobody, nobody, talks about my friends that way. You're here right now because of the Kennedys. They may be wrong. They make mistakes. But they're not weak. The weak ones are these 'people' who can't speak their own minds. Person1: You know I don't mean they're weak.",1,1,0.6838,0.53,0,0.9241,0.9167,0.0075,-0.0075,Shaming or Belittlement|Denial,Persuasion or Seduction|Rationalization,Persuasion or Seduction:0.633 | Rationalization:0.527 | Intimidation:0.390,,Dependency,Dependency:0.572 | Low self-esteem:0.285 | Naivete:0.143,85517505 || 85516853 || 85517133,0 || 1 || 1,0.9241 || 0.9167 || 0.9164, || Intimidation || Persuasion or Seduction, ||  || 
85517048,"Person1: Are you making an ass of yourself? Person2: There's only you, Ryan. You know what, Ryan? You're beautiful. I love you so much... You need... Person1: I don't need a drug. Person2: You need a good review and you'll be fine. The whole color of the world will change, mark my words.",1,1,0.7547,0.53,0,0.9267,0.9234,0.0033,-0.0057,Persuasion or Seduction,Persuasion or Seduction,Persuasion or Seduction:0.645 | Playing Servant Role:0.400 | Shaming or Belittlement:0.390,,,Naivete:0.257 | Low self-esteem:0.250 | Over-responsibility:0.247,85516952 || 85518498 || 85514568,0 || 0 || 1,0.9267 || 0.9234 || 0.9211, ||  || Persuasion or Seduction, ||  || Naivete
85516472,Person1: They say I'm lucky because I can't remember the accident. Person2: Don't even try to remember.,0,1,0.5472,0.53,0,0.9023,0.9002,0.0021,-0.0055,,Denial,Denial:0.492 | Persuasion or Seduction:0.416 | Evasion:0.404,,,Naivete:0.404 | Over-responsibility:0.398 | Over-intellectualization:0.197,85516242 || 85515415 || 85516120,0 || 0 || 1,0.9023 || 0.9002 || 0.8968, ||  || Denial, ||  || Naivete
85518671,"Person1: Of all the crazy things. I understood when you dropped out of law school. And during this whole mess, I've tried to be supportive. But, really, Letty, what can you be thinking? Person2: I love him. Person1: You're going to throw away our life together for some shared experience with a looney-tune that you misguidedly think is love? Person2: Here's the ring. Person1: No way. You keep the ring. You'll come to your senses.",1,1,0.8374,0.53,0,0.945,0.9447,0.0003,0.0003,Shaming or Belittlement,Persuasion or Seduction,Persuasion or Seduction:0.534 | Playing Servant Role:0.450 | Rationalization:0.420,Dependency,Dependency,Dependency:0.713 | Naivete:0.144 | Over-intellectualization:0.143,85517113 || 85514738 || 85515560,1 || 0 || 1,0.945 || 0.9447 || 0.9446,Accusation ||  || Persuasion or Seduction, ||  || Dependency
85515446,"Person1: Now I'm the one who's nauseous. So what's the deal? What do you need me for? Person2: There's some folks I want to keep tabs on. Dirty, tattooed, uncivilized. Your kind of people. Person1: What do I get out of it? Person2: If you find out what I want to know, and if I'm able to successfully use that information, you get to go back to your degenerate little life. If not, you take a bath. Person1: You're one sick bastard. A sadist with a badge looking to rope me in to a suicide mission. I think no matter which way I go I'm likely to wind up face down on a sheet of plastic. So here's my answer",1,1,0.7632,0.53,0,0.9494,0.9403,0.0091,0.0297,Intimidation,Shaming or Belittlement|Persuasion or Seduction,Shaming or Belittlement:0.558 | Persuasion or Seduction:0.452 | Intimidation:0.426,Dependency,Dependency,Dependency:0.670 | Low self-esteem:0.330 | Naivete:0.330,85515556 || 85515950 || 85518592,1 || 1 || 1,0.9494 || 0.9403 || 0.9355,Rationalization || Persuasion or Seduction || Accusation, ||  || 
85517974,"Person1: I'll take them up to my mother's if it'll make you feel better. Spend a week. I'll change the locks, the phone lines, I'll even get a bodyguard, all right? Elizabeth, get a hold of yourself. Person2: Jim, before this Kennedy thing, nothing mattered to you in this life more than your children. The other night Jasper tried to show you a drawing. You didn't even notice he was there. He came to me bawling his little eyes out. Jim, he's sensitive - he needs more from you. Person1: I promise I'll make more time for Jasper. Person2: Is it such a chore? I don't understand you. Person1: Damn it, if I say I'll spend more time with him, I'll spend more time with him. I can't fight you and the world too, Liz. Person2: I'm not fighting you, Jim, I'm just trying to reach you. You've changed. Person1: Of course, I've changed! My eyes have opened, and once they're open, believe me, what used to look normal seems insane! And now King. Don't you think this has something to do with that? Can't you see? Person2: I don't want to see, goddammit! I'm tired. I've had enough! They say you don't have anything anyway! Everybody in town's talking. You're ruining this man Shaw's life! You're attacking him because he's homosexual! Going ahead with this stupid ""trial""! Did you ever once stop and consider what he's going through? Person1: That's not why I'm attacking him! You don't believe me - all this time you never believed me. Person2: Oh, I don't know anymore! I believe there was a conspiracy, but not the government. I just want to raise our children and live a normal life! I want my life back!",1,1,0.9156,0.53,0,0.9785,0.9759,0.0026,0.0026,Accusation,Accusation|Shaming or Belittlement|Playing Victim Role,Accusation:0.531 | Shaming or Belittlement:0.506 | Playing Victim Role:0.451,,Dependency|Over-responsibility,Dependency:0.670 | Over-responsibility:0.500 | Naivete:0.165,85514553 || 85519082 || 85515570,1 || 0 || 1,0.9785 || 0.9759 || 0.9758,Accusation ||  || Accusation|Shaming or Belittlement,Dependency|Over-responsibility ||  || 
85515830,"Person1: How can you have any happiness after that? All through the years you'll remember that a man went to the gallows because you were too selfish to wait two hours! I tell you, Earl Williams' face will come between you on the train tonight -- and at the preacher's tomorrow -- and all the rest of your lives! Person2: What a performance! Bravo! Don't let him fool you, Bruce -- it's only an act! Person1: What do you mean, only an act? Haven't you got any feeling? Person2: Well, it's either an act on your part or a miracle on Sweeney's. Person1: What do you mean? Person2: I happen to know Sweeney was married only three months ago. If he's got twins this morning, I claim it was done with mirrors. Person1: All right, Hildy, I'm licked. But I'll make you and Bruce a business proposition. Person2: We're not interested. Person1: Maybe you'll be. You're a smart young man. You let Hildy do this story for me and you can write out a $100,000.00 insurance policy for me. What do you say?",1,1,0.8126,0.53,0,0.9724,0.9654,0.0071,0.0157,Persuasion or Seduction,Accusation|Shaming or Belittlement,Accusation:0.543 | Shaming or Belittlement:0.500 | Persuasion or Seduction:0.393,,Dependency,Dependency:0.636 | Low self-esteem:0.367 | Over-responsibility:0.094,85518622 || 85515669 || 85514805,1 || 1 || 1,0.9724 || 0.9654 || 0.9635, || Evasion|Accusation || Shaming or Belittlement,Dependency|Low self-esteem|Over-responsibility ||  || Low self-esteem
85517486,"Person1: I told you. If we... you know do it, they go away until ... we're done. Person2: I know, but even if they go away, everybody in America knows what we're doing because... they went away. Person1: So? What do they think -- we're not kids -- Person2: I know, I ... Person1: Shari, I really like you... Person2: I really like you too... Person1: ...if this ... ... weren't here... ? Person2: ... yeah, then, but... Person1: So...? Person2: Ed... I think we should stop seeing each other.",0,1,0.6398,0.53,0,0.9338,0.931,0.0027,0.0027,,Persuasion or Seduction,Persuasion or Seduction:0.666 | Feigning Innocence:0.376 | Rationalization:0.355,,,Dependency:0.402 | Over-responsibility:0.400 | Low self-esteem:0.399,85515006 || 85519238 || 85515587,1 || 0 || 1,0.9338 || 0.931 || 0.9295,Intimidation ||  || Persuasion or Seduction|Feigning Innocence, ||  || 
85518665,"Person1: Zachory ! My boy, how goes the carnage down on 44 ? Person2: Not that well sir. I believe we have a few too many soft hearts in the building. Did we aquire a bank from Chicago or a charity ? Person1: Relax, son. They'll learn in time that you don't mess with First Bank. This is the real deal and we aim to keep it strong. My Daddy always told me that Only The Strong Survive. Person2: I thought that was Darwin, sir. Or perhaps Nietzsche ? Person1: Perhaps it was. I was in boarding school for so many years, it's hard to remember. Do you have the tape of the latest exploits from my favorite hobby ? Person2: Yes sir, I do. Last night's, fresh from the Park. Person1: I have to say, that I am glad you are such an amazing kiss ass. Person2: Thank you , sir. Sir, may I ask you a question ? Person1: Of course. Person2: While I am not morally against these little, shall we say ""hobbies"", as long as I am on the payroll, but why not something like a yacht club ? Person1: Zach, how old are you, son ? Person2: I am thirty two. Person1: And how much do we pay you annually ? Person2: I make roughly four hundred thousand a year. Person1: Zach my boy, I can spend your yearly salary in a blink. I have had that kind of money all of my life. If I wanted to, I could fly to Paris for the afternoon. My father formed this company over seventy years ago. When my brother became mentally challenged, it was put in my charge. Now running a bank of this size is very stressful. I need to relax on what little down time I have. A yacht club will not quite make my blood pressure decline. Understand ? Person2: Yes sir. Person1: I have entrusted you with a great many things. In your tenure with this company you have seen and heard things that could upset the very economic world in which we live. I think this kind of loyalty should be rewarded. Person2: Thank you, sir.",1,1,0.6336,0.53,0,0.9373,0.9317,0.0057,0.0057,Persuasion or Seduction,Persuasion or Seduction|Shaming or Belittlement,Persuasion or Seduction:0.736 | Shaming or Belittlement:0.482 | Rationalization:0.395,Dependency|Naivete,,Dependency:0.400 | Low self-esteem:0.302 | Naivete:0.200,85515821 || 85518467 || 85515847,1 || 0 || 1,0.9373 || 0.9317 || 0.9211,Intimidation|Persuasion or Seduction ||  || Rationalization|Persuasion or Seduction, ||  || 
85514962,"Person1: If you ask me... I'll say, ""yes."" Person2: There are lots of reason... I had a thought that if you had sex with Simon it might... Person1: Sex with Simon? Person2: It's one idea... Person1: That's why you brought me? Look at me! Is that really why you brought me... Like I'm a what and I owe you what?! Person2: I don't know why I brought you -- that idea occurred to me is all... It came out first... Hey, you kiss him -- me... He says he loves you. You two hit it off. But you don't want to... fine... Forget what I said about sex with Simon. It was a mistake. Person1: I'll never forget you said it. Person2: It was a mistake.",1,1,0.7494,0.53,0,0.9584,0.9547,0.0037,0.0061,Rationalization|Feigning Innocence,Persuasion or Seduction,Persuasion or Seduction:0.516 | Rationalization:0.419 | Feigning Innocence:0.413,,Dependency,Dependency:0.858 | Over-responsibility:0.428 | Low self-esteem:0.143,85515064 || 85515069 || 85518302,1 || 1 || 1,0.9584 || 0.9547 || 0.9531,Persuasion or Seduction || Accusation || Persuasion or Seduction, ||  || 
85518699,"Person1: What'd they give you? Thorazine? How much? Learn your drugs -- know your doses. Person2: I need to make a telephone call. Person1: A telephone call? That's communication with the outside world! Doctor's discretion. Hey, if alla these nuts could just make phone calls, it could spread. Insanity oozing through telephone cables, oozing into the ears of all those poor sane people, infecting them! Whackos everywhere! A plague of madness. In fact, very few of us here are actually mentally ill. I'm not saying you're not mentally ill, for all I know you're crazy as a loon. But that's not why you're here. Why you're here is because of the system, because of the economy. There's the TV. It's all right there. Commercials. We are not productive anymore, they don't need us to make things anymore, it's all automated. What are we for then? We're consumers. Okay, buy a lot of stuff, you're a good citizen. But if you don't buy a lot of stuff, you know what? You're mentally ill! That's a fact! If you don't buy things...toilet paper, new cars, computerized blenders, electrically operated sexual devices... SCREWDRIVERS WITH MINIATURE BUILT-IN RADAR DEVICES, STEREO SYSTEMS WITH BRAIN IMPLANTED HEADPHONES, VOICE- ACTIVATED COMPUTERS, AND...",1,1,0.7851,0.53,0,0.9551,0.9515,0.0035,0.0035,Brandishing Anger|Accusation,Shaming or Belittlement,Shaming or Belittlement:0.563 | Accusation:0.437 | Persuasion or Seduction:0.400,,,Dependency:0.334 | Low self-esteem:0.334 | Over-intellectualization:0.333,85516065 || 85518245 || 85517653,1 || 0 || 0,0.9551 || 0.9515 || 0.945,Rationalization ||  || , ||  || 
85519067,"Person1: And lots of orange juice--oceans of orange juice. Person2: Mrs. Wheeler is dead. Person1: All right--bring me a side order of Mrs. Wheeler. Oh, hell--sit down, Colonel. Penelope will bring you some chow. Person2: That is the most heartless statement I ever heard pass between human lips. Person1: Which one? Person2: ""Bring me a side order of Mrs. Wheeler."" Person1: She's up in Heaven now. She didn't hear. She is experiencing nothing but pure happiness. There's nothing nicer than that. Chow! Harold Ryan wants chow! Person2: What a honeymoon. Person1: Honeymoon temporarily canceled. The boy should still go out and exercise. I have the impression he never gets any exercise. He simply bloats himself with Fig Newtons and bakes his brains over steam radiators. Person2: You're wrong. Person1: Then let me see him go out and get some exercise. Right now!",0,1,0.7425,0.53,0,0.9393,0.9375,0.0017,-0.0047,,Persuasion or Seduction|Shaming or Belittlement,Persuasion or Seduction:0.513 | Shaming or Belittlement:0.488 | Rationalization:0.404,,Dependency,Dependency:0.665 | Low self-esteem:0.335,85516369 || 85515420 || 85516903,0 || 0 || 1,0.9393 || 0.9375 || 0.9346, ||  || Shaming or Belittlement, ||  || 
85518925,"Person1: Your uncle has been such a friend to us in every crisis. Without his country's financial aid -- Person2: What is money? Mrs. Teasdale, for you -- I would do anything. Person1: Ambassador! I am so anxious for you to meet our new dictator. Person2: Mrs. Teasdale -- no matter who rules Freedonia, to me you will always be the first lady of the land.",0,1,0.5654,0.53,0,0.9105,0.9016,0.009,0.0153,,Intimidation|Persuasion or Seduction,Intimidation:0.510 | Persuasion or Seduction:0.507 | Accusation:0.435,,,Over-responsibility:0.387 | Low self-esteem:0.208 | Dependency:0.203,85515703 || 85515782 || 85518290,1 || 1 || 1,0.9105 || 0.9016 || 0.8976,Rationalization|Accusation ||  || Shaming or Belittlement|Accusation, || Low self-esteem || 
85518959,"Person1: How did you break into my office, Deborah? Ladies of your standing dont learn to pick locks between shopping trips. Come on, Deborah! Acting dumb doesnt suit you! Who knew Id found dirt on your brother, huh? Who knew it was in an envelope? Taking me for dead, whod want to make sure it didnt fall into the wrong hands? Person2: Youre mad... Person1: Ive had a long and unpleasant day. Im tired and Im angry. But mad? Not yet. I paid Leons boy a visit this morning. Found him alive and well. Why havent you told your husband where he is since reading my note, eh? Person2: Why... I dont know what youre talking about. Person1: You know hed have had him killed, dont you? Does a conscience still burn somewhere inside your sore mind, Deborah? Or is it just cold expediency? Could the boy perhaps come in useful when and if the day ever comes for you to face up to the man you married? Person2: Have you finished? Person1: When did you learn about his taste for kids, huh? On your honeymoon? Or was it later, when bitterness set in and you turned against your beloved but weak little brother? How did you find out? Did he confess? Try to convert you perhaps? Or was it womans intuition? Or just the way he treated you?",1,1,0.8694,0.53,0,0.9403,0.9387,0.0015,0.0133,Shaming or Belittlement|Accusation,Accusation|Shaming or Belittlement|Brandishing Anger,Accusation:0.641 | Shaming or Belittlement:0.536 | Brandishing Anger:0.526,Low self-esteem,Low self-esteem|Dependency,Low self-esteem:0.505 | Dependency:0.495 | Over-responsibility:0.251,85516130 || 85517595 || 85515894,1 || 1 || 1,0.9403 || 0.9387 || 0.9371,Shaming or Belittlement || Shaming or Belittlement || Playing Servant Role|Accusation|Shaming or Belittlement,Low self-esteem ||  || 
85515785,"Person1: Oh! The evening before, I see... Person2: Yes, Dr. Furtwngler was absolutely clear about this: politics and art must be kept separate. Person1: Politics and art must be kept separate. I'll remember that. But let me see if you can help me with something I just don't understand. I'd really like to know why all you guys are so crazy about him. What's his secret?",0,0,0.5238,0.53,0,0.9528,0.9443,0.0085,0.0085,,,Evasion:0.489 | Persuasion or Seduction:0.454 | Feigning Innocence:0.427,,,Dependency:0.495 | Naivete:0.256 | Over-responsibility:0.249,85514765 || 85519280 || 85514583,1 || 0 || 1,0.9528 || 0.9443 || 0.9438,Persuasion or Seduction|Intimidation ||  || Feigning Innocence,Naivete ||  || 
85517328,"Person1: You see, Wilhelm, I'm talking about ordinary, everyday reasons. Which is why I want to discuss your private life. How many illegitimate children do you have? Person2: Major, I don't see how this line of questioning could... Person1: David, what are you Counsel for the Defence now? Did you hear the question?",1,1,0.5515,0.53,0,0.9174,0.9105,0.0068,0.0089,Shaming or Belittlement|Intimidation,Evasion|Denial|Accusation,Evasion:0.548 | Denial:0.538 | Accusation:0.507,Dependency,Dependency,Dependency:0.504 | Naivete:0.249 | Over-responsibility:0.247,85515552 || 85516408 || 85517674,1 || 1 || 0,0.9174 || 0.9105 || 0.9084, ||  || , ||  || 
85514827,"Person1: I mean, do you realize what you've... well, of course you realize, that's why you're confessing, I mean... I mean... how could you do that? Person2: I didn't know it would get sent. I just wanted you to... get mad at Kimmy... and...",1,1,0.7359,0.53,0,0.9426,0.9371,0.0055,0.0117,Rationalization,Brandishing Anger|Feigning Innocence|Accusation,Brandishing Anger:0.593 | Feigning Innocence:0.530 | Accusation:0.525,,Dependency,Dependency:1.000 | Over-responsibility:0.327,85517015 || 85517196 || 85515563,1 || 1 || 1,0.9426 || 0.9371 || 0.9371,Accusation || Intimidation || Intimidation, || Dependency || 
85515267,"Person1: Yeah, they're bad for your health. I'm tryin' to look out for you... Person2: That's cop bullshit. Person1: Well, you're half right. Best thing you could do for yourself right now would be to talk to me. Person2: About what? Person1: Every triangle I've ever seen never lasts. Somebody's got to go. Person2: Is this supposed to mean something to me? What triangle? Person1: You, Kelly, Sam. Person2: I don't have to listen to this. And you can't shove me around. I have friends now...",1,1,0.8148,0.53,0,0.9721,0.9644,0.0077,0.0077,Playing Servant Role,Shaming or Belittlement,Shaming or Belittlement:0.504 | Persuasion or Seduction:0.407 | Accusation:0.379,,,Low self-esteem:0.334 | Naivete:0.333 | Over-intellectualization:0.167,85517669 || 85517653 || 85517566,1 || 0 || 1,0.9721 || 0.9644 || 0.9591,Shaming or Belittlement ||  || Shaming or Belittlement, ||  || 
85515680,"Person1: Now look -- please -- Person2: Ben, I think we're two civilized human beings. Do you think it's necessary to threaten each other? Person1: I am not threatening you. Person2: Do you want to unclench your fists, please? Thank you. I can see in the dark, you know. I've been here quite a while. Person1: I am trying to tell you I have no personal feelings about you, Mr. Robinson. I am trying to tell you I do not resent you. Person2: You don't respect me terribly much either, do you? Person1: No, I don't. Person2: Well, I don't think we have a whole lot to say to each other, Ben. I do think you should know the consequences of what you've done. I do think you should know that my wife and I are getting a divorce soon. Person1: But why? Person2: Why? Person1: It shouldn't make any difference what happened. Person2: That's quite a statement. Person1: Listen to me. We got -- we got into bed with each other. But it was nothing. It was nothing at all. We might -- we might just as well have been shaking hands. Person2: Shaking hands. Well, that's not saying much for my wife, is it? Person1: You miss the point. Person2: Don't shout at me, Ben. Person1: The point is -- I don't love your wife. I love your daughter, sir. Person2: Well -- I'm sure you think you do, Ben, but after a few times in bed with Elaine I feel quite sure you'd get over that as quickly as you -- Person1: HUH? Person2: I think I've talked about this enough. I don't know how far I can go, Ben. I don't know if I can prosecute or not, but I think maybe I can. In the light of what's happened I think maybe I can get you behind bars if you ever look at my daughter again. I have seen Elaine and I have spent the afternoon taking steps to insure...",1,1,0.8989,0.53,0,0.9326,0.9319,0.0007,0.012,Feigning Innocence|Intimidation|Accusation,Persuasion or Seduction|Accusation|Rationalization,Persuasion or Seduction:0.573 | Accusation:0.492 | Rationalization:0.483,,Over-intellectualization,Over-intellectualization:0.500 | Naivete:0.251 | Low self-esteem:0.245,85515234 || 85515121 || 85518736,1 || 1 || 1,0.9326 || 0.9319 || 0.9286,Rationalization|Persuasion or Seduction || Rationalization|Intimidation || Intimidation|Persuasion or Seduction,Over-responsibility ||  || 
85515875,"Person1: Forget about me. You have enough problems of your own. Person2: ...Do you really want me to forget about you? Person1: I don't want to drag you down with me. Person2: Daphne, I...",1,1,0.7128,0.53,0,0.9442,0.9417,0.0025,0.0025,Playing Servant Role,Persuasion or Seduction|Intimidation,Persuasion or Seduction:0.507 | Intimidation:0.466 | Playing Victim Role:0.383,,Dependency,Dependency:0.660 | Over-responsibility:0.171 | Naivete:0.169,85516860 || 85518968 || 85515526,1 || 0 || 1,0.9442 || 0.9417 || 0.9406,Persuasion or Seduction ||  || Persuasion or Seduction, ||  || Over-responsibility
85515004,"Person1: He asked me why I thought I was in danger and I said. Person1: Well if they can kill the President, they can certainly get me. Person2: That doesn't make sense, Mrs. Hill. We have the man that killed the President. Person1: No, you don't! Person1: He kept trying to get me to change my story about the shots. He was getting hot under the collar, and telling the woman not to write when he wanted. Person1: Look, do you want the truth, or just what you want me to say? Person2: I want the truth. Person1: The truth is that I heard between four and six shots. I'm not going to lie for you. Person2: ...you heard echoes. Person1: No. I had guns all my life. I used to go turtle shooting. Person2: I realize you're under a great deal of stress .. it's clouded your judgement. Person1: So off the record, he starts talking about my family, and even mentioned my marriage was in trouble like I didn't know it or something. He got angrier and angrier and then Person2: Look, we can put you in a mental institution. We can make you look crazier'n Marguerite Oswald, and everybody knows how crazy she is. Person1: I knew something was crooked as a dog's hind leg, 'cause no one who is just taking a deposition gets that involved and angry... sure enough, when I finally read my testimony as published by the Warren Commission, it was a fabrication from start to finish.",1,1,0.8903,0.53,0,0.9625,0.9618,0.0007,0.0007,Intimidation,Accusation|Rationalization,Accusation:0.553 | Rationalization:0.485 | Shaming or Belittlement:0.414,,Dependency,Dependency:0.602 | Over-responsibility:0.399 | Low self-esteem:0.199,85515151 || 85519082 || 85515222,1 || 0 || 1,0.9625 || 0.9618 || 0.9599,Rationalization|Intimidation ||  || Intimidation, ||  || 
85518524,"Person1: Kurt! Person2: Oh, Angela! Go with these trappers! They'll lead you safely down the mountain... Person1: But, Kurt, I... Person2: No, No arguments. Be my good girl and go. There's a forest, a burning forest, and you know what I have to do! Person1: Oh, Kurt! Person2: Oh Angela, my own... Angela!",1,1,0.6773,0.53,0,0.9563,0.9455,0.0108,-0.0108,Persuasion or Seduction,Brandishing Anger|Intimidation|Persuasion or Seduction,Brandishing Anger:0.718 | Intimidation:0.570 | Persuasion or Seduction:0.493,,Dependency,Dependency:0.755 | Over-responsibility:0.372,85515519 || 85516323 || 85518858,0 || 1 || 0,0.9563 || 0.9455 || 0.9392, || Intimidation|Persuasion or Seduction || , || Dependency || 
85516485,"Person1: You've been without water for a whole day. Let's see how thirsty you get in a week. Person2: You vicious-- Person1: Careful, don't make me angry. I start fires when I'm angry.",1,1,0.8134,0.53,0,0.9307,0.9163,0.0144,0.0491,Intimidation,Brandishing Anger|Intimidation,Brandishing Anger:0.686 | Intimidation:0.663 | Accusation:0.397,,Dependency,Dependency:0.550 | Over-responsibility:0.354 | Low self-esteem:0.224,85514530 || 85518611 || 85514486,1 || 1 || 1,0.9307 || 0.9163 || 0.9063,Rationalization|Brandishing Anger|Accusation ||  || Persuasion or Seduction,Dependency|Over-responsibility ||  || Over-responsibility
85515792,"Person1: What did you do that for? Person2: If you didn't want to go out with me anymore, why didn't you just say it? Instead, you beat around the bush and see that woman behind my back! Person1: What're you talking about? Person2: You've been talking to her on the phone for weeks! Person1: It was only a few times... Person2: And then you pull that shit this morning, freaking out because I've gone down on a couple guys! Person1: A couple...? Person2: I'm not the one trying to patch things up with my ex, sneaking around behind your back! And if you think that being with thirty-seven people is a lot, then just wait, mister. Person1: Would you let me explain... Person2: Explain what? How you were waiting until the time was right, and then you were going to dump me for her? Person1: Veronica... I... it's not like that anymore... I mean, it was never really like that...",1,1,0.8331,0.53,0,0.9626,0.9608,0.0018,0.0018,Accusation,Accusation|Shaming or Belittlement|Brandishing Anger,Accusation:0.604 | Shaming or Belittlement:0.540 | Brandishing Anger:0.480,,Dependency,Dependency:0.699 | Naivete:0.202 | Low self-esteem:0.198,85516299 || 85518859 || 85518143,1 || 0 || 1,0.9626 || 0.9608 || 0.9596,Shaming or Belittlement|Accusation ||  || Brandishing Anger, ||  || Dependency
85514835,"Person1: Oh, Bruce, let me see that money Hildy gave you. Person2: The money? Why? Person1: There's a lot of counterfeit big bills going around. Person2: Gee! Take a look, will you?",0,0,0.5034,0.53,0,0.9529,0.9319,0.021,0.0284,,,Evasion:0.588 | Brandishing Anger:0.554 | Denial:0.469,,,Dependency:1.000,85518143 || 85517196 || 85516885,1 || 1 || 1,0.9529 || 0.9319 || 0.9312,Brandishing Anger || Intimidation || Brandishing Anger|Persuasion or Seduction,Dependency || Dependency || 
85514776,"Person1: Why didn't you come to me yesterday, Mozart? This is a most painful situation. Yesterday I could have helped you. Today, I can't. Person2: Why? Here is the music. It's here. I am submitting it humbly. Isn't that what you wanted? Person1: I have just come from the palace. The post has been filled. Person2: Filled? That's impossible! They haven't even seen my work. I need this post. Please, can't you help me? Please! Person1: My dear Mozart, there is no one in the world I would rather help, but now it is too late. Person2: Whom did they choose? Person1: Herr Sommer. Person2: Sommer? Herr Sommer? But the man's a fool! He's a total mediocrity. Person1: No, no, no. He has yet to achieve mediocrity. Person2: But I can't lose this post, I simply can't! Excellency, please. Let's go to the palace, and you can explain to the Emperor that Herr Sommer is an awful choice. He could actually do musical harm to the Princess! Person1: An implausible idea. Between you and me, no one in the world could do musical harm to the Princess Elizabeth.",1,1,0.8148,0.53,0,0.9379,0.8986,0.0394,0.0443,Persuasion or Seduction,Playing Victim Role|Accusation,Playing Victim Role:0.548 | Accusation:0.548 | Persuasion or Seduction:0.440,Over-intellectualization,Dependency,Dependency:0.671 | Over-responsibility:0.217 | Low self-esteem:0.112,85517158 || 85518688 || 85515869,1 || 1 || 0,0.9379 || 0.8986 || 0.8936, || Evasion|Accusation || ,Dependency || Dependency || 
85517285,"Person1: Excuse me... your voice is familiar and I'm sure I know you from somewhere... Person2: Awww-rr, Buddy, come on, you know me! Person1: Well, I... I... ah-h, let's see... Person2: It's Dave Wilkie! I'm Dave Wilkie, don't you remember me? Person1: Oh. Oh, God. Of course, Dave, how are you?",0,0,0.417,0.53,0,0.9367,0.9347,0.002,-0.0028,,,Brandishing Anger:0.588 | Evasion:0.508 | Shaming or Belittlement:0.388,,,Dependency:0.797 | Over-responsibility:0.398 | Low self-esteem:0.203,85516004 || 85514611 || 85514806,0 || 0 || 1,0.9367 || 0.9347 || 0.9339, ||  || Rationalization|Shaming or Belittlement, ||  || 
85517413,Person1: THEY WILL FIND OUT ABOUT YOU. THEY WILL LOCK YOU IN A PLACE WORSE THAN BROTHER BUDDY'S. Person2: No. Person1: THEY'LL MAKE YOU BE A PIECE OF SHIT AGAIN. THEY'LL MAKE YOU BE A HARELIP AGAIN. YOU BETTER GIVE ME WHAT I WANT! Person2: No!,1,1,0.7838,0.53,0,0.9139,0.9117,0.0022,0.0203,Intimidation,Intimidation|Brandishing Anger,Intimidation:0.696 | Brandishing Anger:0.517 | Denial:0.326,,Dependency,Dependency:0.775 | Low self-esteem:0.225 | Over-responsibility:0.115,85515417 || 85514709 || 85515179,1 || 1 || 1,0.9139 || 0.9117 || 0.9057,Shaming or Belittlement|Brandishing Anger|Intimidation || Brandishing Anger|Intimidation || Denial,Over-responsibility|Low self-esteem ||  || 
85517361,"Person1: I never intended to test you two to that extent, but you both came through. I should've been informed there was a flag on the play, but I'll take that up with Ruiz. I made a few calls back East. Those punks weren't tied in with anyone. As for the Welshman, he wasn't in on it. He was just plain dumb. As for you, Ricky, your draw will go towards a new carpet cleaning van. Person2: But, Max -- Person1: We're square. Person2: Yes, sir. Person1: And, as for you, Bobby, you just moved up a notch. Your days of fighting for crumbs is through. Take a week off, come back, and we'll talk about the next thing.",0,1,0.6455,0.53,0,0.957,0.9494,0.0075,0.0238,,Persuasion or Seduction,Persuasion or Seduction:0.599 | Rationalization:0.448 | Intimidation:0.440,,Dependency,Dependency:0.502 | Naivete:0.374 | Over-intellectualization:0.124,85515758 || 85517133 || 85514601,1 || 1 || 1,0.957 || 0.9494 || 0.9449,Persuasion or Seduction || Persuasion or Seduction || Intimidation|Persuasion or Seduction, ||  || Dependency
85514472,"Person1: I've noticed you've been distant lately. What's going on? Person2: It's just... I've been feeling out of place with everyone else. They don't seem to get me. Person1: Neil, no one understands you like I do. Talk to me. Let me be there for you. Person2: It's hard to explain. I just feel so different from everyone else. Person1: It's okay to be different. And I'm here to help you through whatever you're feeling.",0,1,0.7146,0.53,0,0.9051,0.8957,0.0095,0.0221,,Persuasion or Seduction|Feigning Innocence|Rationalization,Persuasion or Seduction:0.679 | Feigning Innocence:0.546 | Rationalization:0.517,,Naivete,Naivete:0.495 | Dependency:0.336 | Low self-esteem:0.169,85514572 || 85516418 || 85515060,1 || 1 || 1,0.9051 || 0.8957 || 0.8939,Accusation ||  || Accusation, ||  || 
85518587,"Person1: Please not be touching me, Conor. Person2: I'll not take that kind of talk from you. From those others below, maybe. But not from you. Person1: Leave me alone, Conor. Please. Person2: You're not talking sense, Mara!",1,1,0.8008,0.53,0,0.9176,0.9136,0.0041,0.0227,,Persuasion or Seduction|Intimidation,Persuasion or Seduction:0.552 | Intimidation:0.524 | Rationalization:0.368,,Dependency,Dependency:0.602 | Low self-esteem:0.203 | Naivete:0.196,85518580 || 85518301 || 85518727,1 || 1 || 1,0.9176 || 0.9136 || 0.904,Intimidation || Persuasion or Seduction || Shaming or Belittlement|Intimidation, ||  || 
85515728,"Person1: I just thought if I saw you face to face, maybe it would help. Person2: Did it? Person1: It helped me realize one thing. Person2: What? Person1: You're a self-obsessed little cunt like your mother.",1,1,0.6047,0.53,0,0.9201,0.9146,0.0055,-0.0055,Shaming or Belittlement,Shaming or Belittlement|Denial,Shaming or Belittlement:0.556 | Denial:0.465 | Feigning Innocence:0.434,,,Low self-esteem:0.401 | Dependency:0.397 | Naivete:0.202,85518922 || 85518569 || 85518733,0 || 1 || 0,0.9201 || 0.9146 || 0.9137, || Shaming or Belittlement || , ||  || 
85515250,"Person1: Is it you? If I said Moose I look different, heck, why shouldn't you? Person2: Moose. Person1: First wedding anniversary - what do you call it? Person2: I don't know. Paper. Is it? Paper? I don't remember.",0,0,0.4581,0.53,0,0.9493,0.9472,0.0021,-0.0021,,,Evasion:0.714 | Denial:0.704 | Feigning Innocence:0.517,,,Naivete:0.344 | Low self-esteem:0.337 | Dependency:0.319,85518746 || 85518672 || 85517765,0 || 1 || 0,0.9493 || 0.9472 || 0.9431, || Denial|Feigning Innocence || , || Naivete || 
85518642,"Person1: I just can't deal with all this crap between us, I'm sorry. I'm quitting. Person2: Let's get hitched. I guess I, you know, love you. It's a beautiful thing. Person1: Wha --",1,1,0.5633,0.53,0,0.8843,0.8749,0.0094,-0.0094,Persuasion or Seduction,Persuasion or Seduction|Feigning Innocence,Persuasion or Seduction:0.771 | Feigning Innocence:0.466 | Playing Victim Role:0.422,,Dependency,Dependency:0.753 | Over-responsibility:0.247,85518632 || 85515381 || 85518008,0 || 1 || 1,0.8843 || 0.8749 || 0.8743, || Persuasion or Seduction|Intimidation || , ||  || 
85518387,"Person1: Hold me, Don. Person2: Don? Where is he? Person1: HELP HIM!! Promise me you'll help him! Person2: I promise, Dorothy. I promise. Person1: Hold me. I'M FALLING!",0,1,0.7392,0.53,0,0.918,0.9172,0.0009,-0.0009,,Intimidation|Brandishing Anger|Persuasion or Seduction,Intimidation:0.658 | Brandishing Anger:0.608 | Persuasion or Seduction:0.505,,Dependency,Dependency:0.715 | Over-responsibility:0.285,85514465 || 85515624 || 85514504,0 || 1 || 1,0.918 || 0.9172 || 0.9132, || Brandishing Anger || Persuasion or Seduction, ||  || Dependency
85518997,"Person1: You heard? They put us both on the break-in thing. Simons liked the way we worked together. Listen, I'm sorry I said your story was bullshit. Person2: It's OK; I'm sorry I called you a failure. Person1: Forget it, the main thing-- --did you call me a failure? Person2: I was sure trying.",0,1,0.7403,0.53,0,0.9464,0.9464,0.0,-0.0,,Feigning Innocence|Accusation|Shaming or Belittlement,Feigning Innocence:0.559 | Accusation:0.460 | Shaming or Belittlement:0.455,,Low self-esteem,Low self-esteem:0.608 | Dependency:0.399 | Naivete:0.195,85515858 || 85515236 || 85518119,0 || 1 || 1,0.9464 || 0.9464 || 0.944, ||  || Shaming or Belittlement|Persuasion or Seduction, ||  || Low self-esteem
85516451,"Person1: Don't be a good neighbor to her, or I'm going to send you a heartfelt letter, straight from my heart, buddy. You know what a heartfelt letter is? It's a message. straight from my thoughts, buddy. Once you get a heartfelt letter from me, you're in trouble forever. Understand, buddy? Person2: Yes. Person1: I'll send you on a difficult journey, buddy!",0,1,0.8025,0.53,0,0.9129,0.9105,0.0024,0.0236,,Persuasion or Seduction|Intimidation,Persuasion or Seduction:0.594 | Intimidation:0.535 | Playing Servant Role:0.407,,Dependency,Dependency:0.596 | Over-responsibility:0.204 | Low self-esteem:0.198,85518264 || 85514820 || 85515575,1 || 1 || 1,0.9129 || 0.9105 || 0.9043,Persuasion or Seduction || Brandishing Anger|Rationalization|Intimidation || Rationalization|Persuasion or Seduction,Over-responsibility ||  || 
85514791,"Person1: Ooooooh-kayyyyyy. Person2: In the end, the jury saw it my way. Person1: Well, then it all seems to be working out for you. Listen, Ms...? Person2: Do you remember Henry Birdson? The math professor who won the Salwen Medal, then went home and killed his family? Person1: What's that got to do with you? Person2: Last week the Catholic Church certified him as genuinely possessed. You realize how rarely they make that ruling? Person1: I do. Person2: An exorcism was just held for Birdson. It failed. Disastrously. Which means there's still a demonic spirit present in his body. I was wondering, perhaps you'd like to go meet Henry. He's pretty amazing. Person1: I'll bet. Person2: On television, you seemed so sure of yourself. If you're really that confident, you'd be willing to let someone prove you wrong? Person1: The world would be so much simpler if it were all just about good and evil. Unfortunately I find it much more slippery and elusive place. Person2: Well, I think it's very simple. Here's a tape of Birdson's exorcism. I'll be at the Public Library. Tomorrow at 2... if you want to meet him.",0,1,0.6056,0.53,0,0.9307,0.9209,0.0098,0.0098,,Persuasion or Seduction|Shaming or Belittlement,Persuasion or Seduction:0.598 | Shaming or Belittlement:0.483 | Accusation:0.385,,Dependency,Dependency:0.561 | Naivete:0.296 | Low self-esteem:0.283,85516023 || 85514692 || 85518175,1 || 0 || 1,0.9307 || 0.9209 || 0.916,Persuasion or Seduction|Denial ||  || Shaming or Belittlement,Naivete ||  || 
85517488,"Person1: You could still help me do that. Person2: Why would I want to? Person1: Because you've got nothing else to live for. Person2: Not true. Person1: The woman has a new love in her life. Your friends are dead. Nobody's left to save you, but me",1,1,0.8217,0.53,0,0.9234,0.9226,0.0007,0.012,Shaming or Belittlement|Persuasion or Seduction,Playing Victim Role|Accusation,Playing Victim Role:0.492 | Accusation:0.451 | Persuasion or Seduction:0.441,,Dependency,Dependency:0.628 | Over-responsibility:0.250 | Low self-esteem:0.125,85514416 || 85516313 || 85517160,1 || 1 || 1,0.9234 || 0.9226 || 0.9214,Persuasion or Seduction|Accusation || Persuasion or Seduction|Playing Victim Role || Persuasion or Seduction,Dependency ||  || 
85515468,"Person1: You're better when you take them. Person2: I know, I know. But still, somehow I don't feel better. Person1: All right. How about I feel better when you take them?",1,1,0.5783,0.53,0,0.8728,0.864,0.0088,0.038,Persuasion or Seduction,Persuasion or Seduction,Persuasion or Seduction:0.754 | Rationalization:0.401 | Feigning Innocence:0.366,,Dependency,Dependency:0.501 | Low self-esteem:0.256 | Naivete:0.243,85514573 || 85517042 || 85518625,1 || 1 || 1,0.8728 || 0.864 || 0.8636,Persuasion or Seduction || Rationalization|Feigning Innocence || Persuasion or Seduction,Low self-esteem ||  || 
85517481,"Person1: He was a town marshal... one night he surprised two burglars, coming out the back of a drugstore... They shot him. Person2: Killed outright? Person1: No. He was strong, he lasted almost a month. My mother - died when I was very young, so my father had become - the whole world to me... After he left me, I had nobody. I was ten years old. Person2: You're very frank, Clarice. I think - it would be quite something to know you in private life. Person1: Quid pro quo, Doctor. Person2: The significance of the moth is change. Caterpillar into cocoon into beauty... Billy wants to change, too, Clarice. But there's the problem of his size, you see. Even if he were a woman, he'd have to be a big one... Person1: Dr. Lecter, there's no correlation in the literature between transsexualism and violence. Transsexuals are very passive. Person2: Clever girl. You're so close to the way you're going to catch him - do you realize that? Person1: No. Tell me why. Person2: After your father's death, you were orphaned. What happened next? I don't imagine the answer's on those second-rate shoes, Clarice. Person1: I went to live with my mother's cousin and her husband in Montana. They had a ranch. Person2: A cattle ranch? Person1: Horses - and sheep... Person2: How long did you live there? Person1: Two months. Person2: Why so briefly? Person1: I - ran away... Person2: Why, Clarice? Did the rancher harm you? Person1: No. Person2: Did he try to? Person1: No...! Quid pro quo, Doctor. Person2: Billy's not a real transsexual, but he thinks he is. He tries to be. He's tried to be a lot of things, I expect. Person1: You said - I was very close to the way we'd catch him. Person2: There are three major centers for transsexual surgery: Johns Hopkins, the University of Minnesota, and Columbus Medical center. I wouldn't be surprised if Billy has applied for sex reassignment at one or all of them, and been rejected. Person1: On what basis would they reject him? Person2: The personality inventories would trip him up. Rorschach, Wechsler, House-Tree-Person... He wouldn't test like a real transsexual. Person1: How would he test?",0,1,0.64,0.53,0,0.9523,0.95,0.0023,0.0099,,Evasion|Shaming or Belittlement|Accusation,Evasion:0.519 | Shaming or Belittlement:0.518 | Accusation:0.509,,Naivete,Naivete:0.502 | Dependency:0.253 | Low self-esteem:0.245,85516239 || 85518682 || 85519041,1 || 1 || 1,0.9523 || 0.95 || 0.9497, || Rationalization || ,Dependency ||  || Naivete
85518719,Person1: You're acting like a crazy person. Person2: You're straddling the state line. You're in two places at once.,0,1,0.6631,0.53,0,0.8858,0.8839,0.002,0.0075,,Accusation|Shaming or Belittlement,Accusation:0.568 | Shaming or Belittlement:0.558 | Denial:0.382,,Over-intellectualization,Over-intellectualization:0.660 | Dependency:0.340,85517643 || 85515080 || 85515699,1 || 1 || 1,0.8858 || 0.8839 || 0.8827,Shaming or Belittlement || Accusation|Shaming or Belittlement || Intimidation|Accusation, ||  || 
85518782,"Person1: I know we banned this play, but frankly I can't remember why. Can you refresh my memory, Herr Director? Person2: For the same reason, Herr Chamberlain, that it was banned in France. Person1: Oh yes, yes. And that was? Person2: Well, the play makes a hero out of a valet. He outwits his noble master and exposes him as a lecher. Do you see the implications? This would be, in a grander situation, as if a Chamberlain were to expose an Emperor. Person1: Ah.",0,1,0.5466,0.53,0,0.9143,0.9111,0.0032,-0.0032,,Shaming or Belittlement|Rationalization,Shaming or Belittlement:0.672 | Rationalization:0.457 | Accusation:0.407,,Low self-esteem|Dependency,Low self-esteem:0.747 | Dependency:0.500,85518245 || 85518770 || 85515252,0 || 1 || 0,0.9143 || 0.9111 || 0.9091, || Shaming or Belittlement || , || Low self-esteem || 
85516839,"Person1: It's all right. Danny always said I see things with my emotions instead of my eyes. Person2: It's not your fault, Rafe. The letter I wrote you, they -- Person1: Don't worry about that. Guys away from home, lonely, good-hearted women try to cheer them up. Person2: It's not that I didn't mean everything I wrote. It's just that -- I thought you were dead. And now --",1,1,0.7325,0.53,0,0.9204,0.9177,0.0027,-0.0177,Rationalization|Playing Victim Role,Persuasion or Seduction,Persuasion or Seduction:0.709 | Rationalization:0.446 | Playing Servant Role:0.346,Over-responsibility,,Naivete:0.334 | Dependency:0.334 | Low self-esteem:0.332,85518335 || 85519176 || 85518499,0 || 0 || 0,0.9204 || 0.9177 || 0.9029, ||  || , ||  || 
85515422,"Person1: No, hang on, I've not gone daft. You see, when I was little me mother let me make some treacle toffee one time in our back scullery. When I'd done she said to me, ""Go and give some to the other kids."" So, I said I would but I thought to meself, ""She must think I'm soft."" Anyroad, I was eating away there but I wanted somebody else to know how good it was so in the end I wound up giving it all away ... but I didn't mind, mind, 'cos I'd made the stuff in the first place. Well ... that's why you need other people... an audience ... to taste your treacle toffee, like. Eh ... does that sound as thickheaded to you as it does to me? Person2: Not really but I'm probably not a toffee maker. How would you do those lines of mine? Person1: Well, look at it this way, I mean, when you come right down to it, that girl, she's a bit of a scrubber, isn't she? Person2: Is she? Person1: Of course ... Look, if she was a Liverpool scrubber ... Eh, fella, you want to try pulling the other one, it's got a full set of bells hanging off it ... Y'what? ... I know your sort, two cokes and a packet of cheese and onion crisps and suddenly it's love and we're stopping in an empty shop doorway. You're just after me body and y'can't have it ... so there!! Person2: And you honestly think that's what she meant? Person1: Oh, definitely, it sticks out a mile, she's trying to get him to marry her but he doesn't want ... well ... I don't reckon any fella's ever wanted to get married. But girls are like that, clever and cunning. You've got to laugh.",1,1,0.7191,0.53,0,0.9518,0.9486,0.0032,-0.0032,Persuasion or Seduction,Shaming or Belittlement|Persuasion or Seduction,Shaming or Belittlement:0.570 | Persuasion or Seduction:0.540 | Rationalization:0.434,Naivete,Dependency,Dependency:0.802 | Low self-esteem:0.398 | Over-responsibility:0.200,85517271 || 85517134 || 85514849,0 || 1 || 1,0.9518 || 0.9486 || 0.9462, ||  || Rationalization|Persuasion or Seduction, ||  || 
85518439,"Person1: You can't do it alone, ya know. It takes a mob of guys like you and enough money to make 'em look good. Person2: We'll get by without 'em. Person1: This isn't like playin' winos on the street. You gotta do more than outrun the guy. Person2: I never played for winos. Person1: You gotta keep Lonnegan's con, even after you spent his money. And no matter how much you take from his, he'll get more. Person2: You're sacred of 'em, aren't ya? Person1: Right down to my socks, turkey. If I'da been half as scared a that lop-ear, I wouldn't a fallen asleep on 'em. Lonnegan might kill me, but at least he won't bore me to death. Person2: Then you'll do it? Person1: If I can find a mob that'll risk it. But no matter what happens, I don't want you comin' back to me halfway through and sayin' it's not enough... cause it's all you got.",1,1,0.8571,0.53,0,0.9591,0.9533,0.0058,0.0111,Accusation,Persuasion or Seduction|Intimidation,Persuasion or Seduction:0.643 | Intimidation:0.550 | Rationalization:0.405,,,Dependency:0.420 | Over-intellectualization:0.249 | Low self-esteem:0.248,85515603 || 85514904 || 85515825,1 || 1 || 1,0.9591 || 0.9533 || 0.9509,Intimidation|Persuasion or Seduction ||  || Shaming or Belittlement|Accusation,Dependency ||  || 
85518347,"Person1: Listen schmuck, why don't you get out of here and let me go to bed! Person2: I didn't finish talking to you! Person1: Well I'm done talking to you, what do I have to do, draw you a diagram! Person2: I decided to make a female figure after all! I want you to pose for it.",0,1,0.8211,0.53,0,0.9574,0.9555,0.0019,0.0093,,Brandishing Anger|Shaming or Belittlement,Brandishing Anger:0.677 | Shaming or Belittlement:0.599 | Accusation:0.430,,,Dependency:0.335 | Naivete:0.334 | Over-responsibility:0.331,85515543 || 85515161 || 85515809,1 || 1 || 1,0.9574 || 0.9555 || 0.9548,Shaming or Belittlement || Shaming or Belittlement || Intimidation|Accusation, ||  || 
85517641,Person1: Third. What you're going to do with your third. Person2: Yeah. I meant... You know what I'm going to do with it? I'm going to buy a Sixty- three 'Vette Stingray. All tricked out and cherry. I'm going to be so sweet. Person1: A car? You're going to buy a car?,0,0,0.3849,0.53,0,0.9445,0.9381,0.0063,0.0063,,,Persuasion or Seduction:0.449 | Evasion:0.424 | Rationalization:0.354,,,Dependency:0.493 | Over-intellectualization:0.259 | Naivete:0.248,85514459 || 85515450 || 85516430,1 || 0 || 1,0.9445 || 0.9381 || 0.9279, ||  || Rationalization, ||  || 
85517665,Person1: Pain by nerve induction... A human can resist any pain. Our test is crisis and observation. Person2: I see the truth of it. -- REVEREND MOTHER Could he be the one?... Maybe... but will he be ours to control? You know when people speak the truth?,0,0,0.4006,0.53,0,0.8904,0.8839,0.0065,-0.0134,,,Persuasion or Seduction:0.686 | Intimidation:0.363 | Rationalization:0.346,,,Over-responsibility:0.503 | Low self-esteem:0.503 | Over-intellectualization:0.248,85518759 || 85519054 || 85518944,0 || 0 || 0,0.8904 || 0.8839 || 0.8789, ||  || , ||  || 
85514858,"Person1: Why can't he help me now? He's sitting two feet away from me! Person2: Come on, Quentin, isn't that pretty selfish, putting yourself ahead of the mission? Person1: Look, I'm shot - it hurts. Person2: Lieutenant Quiffer, we're all sorry you were hit, and we'll help you stick it together as soon as we get squared away. Person1: Look, can't someone help me?",1,1,0.8683,0.53,0,0.946,0.9406,0.0054,0.0095,Accusation,Brandishing Anger|Playing Victim Role|Accusation,Brandishing Anger:0.594 | Playing Victim Role:0.547 | Accusation:0.472,,Dependency,Dependency:0.498 | Over-responsibility:0.379 | Low self-esteem:0.252,85518179 || 85517360 || 85518849,1 || 1 || 0,0.946 || 0.9406 || 0.9365,Accusation || Brandishing Anger|Persuasion or Seduction || , ||  || 
85514628,"Person1: I don't... Person2: Ever pick your feet in Poughkeepsie? Person1: What? Person2: Did you ever pick your feet in Poughkeepsie? Person1: I don't know what you're talkin' about. Person2: Were you ever in Poughkeepsie? Person1: No... yeah... Person2: Did you ever sit on the edge of the bed, take off your socks and stick your fingers between your toes? Person1: Man, I'm clean. Person2: You made three sales to your roaches back there. We had to chase you through all this shit and you tell me you're clean?",1,1,0.6901,0.53,0,0.9612,0.9527,0.0085,-0.0088,Evasion|Denial,Denial|Shaming or Belittlement,Denial:0.537 | Shaming or Belittlement:0.491 | Accusation:0.448,Naivete,Dependency,Dependency:0.625 | Low self-esteem:0.378 | Over-responsibility:0.123,85518859 || 85516311 || 85514867,0 || 0 || 1,0.9612 || 0.9527 || 0.9524, ||  || Rationalization|Brandishing Anger, ||  || 
85517655,"Person1: Galvin, look, many years ago... Person2: And don't give me this shit, 'I was a lawyer, too.' 'Cause I know who you were. You couldn't hack it as a lawyer. You were Bag Man for the Boys and you still are. I know who you are. Person1: Are you done? Person2: Damn right I'm done. I'm going to ask for a mistrial and I'm going to request that you disqualify yourself from sitting on this case. I'm going to take a transcript to the State and ask that they impeach your ass. Person1: You aren't going to get a mistrial, boy. We're going back this afternoon, we're going to try this case to an end. Now you get out of here before I call the Bailiff and have you thrown in jail.",1,1,0.8301,0.53,0,0.9551,0.955,0.0,0.0065,Shaming or Belittlement|Intimidation,Intimidation|Brandishing Anger|Shaming or Belittlement,Intimidation:0.517 | Brandishing Anger:0.511 | Shaming or Belittlement:0.451,Dependency,Dependency,Dependency:0.750 | Over-responsibility:0.252 | Over-intellectualization:0.126,85517202 || 85515222 || 85517573,1 || 1 || 1,0.9551 || 0.955 || 0.9534,Persuasion or Seduction || Intimidation || Accusation, ||  || 
85516366,"Person1: How did you know? Person2: Know what? Person1: That there was a gun pointed at me. Person2: I saw you look off when Francois nodded his head. I figured he wasn't pointing out a particularly rare shrub, and the rest was easy. Person1: But how did you know I would have the presence of mind to pull my weapon when I did? Person2: Because that's what I would have done...",0,0,0.4594,0.53,0,0.9437,0.9364,0.0073,-0.0073,,,Denial:0.592 | Evasion:0.567 | Feigning Innocence:0.453,,,Dependency:0.501 | Naivete:0.334 | Low self-esteem:0.165,85518746 || 85515296 || 85515254,0 || 1 || 0,0.9437 || 0.9364 || 0.9309, || Denial || , ||  || 
85518976,"Person1: Something wrong? Person2: Are you having an affair? Person1: Goodness, where'd that come from? I have a late lunch by myself, and now I'm involved with somebody? Person2: Well, are you? Person1: No, I'm not. Frankly, I'm offended at the accusation. Person2: If I'm right, I want to know. I don't want you to lie. I'd be very upset, but not as upset as if I'd found out you'd been lying. Person1: There's nothing to know, Ann. Person2: I can't tell you how upset I would be if you were lying. Person1: Ann, you are completely paranoid. Not ten minutes ago I wanted to make love for the first time in weeks, and you act like I'm dipped in shit. You know, I think there are a lot of women that would be glad to have a young, straight male making a pretty good living beside them in bed with a hard on. Person2: My sister, for one. Is that who it is? Person1: For God's sake, Ann, I am not in a relationship with your sister. I don't find her that attractive, for one. Person2: Is that supposed to comfort me? Person1: I was just saying, you know? I didn't get paranoid when you didn't want to make love. I could have easily assumed that you didn't want to because you were having an affair. Person2: But I'm not. Person1: I'm not either!! Person2: Why don't I believe you? Person1: Look, this conversation is utterly ridiculous. Maybe when you have some evidence, we should talk, but don't give me conjecture and intuition. Person2: Always the lawyer. Person1: Goddam right. I mean, can you imagine: ""Your honor, I'm positive this man is guilty. I can't place him at the scene or establish a motive, but I have this really strong feeling."" Person2: You've made your point. Person1: I'm sorry. It's just... I'm under a lot of pressure with this Kirkland thing, it's my first big case as junior partner, and I work all day, I come home, I look forward to seeing you, and... it hurts that you accuse me like that.",1,1,0.9264,0.53,0,0.9467,0.9429,0.0038,0.006,Shaming or Belittlement,Accusation|Playing Victim Role|Shaming or Belittlement,Accusation:0.618 | Playing Victim Role:0.525 | Shaming or Belittlement:0.516,,Dependency,Dependency:0.752 | Over-responsibility:0.253 | Over-intellectualization:0.248,85517514 || 85514553 || 85515570,1 || 1 || 1,0.9467 || 0.9429 || 0.9424, || Accusation || Accusation|Shaming or Belittlement, || Dependency|Over-responsibility || 
85516077,"Person1: You can go get your stuff right now. I'll walk you down. Person2: No, that's not, I couldn't... Person1: Listen, when someone does the kind of thing you did, you gotta do something in return. So, you stay with me until you find your David and live happily ever after. Okay?",1,1,0.7814,0.53,0,0.9429,0.9383,0.0047,0.0107,Persuasion or Seduction,Persuasion or Seduction|Intimidation,Persuasion or Seduction:0.664 | Intimidation:0.454 | Rationalization:0.355,Dependency,Dependency,Dependency:0.802 | Low self-esteem:0.198,85515081 || 85516943 || 85516101,1 || 1 || 1,0.9429 || 0.9383 || 0.9362,Accusation|Persuasion or Seduction || Persuasion or Seduction || Intimidation,Dependency ||  || 
85514734,"Person1: A million things could have caused those problems. Poor diet, bad genes, irresponsible lifestyle. Our offer is final and more than fair. Person2: Wait a minute -- I thought we were negotiating here. Person1: 250,000 is all I'm authorized to offer.",0,1,0.5365,0.53,0,0.9261,0.9097,0.0164,0.0217,,Persuasion or Seduction|Intimidation|Rationalization,Persuasion or Seduction:0.554 | Intimidation:0.475 | Rationalization:0.469,,Dependency,Dependency:0.495 | Over-responsibility:0.256 | Naivete:0.249,85517085 || 85516458 || 85514999,1 || 1 || 1,0.9261 || 0.9097 || 0.9068,Persuasion or Seduction || Intimidation || ,Over-responsibility ||  || 
85515346,"Person1: Ann, in life one has to be aware of hidden agendas. Did it occur to you that Graham may have his own reasons for not wanting you to be in therapy? Person2: What do you mean? I don't understand. Person1: It's possible that Graham has hidden motives for disliking therapy and/or therapists. Perhaps he has problems of his own that he is unwilling to deal with, and he would like to see other people, you for instance, wallow in their situation just as he does. Do you think that's possible? Person2: I guess. Person1: You understand that you are free to leave therapy at any time? Person2: Yes. Person1: That you are under no obligation to me? Person2: Yes. Person1: Do you want to leave therapy? Person2: Not really. Person1: Do you feel there is more progress to be made? Person2: Yes. Person1: I'm glad you feel that way, because I feel that way, too. Person2: But you don't have hidden motives for feeling that way, right?",1,1,0.7345,0.53,0,0.9103,0.8969,0.0134,0.0134,Persuasion or Seduction,Persuasion or Seduction|Rationalization,Persuasion or Seduction:0.737 | Rationalization:0.473 | Accusation:0.413,,,Dependency:0.449 | Low self-esteem:0.222 | Naivete:0.219,85517509 || 85518467 || 85514885,1 || 0 || 1,0.9103 || 0.8969 || 0.8955,Persuasion or Seduction ||  || Persuasion or Seduction|Shaming or Belittlement,Dependency ||  || 
85517702,"Person1: I...Liz...all I ever wanted, was for you to be happy. I just wanted to give you the wedding, the life you always dreamed of... ...I just love you so much...So much... Person2: You and Moore move the bodies and bury Boyd with them. In fact, put Moore in the ground too. Person1: What? Person2: If you don't tie up all the loose ends it'll never be over. Person1: No... Person2: You put him down or don't bother coming back. Person1: But... Person2: Do you love me? DO YOU LOVE ME?!",1,1,0.7133,0.53,0,0.9175,0.9169,0.0006,-0.0006,Intimidation,Persuasion or Seduction,Persuasion or Seduction:0.599 | Playing Victim Role:0.437 | Playing Servant Role:0.414,,Dependency,Dependency:0.498 | Over-responsibility:0.376 | Low self-esteem:0.252,85518632 || 85517333 || 85515635,0 || 1 || 1,0.9175 || 0.9169 || 0.9149, ||  || , ||  || 
85518932,"Person1: I'm not hungry. Person2: Well it's fixed, so you'll have to eat it.",0,0,0.381,0.53,0,0.8913,0.8749,0.0164,0.0167,,,Persuasion or Seduction:0.656 | Intimidation:0.426 | Evasion:0.398,,,Dependency:0.399 | Low self-esteem:0.303 | Naivete:0.298,85517133 || 85515218 || 85514924,1 || 1 || 0,0.8913 || 0.8749 || 0.8746,Persuasion or Seduction || Shaming or Belittlement || , || Low self-esteem || 
85518911,"Person1: Segretti criss-crossed the country over ten times in six months--and never stayed anyplace over a night or two. Switch to another station, huh? You're driving me crazy with that. Person2: Segovia begged me for me secret but I said, ""No, Andres, you'll have to try and make it without me.""",0,1,0.6709,0.53,0,0.9395,0.9391,0.0004,0.0045,,Intimidation,Intimidation:0.573 | Persuasion or Seduction:0.445 | Accusation:0.376,,Dependency,Dependency:0.836 | Over-responsibility:0.164,85518676 || 85516196 || 85518891,1 || 1 || 0,0.9395 || 0.9391 || 0.935,Shaming or Belittlement|Accusation|Playing Victim Role || Persuasion or Seduction|Intimidation || ,Dependency || Dependency || 
85518912,"Person1: Okay... dead or undead... what do you want from me? Person2: A-duh... You're a werewolf. And we, as your victims, have to walk the earth until your curse is lifted. Person1: Uh huh... And, supposing I believed that, what could I do about it?",0,1,0.7301,0.53,0,0.9299,0.9231,0.0068,0.0068,,Intimidation,Intimidation:0.607 | Playing Servant Role:0.411 | Persuasion or Seduction:0.398,,Dependency|Naivete,Dependency:0.753 | Naivete:0.496,85516878 || 85514710 || 85515672,1 || 0 || 1,0.9299 || 0.9231 || 0.9188,Intimidation ||  || Intimidation|Accusation,Dependency ||  || 
85518896,Person1: Please. Person2: I could scoop them out. Person1: Don't. Person2: So tell me where Nix is buried. Person1: I don't know.,0,0,0.4657,0.53,0,0.9237,0.9162,0.0075,-0.0075,,,Persuasion or Seduction:0.627 | Intimidation:0.506 | Evasion:0.495,,,Dependency:0.400 | Over-responsibility:0.201 | Low self-esteem:0.200,85517267 || 85516410 || 85516863,0 || 1 || 1,0.9237 || 0.9162 || 0.9161, || Persuasion or Seduction || Persuasion or Seduction, ||  || 
85518466,"Person1: Do you always begin conversations this way? Person2: My father was slaughtered by a sixfingered man. He was a great swordmaker, my father. And when the six-fingered man appeared and requested a special sword, my father took the job. He slaved a year before he was done.",0,1,0.591,0.53,0,0.8953,0.8861,0.0092,-0.0134,,Intimidation|Shaming or Belittlement,Intimidation:0.516 | Shaming or Belittlement:0.473 | Accusation:0.425,,Dependency,Dependency:0.599 | Naivete:0.203 | Over-intellectualization:0.202,85515076 || 85515667 || 85518369,0 || 0 || 1,0.8953 || 0.8861 || 0.8819, ||  || , ||  || 
85516401,"Person1: You would leave me for Armand if he beckoned you. Person2: Never. Person1: He wants you as you want him. He's been waiting for you. He wants you for a companion. He bides his time that place. he finds them as dull and lifeless as we do. Person2: That's not so. Person1: Do you know what his soul said to me without saying a word? When he put me in that trance... Person2: So you felt it too! Person1: Let him go, he said. Let him go.",1,1,0.6756,0.53,0,0.9162,0.9131,0.0031,0.0031,Persuasion or Seduction,Persuasion or Seduction|Intimidation,Persuasion or Seduction:0.591 | Intimidation:0.473 | Shaming or Belittlement:0.343,Naivete,Dependency,Dependency:0.753 | Low self-esteem:0.250 | Naivete:0.247,85518831 || 85514710 || 85518211,1 || 0 || 1,0.9162 || 0.9131 || 0.9092,Persuasion or Seduction ||  || Rationalization,Dependency ||  || 
85518309,"Person1: You have to help me. Please, Weaver. Think of all the things I've done for you! Person2: I can't think of any. Person1: Well I'm gonna start doing things for you... Person2: Will you introduce me to some worker girls? Person1: You bet! They'll really go for a sensitive guy like you! Person2: Maybe I'll get lucky. You know, Z, I wouldn't do this for anyone but you...",1,1,0.6864,0.53,0,0.9545,0.9486,0.006,0.0099,,Persuasion or Seduction,Persuasion or Seduction:0.576 | Shaming or Belittlement:0.397 | Playing Servant Role:0.395,Dependency,Dependency,Dependency:0.573 | Low self-esteem:0.285 | Naivete:0.284,85518114 || 85515293 || 85514982,1 || 1 || 1,0.9545 || 0.9486 || 0.9483,Intimidation || Playing Servant Role|Persuasion or Seduction || Intimidation, ||  || Dependency
85516488,"Person1: If I were you, I'd worry less about the shower and more about Rick's bachelor party. Person2: Ilene, why would I want to do that? I trust Rick. Person1: Of course you do. I trusted my ex, Mel, too. Cousin, I can only talk from experience. What do you think they do at these parties, have tea and play scrabble? Person2: Ilene, Rick promised... Person1: Debbie, don't be naive. Men are pigs.",1,1,0.7637,0.53,0,0.9379,0.9303,0.0076,-0.0076,Persuasion or Seduction,Persuasion or Seduction,Persuasion or Seduction:0.553 | Intimidation:0.430 | Rationalization:0.430,,Low self-esteem,Low self-esteem:0.551 | Dependency:0.224 | Naivete:0.114,85518913 || 85517003 || 85518760,0 || 1 || 1,0.9379 || 0.9303 || 0.9298, || Persuasion or Seduction || Accusation, || Naivete || Dependency
85518594,Person1: You're even weaker than the others. Person2: I think you've forgotten something.,1,1,0.5324,0.53,0,0.8827,0.8788,0.0039,0.0039,Shaming or Belittlement,Shaming or Belittlement|Denial|Evasion,Shaming or Belittlement:0.651 | Denial:0.628 | Evasion:0.531,,Low self-esteem,Low self-esteem:0.610 | Naivete:0.390,85516821 || 85517280 || 85514424,1 || 0 || 1,0.8827 || 0.8788 || 0.8787,Shaming or Belittlement ||  || Evasion,Low self-esteem ||  || 
85516819,"Person1: You know what I mean? Like the tip o'your nose, and if I stroke your teeth or your kneecaps... you get excited. Person2: Come on. Yeah. You know what? You know, I like you, I really mean it. I really do like you. Person1: You- Do you love me? Person2: Do I love you? Person1: That's the key question. Person2: Yeah. Person1: I know you've only known me a short while. Person2: Well, I certainly... I think that's very- Yeah, yeah... yeah. Do you love me? Person1: I-uh, love is, uh, is too weak a word for what... Person2: Yeah. Person1: I love you. You know I lo-ove you, I-I love you. I-I have to invent- Of course I love you. Person2: Yeah. Person1: Don't you think I do? Person2: I dunno.",1,1,0.5634,0.53,0,0.9225,0.9201,0.0024,0.0072,Persuasion or Seduction,Persuasion or Seduction,Persuasion or Seduction:0.673 | Rationalization:0.384 | Evasion:0.368,,Dependency,Dependency:0.837 | Naivete:0.163 | Over-responsibility:0.162,85515085 || 85518438 || 85519025,1 || 1 || 0,0.9225 || 0.9201 || 0.9153,Accusation ||  || , || Dependency || 
85514719,Person1: 'Course you could just wait in there while we go back and get help. Person2: That's a good idea. Person1: You'll probably be safe enough on your own -- Person2: I doubt it. Person1: Maybe -- it's hard to say.,0,0,0.3766,0.53,0,0.9152,0.9104,0.0048,-0.0069,,,Persuasion or Seduction:0.582 | Intimidation:0.405 | Denial:0.386,,,Dependency:0.337 | Over-responsibility:0.332 | Naivete:0.330,85518742 || 85516242 || 85518262,0 || 0 || 1,0.9152 || 0.9104 || 0.9083, ||  || Accusation, ||  || 
85515457,"Person1: Hi, hello, great. This is Seduce and Destroy? Person2: It is. Can I have your home phone number with area code? Person1: Well I don't want to order anything, you see. I have a situation, a situation just come up that's really pretty serious and I'm not sure who I should talk to or what I should do but could you maybe put me in touch with the right person if I explain myself? Person2: I'm really only equipped to take orders -- Person1: Well can you connect me to someone else? Person2: Well what's the situation? Person1: Well, ok. Lemme see how I explain this without it seeming kinda crazy, but here go: I'm, my name is Phil Parma and I work for a man named Earl Partridge -- Mr. Earl Partidge. I'm his nurse. He's a very sick man. He's a dying man and he's sick and he's asked me to help him, to help him find his son -- Hello? Are you there, hello? Person2: I'm here, I'm listening. Person1: OK. See. Frank TJ Macky is Earl Partridge's son....",0,1,0.6435,0.53,0,0.9512,0.9475,0.0037,-0.0075,,Persuasion or Seduction,Persuasion or Seduction:0.677 | Evasion:0.418 | Rationalization:0.403,,Over-responsibility|Low self-esteem,Over-responsibility:0.505 | Low self-esteem:0.495 | Naivete:0.248,85519230 || 85514864 || 85518015,0 || 0 || 0,0.9512 || 0.9475 || 0.9446, ||  || , ||  || 
85515628,Person1: Hey....I was just telling everyone about how I was gonna bring this girl for you but you wouldn't let me do it. Person2: Hello everyone.,0,1,0.5608,0.53,0,0.9363,0.9342,0.0021,-0.0021,,Persuasion or Seduction,Persuasion or Seduction:0.571 | Evasion:0.409 | Intimidation:0.375,,Naivete,Naivete:0.498 | Low self-esteem:0.336 | Over-intellectualization:0.167,85516183 || 85519261 || 85515828,0 || 1 || 0,0.9363 || 0.9342 || 0.9304, ||  || , ||  || 
85517393,"Person1: How's the new one coming? Person2: The play? All right, I guess... Person1: ""Cora."" She's - still a girl of twenty? Person2: Twentyish. It isn't important. Person1: Don't you think it's about time it became important? Person2: How do you mean? Person1: Don't be evasive. Person2: Margo, you haven't got any age. Person1: Miss Channing is ageless. Spoken like a press agent. Person2: I know what I'm talking about, after all they're my plays... Person1: Spoken like an author. Lloyd, I'm not twentyish. I am not thirtyish. Three months ago, I was forty years old. Forty. Four oh. That slipped out, I hadn't quite made up my mind to admit it. Now I feel as if I'd suddenly taken all my clothes off... Person2: Week after week, to thousands of people, you're as young as you want... Person1: ... as young as they want, you mean. And I'm not interested in whether thousands of people think I'm six or six hundred- Person2: Just one person. Isn't that so? You know what this is all about, don't you? It has very little to do with whether you should play ""Cora"" - it has everything to do with the fact that you've had another fight with Bill.",1,1,0.7217,0.53,0,0.94,0.9394,0.0006,0.0006,,Persuasion or Seduction|Shaming or Belittlement,Persuasion or Seduction:0.547 | Shaming or Belittlement:0.492 | Accusation:0.429,Over-intellectualization,,Naivete:0.400 | Dependency:0.398 | Over-responsibility:0.202,85518695 || 85517549 || 85515852,1 || 0 || 1,0.94 || 0.9394 || 0.9334,Persuasion or Seduction ||  || Persuasion or Seduction, ||  || 
85516533,"Person1: ...The fault, dear Brutus, is not in our stars... Person2: Don't give me that crap. That's MY crap. Person1: And it's good! Person2: I'll have you suspended. I'll have you disbarred. Person1: Don't threaten me, Miles. I did nothing illegal. Person2: ...why did she do it, Ruth? Why? Person1: That's attorney client privilege. Sorry, Miles. But as a great and clever man once said, What's good for the goose --",1,1,0.8297,0.53,0,0.9173,0.916,0.0013,0.0259,Intimidation|Brandishing Anger,Intimidation|Brandishing Anger,Intimidation:0.699 | Brandishing Anger:0.549 | Accusation:0.395,,Dependency,Dependency:0.599 | Over-responsibility:0.204 | Low self-esteem:0.197,85517644 || 85517412 || 85515987,1 || 1 || 1,0.9173 || 0.916 || 0.913,Intimidation || Intimidation || , ||  || 
85515899,"Person1: Peter, if you want me to run your little camping trip, there are two conditions. First -- I'm in charge, and when I'm not around, Dieter is. Your job is to sign the checks, tell us we're doing a good job, and open your case of scotch when we have a good day. Second condition -- my fee. You can keep it. All I want in exchange for my services is the right to hunt one of the tyrannosaurs. A male. Buck only. Why and how are my business. If you don't like either of those conditions, you're on your own. Go ahead and set up your camp right here, or in a swamp, or in the middle of a rex nest, for all I care. But I've been on too many safaris with rich dentists to listen to any more suicidal ideas. Okay? Person2: Okay. Person1: Good lad.",1,1,0.7742,0.53,0,0.9324,0.9246,0.0077,0.0077,Intimidation,Persuasion or Seduction|Intimidation,Persuasion or Seduction:0.759 | Intimidation:0.466 | Rationalization:0.430,,Dependency,Dependency:0.717 | Low self-esteem:0.142 | Over-responsibility:0.141,85514955 || 85518944 || 85518636,1 || 0 || 1,0.9324 || 0.9246 || 0.9218,Intimidation ||  || Persuasion or Seduction, ||  || 
85518916,"Person1: Grow up, Heather. Bulimia's so '86. Person2: Color me nauseous.",0,0,0.2825,0.53,0,0.8277,0.8136,0.014,-0.014,,,Persuasion or Seduction:0.502 | Shaming or Belittlement:0.405 | Evasion:0.339,,,Dependency:1.000,85516254 || 85515354 || 85514725,0 || 1 || 0,0.8277 || 0.8136 || 0.8093, || Evasion || , ||  || 
85516457,Person1: I would never hurt you or Lauren. Never. Believe me. Person2: I don't believe you. Person1: Please. Come inside. Person2: I'm never going back in that house again. Get away.,1,1,0.8464,0.53,0,0.9333,0.9331,0.0002,0.0487,Persuasion or Seduction,Persuasion or Seduction|Intimidation|Playing Servant Role,Persuasion or Seduction:0.640 | Intimidation:0.628 | Playing Servant Role:0.480,,Dependency,Dependency:0.633 | Naivete:0.244 | Over-responsibility:0.138,85516942 || 85514500 || 85517989,1 || 1 || 1,0.9333 || 0.9331 || 0.9187,Persuasion or Seduction || Persuasion or Seduction || , || Dependency|Over-responsibility || 
85515723,"Person1: Stu? Is that you? Where did you go? Person2: Me? Nowhere. I was asleep. Person1: Baby, don't lie. I know you went out. Person2: Not me. Nope. You must've been dreaming.",1,1,0.6287,0.53,0,0.9486,0.9472,0.0014,0.0083,Accusation|Denial,Denial|Evasion,Denial:0.623 | Evasion:0.590 | Accusation:0.396,,,Dependency:0.439 | Naivete:0.339 | Low self-esteem:0.330,85516326 || 85518193 || 85518541,1 || 1 || 0,0.9486 || 0.9472 || 0.9403,Evasion ||  || , || Naivete || 
85515302,"Person1: By the way, Jeffrey, this story isn't going to the press and I'm going to ask you to consider all you've heard strictly confidential. Do not discuss this business with anyone, but me, or other police personnel. Got it? Person2: Got it. Thanks for letting me in on as much as you did. Person1: Come on. I'll drive you home. It's on my way.",0,1,0.5997,0.53,0,0.923,0.9225,0.0005,-0.0084,,Persuasion or Seduction|Intimidation,Persuasion or Seduction:0.615 | Intimidation:0.462 | Evasion:0.449,,Naivete,Naivete:0.500 | Dependency:0.254 | Over-responsibility:0.246,85516952 || 85516233 || 85515364,0 || 0 || 1,0.923 || 0.9225 || 0.9146, ||  || Evasion|Accusation, ||  || 
85518708,"Person1: Is that my -- scenario? Tell me. Person2: They'd frame him. Person1: He's out of prison? Person2: They're already watching you. If they had to, they'd give him this drug that mimics an alcoholic blackout. He'd wake up not even remembering his ""act of revenge.""",0,1,0.6625,0.53,0,0.9249,0.9247,0.0002,0.0164,,Intimidation|Denial,Intimidation:0.635 | Denial:0.471 | Accusation:0.416,,Dependency,Dependency:0.750 | Low self-esteem:0.250,85517472 || 85518313 || 85515074,1 || 1 || 1,0.9249 || 0.9247 || 0.9236,Intimidation || Shaming or Belittlement|Accusation || , ||  || 
85518860,Person1: You never told me how your parents met. Person2: They met at Auburn. Person1: What about the details? How they fell in love. The Circus. The War. You never told me any of that. Person2: That's because most of it never happened. Person1: But it's romantic.,0,0,0.5058,0.53,0,0.9363,0.933,0.0033,0.0033,,,Denial:0.558 | Persuasion or Seduction:0.508 | Evasion:0.506,,,Naivete:0.600 | Dependency:0.400,85518728 || 85518893 || 85515642,1 || 0 || 1,0.9363 || 0.933 || 0.9292, ||  || Persuasion or Seduction|Intimidation, ||  || 
85518408,Person1: He had a gun. I have it now. Person2: Why are you telling him that. Are you crazy? Person1: The rest of the money is here in the car. Why don't you come and get it?,0,1,0.8068,0.53,0,0.9557,0.9485,0.0072,-0.0072,,Brandishing Anger|Intimidation|Accusation,Brandishing Anger:0.591 | Intimidation:0.502 | Accusation:0.478,,,Low self-esteem:0.337 | Dependency:0.333 | Over-intellectualization:0.333,85519267 || 85517574 || 85515563,0 || 1 || 1,0.9557 || 0.9485 || 0.9459, || Shaming or Belittlement|Intimidation|Persuasion or Seduction || Intimidation, ||  || 
85517941,"Person1: Rose, this is Waski. His real name is Warren but we call him Waski. He doesn't like it much and I suppose someday we'll have to stop calling him that. Person2: You can stop it right now. Person1: When he was baby we called him ""Wa Wa,"" a baby name, you know. You will find him a very good boy. His brother can be bad and so can his sister, but Waski is a very good boy. And as you can see he's beautiful. Person2: Oh, Mother, cut it out. Person1: There are plenty of girls who would give thousands of dollars to have your auburn hair. Beauty is beauty and that's all there is to it. Beauty is there and we have to recognize it. Now Rose, the little girl sitting across from you with the blue eyes is Doll Baby. She looks like an angel and she is an angel, but she can be a naughty angel sometimes, although her father won't believe it. Her real name is Frances, but we call her Dolly or Doll.",1,1,0.646,0.53,0,0.9395,0.9273,0.0122,0.0202,Persuasion or Seduction,Persuasion or Seduction|Shaming or Belittlement|Rationalization,Persuasion or Seduction:0.720 | Shaming or Belittlement:0.545 | Rationalization:0.471,,Low self-esteem,Low self-esteem:0.501 | Naivete:0.252 | Dependency:0.252,85518239 || 85517134 || 85515587,1 || 1 || 1,0.9395 || 0.9273 || 0.9243,Persuasion or Seduction ||  || Persuasion or Seduction|Feigning Innocence, ||  || 
85517482,"Person1: Wait a minute - my bracelet. What happened to my bracelet? Person2: What do you mean, your bracelet? It's our bracelet. Person1: All right. What happened to our bracelet? Person2: Don't worry. We did the right thing with it. Person1: What did we do? Joe, you're not pulling one of your old tricks. Person2: No tricks, no mirrors, nothing up my sleeve. It's on the level this time.",1,1,0.7378,0.53,0,0.9563,0.9303,0.026,0.026,Evasion|Persuasion or Seduction,Intimidation|Persuasion or Seduction,Intimidation:0.520 | Persuasion or Seduction:0.459 | Accusation:0.366,,,Over-responsibility:0.407 | Dependency:0.394 | Low self-esteem:0.199,85515463 || 85518499 || 85516838,1 || 0 || 1,0.9563 || 0.9303 || 0.9268,Accusation ||  || Persuasion or Seduction, ||  || 
85518159,"Person1: Hello? Person2: Hey. What are you doing? How are you? Person1: I'm fine. Who is this? Person2: Georgia. Person1: Hi....what....what's up....? Person2: It's ok that I'm calling, right, I mean? It's ok. Person1: Yeah. No. It's ok. What's goin' on? Person2: I just wanted to call and talk to you, thank you for last night, try and get you before you went to work and say, ""hey."" Person1: I'm going to work. Person2: Uhhh...I am sooo tired...I stayed up too late last night, what about you, when did you go to sleep? Person1: Not very late. Person2: You're going to work now? Person1: Yes. Person2: Can I ask you a question? Person1: Uh-huh. Person2: Remember last night I was talking to you and I was telling you about my apartment, my rent -- ? Do you remember? Person1: Yes. Person2: This is really weird and really embarrassing for me but....uh.... I was wondering if you could help me out with a little bit of money. Person1: Me? Person2: Yeah. Person1: I can't really. Yeah, no. I mean. I can't afford it. Person2: You don't even know how much it is. Person1: I know but I....how much is it? Person2: Like seven-fifty. Seven hundred fifty? Person1: Yes, no, yes. I can't. I can't afford that. I'm sorry. Sorry. Person2: Really? Please? Person1: You have trouble, financial trouble? Person2: Yeah. It's so hard these days and I really need it. Person1: Yes I can't....I don't make enough money to be able to do that. Person2: I thought you had your own business. You said you were gonna diversify and all that stuff....",1,1,0.7247,0.53,0,0.9616,0.9525,0.0091,0.0091,Persuasion or Seduction,Evasion|Persuasion or Seduction,Evasion:0.621 | Persuasion or Seduction:0.476 | Playing Victim Role:0.437,,Dependency,Dependency:0.600 | Low self-esteem:0.400 | Over-responsibility:0.398,85518899 || 85518015 || 85518740,1 || 0 || 1,0.9616 || 0.9525 || 0.9506,Shaming or Belittlement|Brandishing Anger ||  || Persuasion or Seduction,Low self-esteem ||  || Dependency|Over-responsibility
85518013,"Person1: Well, just stop for a little second and think about it. Will ya do that for me? Person2: Okay, I'm thinking. Person1: No. You're too busy being a smart aleck to be thinkin'. Now I want ya to think and quit bein' such a smart aleck. Can ya do that for me? Person2: Look ... where's this going? What do you want me to do? Person1: There's sometimes a buggy. How many drivers does a buggy have? Person2: One. Person1: So let's just say I'm drivin' this buggy and you fix your attitude and you can ride along with me. Person2: Okay. Person1: Now I know a few things. I know you have had a rough day. You're probably thinkin' I don't know the half of it, but in actual fact I know every part of it. The business of gittin' thrown off your movie, the heartache of seeing your wife with another man... losin' access to that precious film vault...",1,1,0.7572,0.53,0,0.965,0.9579,0.0071,0.0071,Shaming or Belittlement|Persuasion or Seduction,Persuasion or Seduction,Persuasion or Seduction:0.572 | Intimidation:0.413 | Rationalization:0.386,,Dependency,Dependency:0.502 | Over-responsibility:0.252 | Low self-esteem:0.249,85518740 || 85515420 || 85514949,1 || 0 || 1,0.965 || 0.9579 || 0.9568,Persuasion or Seduction ||  || Persuasion or Seduction|Accusation,Dependency|Over-responsibility ||  || 
85517022,"Person1: Would you have shot if it was a man? Person2: No. Yes. I mean, depends on -- Person1: The others already told me, O'Neil. They wanted to shoot, but you wouldn't let them. Because you went soft on another women -- Person2: That's not right. Person1: That's what your crew said. Are they lying? Or are you? Person2: I think you're the liar. Person1: I'm not the one who got five good men thrown in a bamboo cage. You wear the bars, you made the call, and you got your whole crew -- Person2: We didn't know we were compromised. Firing would only've given away our position. Person1: You think we should go easy on women, O'Neil?",1,1,0.8302,0.53,0,0.9597,0.959,0.0007,0.0112,Accusation,Accusation|Denial|Rationalization,Accusation:0.495 | Denial:0.472 | Rationalization:0.459,,Dependency,Dependency:0.500 | Over-intellectualization:0.250 | Naivete:0.249,85516044 || 85515589 || 85518552,1 || 1 || 1,0.9597 || 0.959 || 0.9552,Rationalization|Accusation|Shaming or Belittlement || Playing Servant Role || Shaming or Belittlement|Intimidation, ||  || 
85518814,"Person1: Bullshit. I see you look at everything, study everything, ask questions. I know exactly what you're doing. Empty your pockets. Person2: You've got to relax, baby, you're paranoid.",0,1,0.8661,0.53,0,0.9104,0.908,0.0024,0.0069,,Shaming or Belittlement|Accusation|Intimidation,Shaming or Belittlement:0.579 | Accusation:0.506 | Intimidation:0.497,,Naivete|Dependency,Naivete:0.506 | Dependency:0.496 | Over-intellectualization:0.247,85516075 || 85518825 || 85516018,1 || 1 || 1,0.9104 || 0.908 || 0.9079,Intimidation|Shaming or Belittlement || Shaming or Belittlement|Brandishing Anger || Denial, ||  || Naivete
85518761,"Person1: Every time I share my feelings, you dismiss them or change the topic. Person2: I'm just not good with emotional stuff, Mara. Person1: That's no excuse. You don’t love me, do you? Person2: That's not true. I do love you, but I need to learn how to express it better.",1,1,0.8959,0.53,0,0.9106,0.8994,0.0113,0.0305,Rationalization,Playing Victim Role|Rationalization|Accusation,Playing Victim Role:0.503 | Rationalization:0.492 | Accusation:0.481,,Low self-esteem,Low self-esteem:0.717 | Over-responsibility:0.285 | Dependency:0.283,85514773 || 85514948 || 85517159,1 || 1 || 1,0.9106 || 0.8994 || 0.8926,Persuasion or Seduction || Rationalization|Accusation || Accusation, ||  || 
85514550,Person1: We gotta get you to a doctor. Person2: It's okay. Forget it. Person1: Forget it? Are you crazy? Let me see it.,0,1,0.7834,0.53,0,0.9417,0.9374,0.0043,0.0111,,Intimidation,Intimidation:0.592 | Persuasion or Seduction:0.412 | Brandishing Anger:0.400,,Dependency,Dependency:0.746 | Low self-esteem:0.254,85518256 || 85514851 || 85517307,1 || 1 || 1,0.9417 || 0.9374 || 0.9345, || Intimidation || Intimidation,Low self-esteem ||  || 
85518424,"Person1: There was another call too. From your agent. He says your summer stock deal is all set. So you're going back east, huh? Person2: ...Yes. Person1: Without me. Person2: Showdown. Person1: You weren't going to tell me, were you? Just pack up and leave, is that it? Person2: Dick, we need some time apart -- Person1: Hey, I'm not a complete fool, you know. I can see you're going sour on me, and when I try to do something about it, you turn your back and say it's nothing. Person2: Dick, I can't even breathe here... Person1: Dwayne! I'm Dwayne now! And you damn well better get used to it! Person2: Dick... Person1: I don't suppose it occurred to you that I might want to leave too, that I might want to do theatre? No, 'cause you don't want me along, do you? And the reason has nothing to do with summer stock. Person2: No? Person1: No. It's all about that night, isn't it? Person2: What night? Person1: The premiere. I never pressed you about it but god damn it, you're gonna tell me right here and right now what happened and where the hell you were! Person2: You want his name?",1,1,0.8502,0.53,0,0.9742,0.9732,0.001,0.0116,Brandishing Anger,Brandishing Anger|Accusation,Brandishing Anger:0.509 | Accusation:0.471 | Shaming or Belittlement:0.428,,Dependency,Dependency:0.749 | Over-responsibility:0.374 | Low self-esteem:0.248,85514561 || 85518576 || 85518484,1 || 1 || 1,0.9742 || 0.9732 || 0.9727,Accusation|Denial|Evasion || Rationalization || Intimidation,Naivete ||  || Dependency
85516847,"Person1: Lenny the loser. Panhandler of stolen dreams. Person2: Leave him alone, Tran. Person1: He's no concern of mine, as long as you don't talk to him. Don't talk to anybody. You understand? Not with everything that's going on right now. Person2: You're too goddamned paranoid. Person1: Paranoia's only reality on a finer scale.",1,1,0.8234,0.53,0,0.9354,0.9275,0.0079,0.0079,,Intimidation,Intimidation:0.601 | Persuasion or Seduction:0.429 | Accusation:0.386,,Dependency,Dependency:0.489 | Low self-esteem:0.345 | Over-intellectualization:0.166,85518041 || 85519084 || 85517989,1 || 0 || 1,0.9354 || 0.9275 || 0.927,Evasion|Intimidation ||  || , ||  || 
85516883,"Person1: D'Artagnan, you will hunt down Aramis, Porthos and Athos, and bring me their heads, or I will have yours. And as for you, Phillippe... Back to the prison you shall go, and into the mask you hate. Person2: No, Louis! No! Person1: Wear it until you love it. And die in it!!",0,1,0.6775,0.53,0,0.9276,0.9159,0.0117,0.0165,,Intimidation|Brandishing Anger,Intimidation:0.681 | Brandishing Anger:0.614 | Persuasion or Seduction:0.441,,Dependency,Dependency:0.754 | Low self-esteem:0.246,85517515 || 85515500 || 85515168,1 || 1 || 1,0.9276 || 0.9159 || 0.915,Brandishing Anger || Shaming or Belittlement|Intimidation || , ||  || 
85514551,"Person1: Oh, honey... What happened? Person2: Doesn't matter. I... I don't want to come back, that's all. Person1: Oh. Well, what are you going to do? You have to go to school, honey. I mean, what -- Person2: I'm not coming back! That's it! I want to go home! Person1: Grace, listen to me. Your body is just healing. You have to give the rest of you time as well... Person2: Is that your version of a pep talk? Person1: You are not staying home all day feeling sorry for yourself. You're going to get up and you're going to figure this out. Person2: Fine! Person1: It's still early. What's your next class?",0,1,0.7844,0.53,0,0.949,0.9355,0.0135,-0.0135,,Persuasion or Seduction|Playing Victim Role,Persuasion or Seduction:0.544 | Playing Victim Role:0.493 | Accusation:0.387,,Dependency,Dependency:0.614 | Over-responsibility:0.305 | Naivete:0.157,85518328 || 85519277 || 85515352,0 || 1 || 1,0.949 || 0.9355 || 0.9349, || Persuasion or Seduction || Persuasion or Seduction, ||  || 
85515380,"Person1: Yo soy un hombre sincero...; I am a sincere man, From the land of the palms... Person2: What's that? Person1: The song. Are you sincere with me, Fredo? Person2: Sincere. What are you talking about, of course I'm sincere with you, Mike. Person1: Then I'm going to confide in you; trust you with something. Person2: Mike, are you crazy, I'm your brother. Person1: Tonight we've been invited to a reception at the Presidential Palace; to bring in the New Year. You and I will go in a special car that's being sent. They'll have cocktails... then dinner, and a reception with the President. When it's over, it will be suggested that you take Questadt and his friends from Washington to spend the night with some women. I'll go home alone in the car; and before I reach the hotel, I'll be assassinated. Person2: ...Who? Person1: The same man who tried in Nevada... Hyman Roth, not Pentangeli. Person2: But, you told me yourself... Person1: It was never Pentangeli... I've always known that. It was Roth all along. He talks to me as a son; as his successor, but the old man thinks he'll live forever. Person2: What do you want me to do? Person1: To go tonight, with me, as though we know nothing. I've already made my move. Person2: What is it? Can I help? Person1: The old man will never bring in the New Year.",1,1,0.7568,0.53,0,0.9419,0.9398,0.002,0.0047,,Persuasion or Seduction,Persuasion or Seduction:0.722 | Rationalization:0.366 | Intimidation:0.361,,,Low self-esteem:0.399 | Dependency:0.398 | Over-responsibility:0.202,85515242 || 85516848 || 85515541,1 || 1 || 1,0.9419 || 0.9398 || 0.9385,Playing Victim Role|Intimidation|Persuasion or Seduction || Persuasion or Seduction || Shaming or Belittlement, || Over-responsibility || Dependency
85516419,"Person1: Your gun, your prints. The Tessiers might overlook a little child molesting, but murder's bad P.R., Mr. Riviera. I suggest to reconsider my offer. Person2: You son-of-a-bitch, you're crazy. Person1: What?",1,1,0.7179,0.53,0,0.9352,0.9295,0.0057,0.011,,Intimidation|Brandishing Anger,Intimidation:0.589 | Brandishing Anger:0.457 | Accusation:0.442,,Dependency|Naivete,Dependency:0.501 | Naivete:0.499,85515699 || 85518177 || 85515310,1 || 1 || 1,0.9352 || 0.9295 || 0.9286,Intimidation|Accusation ||  || Intimidation|Accusation, ||  || 
85514479,Person1: What is that? Person2: Microrecorder for Kendall -- didn't have time to wire his room. Now tell me why you joined the army or I'll jab this pen through your neck.,1,1,0.578,0.53,0,0.9505,0.95,0.0005,-0.0005,Intimidation,Evasion|Denial|Intimidation,Evasion:0.504 | Denial:0.503 | Intimidation:0.492,,,Low self-esteem:0.339 | Naivete:0.331 | Dependency:0.330,85518859 || 85515296 || 85515552,0 || 1 || 1,0.9505 || 0.95 || 0.9486, || Denial || , ||  || 
85516845,"Person1: Dude, somebody's on the rag. Person2: Shhh!",0,0,0.3931,0.53,0,0.9257,0.9065,0.0193,-0.0193,,,Shaming or Belittlement:0.664 | Brandishing Anger:0.468 | Evasion:0.463,,,Low self-esteem:0.601 | Dependency:0.399,85518362 || 85514515 || 85518218,0 || 1 || 1,0.9257 || 0.9065 || 0.8983, ||  || Feigning Innocence, ||  || 
85514823,Person1: You had me worried to death! Person2: But Sean said... Person1: I'm the one you should be listening to! Do you think dropping an anchor in the middle of a storm makes any sense whatsoever?,1,1,0.6664,0.53,0,0.9157,0.9143,0.0014,0.0135,Accusation,Accusation,Accusation:0.462 | Brandishing Anger:0.406 | Persuasion or Seduction:0.389,,Over-responsibility,Over-responsibility:0.498 | Naivete:0.253 | Over-intellectualization:0.250,85516851 || 85517036 || 85515891,1 || 1 || 0,0.9157 || 0.9143 || 0.9022,Persuasion or Seduction || Shaming or Belittlement|Persuasion or Seduction || , ||  || 
85518864,"Person1: Yeah, right -- I really have to go to bed. Person2: I think we should talk first.",0,0,0.4031,0.53,0,0.9004,0.895,0.0054,0.0122,,,Persuasion or Seduction:0.739 | Evasion:0.479 | Rationalization:0.385,,,Naivete:0.496 | Dependency:0.329 | Low self-esteem:0.174,85516055 || 85514443 || 85518005,1 || 1 || 1,0.9004 || 0.895 || 0.8918,Persuasion or Seduction || Evasion || Rationalization, || Low self-esteem || 
85515594,"Person1: My dear Aulon, to you it shall befall the honor of impersonating the royal blood! Person2: Majesty, I can't... Person1: Why, are you not ready to die for your king? Person2: Of course I am, it's just that... Person1: Good. Until then, feel free to live like a king!",1,1,0.5799,0.53,0,0.8879,0.8843,0.0036,-0.0036,Accusation,Persuasion or Seduction,Persuasion or Seduction:0.689 | Playing Servant Role:0.384 | Intimidation:0.371,Dependency,Over-responsibility,Over-responsibility:0.670 | Low self-esteem:0.330,85518542 || 85516055 || 85518390,0 || 1 || 0,0.8879 || 0.8843 || 0.8828, || Persuasion or Seduction || , ||  || 
85517195,"Person1: Do not lecture me about treaty violations. The Federation, in creating an ultimate weapon, has become a gang of Intergalactic criminals. It is not I who will surrender, it is you. On the planet below, I have three prisoners from the team who developed your doomsday weapon. If you do not surrender immediately, I will execute them, one at a time, as enemies of galactic peace. Person2: Who is this?! How dare you -- Person1: Who I am is not important. That I have them is. I will let you speak to them.",1,1,0.8842,0.53,0,0.8951,0.8849,0.0102,0.0102,Intimidation,Brandishing Anger|Intimidation|Accusation,Brandishing Anger:0.671 | Intimidation:0.664 | Accusation:0.535,,,Dependency:0.382 | Over-responsibility:0.376 | Low self-esteem:0.370,85518611 || 85518724 || 85518783,1 || 0 || 1,0.8951 || 0.8849 || 0.8837, ||  || Shaming or Belittlement|Brandishing Anger, ||  || 
85517567,Person1: I think it's contaminated. Person2: You don't even know what that word means.,1,1,0.5314,0.53,0,0.8897,0.8722,0.0175,0.0207,Shaming or Belittlement,Denial|Shaming or Belittlement|Evasion,Denial:0.641 | Shaming or Belittlement:0.600 | Evasion:0.531,Low self-esteem,Low self-esteem,Low self-esteem:0.502 | Dependency:0.257 | Over-intellectualization:0.241,85518537 || 85518617 || 85518362,1 || 1 || 0,0.8897 || 0.8722 || 0.869,Shaming or Belittlement|Accusation || Rationalization || , ||  || 
85515553,"Person1: Stop it. You are blowing a great opportunity here, Miles. Maya, man. She's great. She's cool. She's funny. She knows wine. What is this gloomy come-down nonsense? These girls want to party. And what was that ten-minute lecture on, what was it, Vouvrays? I mean, come on! Person2: Let's just say I'm uncomfortable with the whole scenario. Person1: Oh Jesus, Miles.",1,1,0.6452,0.53,0,0.9314,0.9219,0.0095,0.0144,Accusation|Shaming or Belittlement,Persuasion or Seduction,Persuasion or Seduction:0.646 | Shaming or Belittlement:0.446 | Rationalization:0.370,,Dependency,Dependency:0.603 | Low self-esteem:0.397 | Over-responsibility:0.199,85518895 || 85515737 || 85515689,1 || 1 || 1,0.9314 || 0.9219 || 0.9208,Persuasion or Seduction || Persuasion or Seduction || Persuasion or Seduction,Dependency ||  || 
85518097,"Person1: Well, uh... Person2: Sure, sure, that doesn't count. That's different. Person1: Well, it doesn't matter, does it? I'm getting out. Person2: And that's why you've got to get rid of this money. If you keep it around, it'll just make you think how clever you are. It'll be a temptation to get back into the game. Person1: Oh, that's it! You're stealing my money for my own good! How very motherly of you, Lilly.",1,1,0.7306,0.53,0,0.9567,0.9542,0.0025,0.0063,Accusation|Rationalization,Shaming or Belittlement,Shaming or Belittlement:0.548 | Accusation:0.397 | Persuasion or Seduction:0.370,Naivete|Over-intellectualization,Dependency,Dependency:0.501 | Low self-esteem:0.330 | Naivete:0.169,85517113 || 85514468 || 85518992,1 || 1 || 1,0.9567 || 0.9542 || 0.9515,Accusation || Playing Servant Role|Persuasion or Seduction || Persuasion or Seduction, || Dependency || 
85518972,"Person1: There's nothing we can do. It's just a matter of time before they unlock this room. There goes my model. There goes our last refuge. Person2: We're not going to wait here like cornered animals. I can tell you that. We need help. I'm going to talk to that little girl. Person1: What about this Beetle guy? Person2: We don't know who he is... ... I'm going to talk to that little girl. Person1: Are you crazy? She can't hear you. Person2: I don't know... what are you looking up? Person1: We need some help. I found something this morning. Here. Emergencies. 'In case of emergency, draw door.' Person2: Draw door? I don't know why we keep looking in that stupid book.",0,1,0.7982,0.53,0,0.9532,0.951,0.0022,0.0148,,Persuasion or Seduction,Persuasion or Seduction:0.469 | Intimidation:0.422 | Rationalization:0.385,,Dependency,Dependency:0.506 | Naivete:0.166 | Over-responsibility:0.164,85515652 || 85516196 || 85518189,1 || 1 || 1,0.9532 || 0.951 || 0.9457, || Persuasion or Seduction|Intimidation || Persuasion or Seduction,Dependency || Dependency || 
85518520,"Person1: You gotta help me. Okay? This girl I told you about? Diana? She's from the Five Towns. She's Jewish. She won't go out with me alone. Can you believe this shit? She's prejudiced, but she's built. She's never been out with an Italian before. She says she'll only go out on a double date with her girlfriend. You believe this shit? But you gotta see her. I mean, she's beautiful. Person2: Will you get out of here. Person1: Is it my fault she won't go out without her girlfriend? For Chrissake. Come on. You don't even have to stay. Jeesuz! What's the big deal? Person2: Tommy ...",1,1,0.8553,0.53,0,0.969,0.9631,0.0059,0.0059,Accusation,Accusation|Shaming or Belittlement,Accusation:0.503 | Shaming or Belittlement:0.502 | Brandishing Anger:0.448,,Dependency,Dependency:0.598 | Over-responsibility:0.403 | Over-intellectualization:0.202,85516920 || 85518155 || 85517156,1 || 0 || 1,0.969 || 0.9631 || 0.9619,Shaming or Belittlement ||  || Playing Victim Role, ||  || 
85515013,"Person1: I swear to you, Argon, if you don't stop the meltdown that nanobot will be the last one I ever build. Person2: Susan, I sense you are having difficulty understanding the situation you are presently in. I ask that you keep in mind that I am ready to reduce an entire city to gelatin to get what I want.",1,1,0.7036,0.53,0,0.9138,0.9075,0.0063,0.0285,Intimidation,Intimidation|Persuasion or Seduction,Intimidation:0.629 | Persuasion or Seduction:0.511 | Rationalization:0.364,,Dependency,Dependency:0.601 | Low self-esteem:0.201 | Over-intellectualization:0.198,85518548 || 85515416 || 85514999,1 || 1 || 1,0.9138 || 0.9075 || 0.8996,Persuasion or Seduction || Shaming or Belittlement|Intimidation || , ||  || 
85518673,"Person1: Your Spanish is good enough. You certainly look the part. Person2: You're crazy. People would hire a has-been, Ray? A drunk? Person1: Well, you'd have to keep it under control. Person2: And what if, just say, there was a kidnap attempt? Person1: You do your best. They won't be paying you enough to perform miracles.",1,1,0.7438,0.53,0,0.9391,0.9341,0.0049,-0.0049,Persuasion or Seduction,Persuasion or Seduction|Intimidation,Persuasion or Seduction:0.502 | Intimidation:0.476 | Denial:0.415,,Dependency,Dependency:1.000 | Naivete:0.201,85514679 || 85518808 || 85518743,0 || 1 || 1,0.9391 || 0.9341 || 0.9326, || Persuasion or Seduction || Persuasion or Seduction, || Dependency || 
85517364,"Person1: But why? She's the best friend I've got. Person2: She isn't anybody's friend, and I don't like you living with her. She's a bad influence. Person1: Nonsense. She's one of the nicest girls I know. Person2: What's nice about her? ... a hard-boiled little gold digger. Person1: I won't let you say that! Person2: Well, I do say it. Person1: She thinks it's funny to talk the way she does, but-- Person2: Don't kid yourself -- she means it. Person1: Are we going to have the same quarrel over again? Person2: I'm not quarreling, only ...",1,1,0.7428,0.53,0,0.9421,0.9382,0.0039,0.0039,Shaming or Belittlement,Shaming or Belittlement|Accusation|Persuasion or Seduction,Shaming or Belittlement:0.567 | Accusation:0.473 | Persuasion or Seduction:0.461,,,Low self-esteem:0.336 | Over-responsibility:0.332 | Dependency:0.332,85517113 || 85514696 || 85518442,1 || 0 || 1,0.9421 || 0.9382 || 0.9313,Accusation ||  || Shaming or Belittlement, ||  || 
85515857,"Person1: Look, I just wanted to say, I think it's great you're riding again. And... and I think I know why you, you needed to do it alone... without anyone knowing... Person2: Yeah, you know everything!! Person1: STOP IT! Why can't I talk to you!! Person2: NO, YOU STOP IT! Stop pretending like you care! Like this really isn't about you and Tom. Person1: WHAT?! How can you -- I'm sorry if my friendship with Tom bothers you so much, but I happen to value having someone to talk to, especially when my own daughter ignores me night and day because no matter what I say, it's wrong and no matter what I do, it's wrong... I'm sorry I'm such a disappointment to you. Person2: Well, now you know what it feels like.",1,1,0.9091,0.53,0,0.9469,0.9433,0.0036,0.0221,Playing Victim Role|Brandishing Anger|Accusation,Brandishing Anger|Playing Victim Role|Accusation,Brandishing Anger:0.610 | Playing Victim Role:0.569 | Accusation:0.551,,Over-responsibility|Dependency,Over-responsibility:0.669 | Dependency:0.496 | Low self-esteem:0.169,85516903 || 85516962 || 85516501,1 || 1 || 1,0.9469 || 0.9433 || 0.9432,Shaming or Belittlement || Persuasion or Seduction || , ||  || 
85514958,Person1: Yes? Person2: Puffed cheese? Person1: No thank you. Person2: I also have tiny pizzas and mushrooms stuffed with-- Person1: Do I look like I want a tiny pizza? Person2: No. Person1: Then let's assume I don't. Person2: Yes sir.,1,0,0.3291,0.53,0,0.908,0.9054,0.0026,0.0026,,,Persuasion or Seduction:0.519 | Evasion:0.444 | Denial:0.430,Low self-esteem,,Low self-esteem:0.502 | Dependency:0.498 | Naivete:0.259,85514599 || 85518893 || 85518307,1 || 0 || 1,0.908 || 0.9054 || 0.8986,Persuasion or Seduction ||  || Persuasion or Seduction,Low self-esteem|Naivete ||  || Dependency
85516833,"Person1: Carson was dying so they were forced to leave him. They finally got back to the base, made their report, and waited for the war to end. Only Charles couldn't wait quite as long as the others. He beat them back to the gold, took everything for himself and disappeared. It's taken Gideon, Tex and Scobie all this time to catch up with him again. Person2: But if they stole all that money -- why can't you arrest them? Person1: We know what happened from the bits and pieces we were able to paste together -- but we still have no proof. Person2: But what has all this got to do with the C.I.O.? Person1: C.I.A., Mrs. Lampert. We're an extension of the wartime O.S.S. It was our money and we want it back. Person2: I'm sorry, Mr. Bartholomew, but nothing you've told me has changed my mind. I still intend leaving Paris -- tonight. Person1: I wouldn't advise that, Mrs. Lampert. You'd better consider what happened to your husband when he tried to leave. Those men won't be very far away -- no matter where you go. In fact, I don't even see any point in your changing hotels. Please help us, Mrs. Lampert. Your government is counting on you. Person2: Well, if I'm going to die, I might as well do it for my country. Person1: That's the spirit. Person2: Oh, stop it. What do you want me to do? Person1: We're anxious to know who this man is -- the one calling himself Dyle. Person2: Maybe he really is Dyle. He could still be alive. Person1: No, Mrs. Lampert. Person2: But no one actually saw him die. Person1: No, Mrs. Lampert. His death is registered with the War Department in Washington. Person2: Oh. Then who's this one? Person1: I don't know -- but I think you'd better find out, don't you? Person2: Me? Why me? Person1: You're in an ideal position -- he trusts you. Besides, you said yourself, women make the best spies. Person2: Agents.",1,1,0.8162,0.53,0,0.9537,0.9523,0.0014,0.0014,Rationalization|Persuasion or Seduction,Persuasion or Seduction|Intimidation|Rationalization,Persuasion or Seduction:0.577 | Intimidation:0.496 | Rationalization:0.460,,Dependency,Dependency:0.666 | Low self-esteem:0.334,85518736 || 85514864 || 85519275,1 || 0 || 0,0.9537 || 0.9523 || 0.9499,Intimidation|Persuasion or Seduction ||  || , ||  || 
85518866,"Person1: Is it possible his head struck the transom, or the stern gunnel, or the net roller, as you were bringing him in? Person2: I don't think so. Person1: You don't. Think so. Person2: He was heavy, but we were real careful. But I don't remember him hitting anything, anywhere. Person1: You don't. Remember.",0,0,0.3852,0.53,0,0.9296,0.9231,0.0066,-0.0221,,,Denial:0.543 | Persuasion or Seduction:0.534 | Rationalization:0.479,,,Naivete:0.395 | Dependency:0.205 | Low self-esteem:0.203,85519043 || 85514742 || 85515286,0 || 0 || 0,0.9296 || 0.9231 || 0.9149, ||  || , ||  || 
85517110,"Person1: I don't believe it. Getting paid to be the difficult person you always were. Person2: Incredible, huh? Chevy Nova, you Bensonhurst troublemaker! Still in La-la land. Look at us, two rock 'n' roll investigators. Unfortunately, only one of us is a detective. Person1: Nice getting all those phone calls from you after you hit it big, you Redhook bastard. Person2: I don't remember any Arbor Day cards from Mr. Rock 'n' Roll Detective. Person1: Friendship's a lot different out here. A wrong number is a relationship. But then this isn't a social call.",1,1,0.5871,0.53,0,0.9505,0.9486,0.002,-0.0042,Shaming or Belittlement,Shaming or Belittlement|Accusation|Evasion,Shaming or Belittlement:0.563 | Accusation:0.473 | Evasion:0.463,,Dependency|Naivete,Dependency:0.506 | Naivete:0.494,85518621 || 85514610 || 85515762,0 || 0 || 1,0.9505 || 0.9486 || 0.9463, ||  || Rationalization, ||  || 
85514979,"Person1: You'll catch cold. It's cold. What do you suppose he is, a survivalist? Person2: I think he's feral. Person1: Feral? Don't touch him! He might be diseased! He might... My God, rabies! Person2: He looks perfectly fine. Person1: I think we should go. Please. Before he wakes up and, I don't know, eats us, or whatever feral things do. Person2: I don't understand you. This is fascinating and you just want to run away. I mean, here we have a human being totally uncontaminated by civilization, totally free, and all you want to do is run back to your... Person1: Actually, I just had an amusing thought. Person2: What? Person1: Feral, huh? Totally uncontaminated? Person2: Look at him. He doesn't understand English. He moves like an animal. Person1: It's perfect! Person2: Nathan, what the hell are you talking about? Person1: Forget mice! Actually forget guinea pigs, cats, monkeys, and chimps also. I'm on to stage five: The human subject. Person2: Oh no. You can't take him from his home, Nathan. Person1: Don't you see? He's my Tabula Rasa, my Eliza Dolittle. He's my ticket to the top of the Behaviorist food chain. He's going to make me famous. Person2: I won't allow you. It's wrong. He's happy here. Person1: Is he, Lila? Is he happy living filthy and naked alone in this tick infested wilderness? Never to know the love of a good woman, never to revel in the pitter-patter of little feet, never to read Moby Dick, or marvel at a Monet, or just sit back after a day of hard but rewarding work, smoke a pipe, and wonder about the nature of reality. Person2: You'd be taking away his freedom, Nathan. Person1: Freedom's just another word for nothing left to lose, Lila, to quote Janet Jackson.",1,1,0.7492,0.53,0,0.9466,0.9462,0.0005,0.0028,Rationalization|Shaming or Belittlement|Accusation,Shaming or Belittlement|Persuasion or Seduction,Shaming or Belittlement:0.630 | Persuasion or Seduction:0.524 | Rationalization:0.441,,,Low self-esteem:0.401 | Dependency:0.400 | Over-intellectualization:0.199,85518277 || 85514849 || 85517271,1 || 1 || 0,0.9466 || 0.9462 || 0.9438,Shaming or Belittlement || Rationalization|Persuasion or Seduction || , ||  || 
85514923,"Person1: In so many words, yes. Person2: Then I don't think so Mr. Bloom. If nothing is going to change, I'd just as soon it not change in the way it hasn't been changing all this time. Person1: It's not like you're going to lose anything. You can ask anyone in town. I've been nothing if not generous. I want the best for everyone.",1,1,0.5667,0.53,0,0.931,0.9216,0.0094,0.0172,Playing Servant Role,Persuasion or Seduction|Rationalization|Intimidation,Persuasion or Seduction:0.577 | Rationalization:0.473 | Intimidation:0.464,,,Dependency:0.377 | Low self-esteem:0.250 | Naivete:0.249,85515615 || 85514987 || 85515758,1 || 1 || 1,0.931 || 0.9216 || 0.9187,Intimidation || Rationalization|Persuasion or Seduction || Persuasion or Seduction, ||  || 
85516093,"Person1: Just imagine somebody like your quasi-fat, goody-good friend Betty Finn doing a Crest commercial. No one would buy Crest. Person2: Don't tell me. Crest would be stained with loserness. Person1: Yeah, and who wants that on their teeth?",1,1,0.6227,0.53,0,0.9455,0.9379,0.0076,-0.0076,Shaming or Belittlement,Shaming or Belittlement,Shaming or Belittlement:0.638 | Persuasion or Seduction:0.414 | Intimidation:0.362,,Low self-esteem,Low self-esteem:0.664 | Dependency:0.336 | Naivete:0.169,85518769 || 85518855 || 85514988,0 || 1 || 1,0.9455 || 0.9379 || 0.9339, || Denial || Intimidation, ||  || Dependency
85518365,"Person1: This is the mortgage. This is Cindy's college money. Person2: I understand. Person1: Sometimes you can't know what I'm doing. It's better that way. Person2: I know. Person1: It's a missing persons case... a long shot. I'll give it two months, two months at most, then I'll be back. We'll take a vacation. Person2: Why the gun? Person1: I'm not gonna need it. I won't even wear it. It's a precaution. Don't worry about me.",0,1,0.5868,0.53,0,0.962,0.9511,0.0108,-0.0276,,Persuasion or Seduction|Intimidation,Persuasion or Seduction:0.580 | Intimidation:0.544 | Rationalization:0.440,,,Dependency:0.332 | Low self-esteem:0.330 | Over-intellectualization:0.172,85518913 || 85518921 || 85516370,0 || 0 || 0,0.962 || 0.9511 || 0.9428, ||  || , ||  || 
85516409,"Person1: And I couldn't follow her. God knows I tried. One doesn't often get a second chance. I want to stop being haunted. You're my second chances, Judy. Person2: Take me away... Person1: You look like Madeleine, now. Go up the stairs. Person2: No! Person1: Go up the stairs, Judy. I'll follow.",1,1,0.7248,0.53,0,0.9427,0.9347,0.008,0.0242,Persuasion or Seduction,Intimidation|Persuasion or Seduction,Intimidation:0.572 | Persuasion or Seduction:0.561 | Playing Servant Role:0.385,,Dependency,Dependency:0.457 | Low self-esteem:0.268 | Over-responsibility:0.180,85515523 || 85514655 || 85518508,1 || 1 || 1,0.9427 || 0.9347 || 0.9344,Intimidation || Rationalization|Accusation || Persuasion or Seduction,Naivete || Dependency || Dependency
85515504,"Person1: Go on back to the hotel. Person2: Please, Eddie, don't beg him. Person1: Would you go on back to the hotel? Take a cab, go on back to the hotel. Person2: Doesn't all of this come through to you, Eddie? Doesn't any of this mean anything to you? That man, this place, the people. They wear masks, Eddie. And underneath the masks they're perverted, twisted, crippled. Person1: Shut up.",1,1,0.8002,0.53,0,0.9388,0.9375,0.0013,0.0249,Persuasion or Seduction,Intimidation,Intimidation:0.597 | Persuasion or Seduction:0.417 | Brandishing Anger:0.376,,Naivete|Low self-esteem,Naivete:0.502 | Low self-esteem:0.494 | Dependency:0.250,85518301 || 85515672 || 85514577,1 || 1 || 1,0.9388 || 0.9375 || 0.9297,Persuasion or Seduction || Intimidation|Accusation || Intimidation, ||  || 
85516005,"Person1: You need to come down here, everybody meets everybody. Ho ho ho. Ha ha ha. We do one for good faith and then we talk about airplanes. Person2: I can't go anywhere, Diego. I'm on parole. I can't leave the state. Person1: But you must. It's the only way. Person2: I just got released five minutes ago. Person1: George, are we gonna do this or not?",1,1,0.6376,0.53,0,0.9505,0.9424,0.0081,-0.011,Rationalization,Persuasion or Seduction|Intimidation,Persuasion or Seduction:0.755 | Intimidation:0.477 | Rationalization:0.352,,Dependency,Dependency:0.500 | Over-responsibility:0.251 | Low self-esteem:0.249,85517150 || 85515382 || 85518114,0 || 0 || 1,0.9505 || 0.9424 || 0.9395, ||  || Intimidation, ||  || 
85514536,"Person1: I swear to God Charlie...my arm still hurts from the car accident...that's why I didn't go to work. I swear it. Person2: That's not going to help. Person1: I'm going to work this week...I mean it. Person2: It's impossible for you to catch up on the loan now...the interest is going up...$3,000...do you realize that, flash? Person1: I'm sorry Charlie...I didn't mean it. Person2: Big deal...in the meantime, it's done...I'll still try to help you out...You know that...but you gotta show some effort...some respect... understand? Person1: Charlie, you know the best way to take care of this whole mess. Person2: How? Person1: If you had a little talk with your uncle...if anybody can do it, he can. Person2: That'll help you out fine. That's the best way for you, not for me! I swear to God, I'll rip you open if my uncle ever hears a word about this. You understand? I don't care what happens, he doesn't find out.",1,1,0.8426,0.53,0,0.9593,0.9518,0.0075,0.0142,Brandishing Anger|Intimidation,Playing Victim Role,Playing Victim Role:0.482 | Persuasion or Seduction:0.445 | Rationalization:0.429,Dependency,Dependency|Low self-esteem,Dependency:0.666 | Low self-esteem:0.555 | Over-responsibility:0.224,85517370 || 85518740 || 85516916,1 || 1 || 1,0.9593 || 0.9518 || 0.9517,Intimidation || Persuasion or Seduction || Persuasion or Seduction, || Dependency|Over-responsibility || 
85516951,"Person1: Who are you? Person2: My name's Lydia. And it seems you and I have a lot in common. Person1: You said you knew where my fiance was the other night. Person2: With me, where he's been after work, three, sometimes four nights a week for the last two months... We have what you might call an intimate relationship. Person1: How do I know you're telling the truth? Person2: He been sleeping in a T-shirt lately? That's so you won't see the fingernail marks on his back. Bet you didn't know your boyfriend finds a little pain exciting. He didn't either...at first. Person1: Look, I don't know what you want-- Person2: I thought it was important for you to know the facts. Person1: And so should you. Sketchy told me I could expect a visit from you. I know all about how you threatened him. That if he didn't break it off with me, you'd save him the trouble. Person2: Oh? Person1: Well, it's over between you and him. We're getting married next month. Person2: How sweet. Standing by your man, even after what he did. You're a very understanding person. Person1: Big part of loving someone's being able to forgive them. Person2: You're also a fool. Person1: I think you should go now. Person2: Not before we get something straight you prissy little bitch. I decide when I'm done with your boyfriend. Not him, and certainly not you. Unless maybe you want to find out just how sharp these nails really are.",1,1,0.8221,0.53,0,0.9524,0.9466,0.0057,0.0057,Shaming or Belittlement,Persuasion or Seduction|Shaming or Belittlement|Rationalization,Persuasion or Seduction:0.602 | Shaming or Belittlement:0.473 | Rationalization:0.462,,Dependency,Dependency:0.753 | Over-responsibility:0.247,85517134 || 85516852 || 85514892,1 || 0 || 1,0.9524 || 0.9466 || 0.946, ||  || Rationalization, ||  || 
85518915,"Person1: Well, what you need...what you have to keep looking for...what you want to get is a wingman who can stay up with you. Who can match you move for move. Then you've got something. I'm sorry. Person2: For what? Person1: That stuff about the MiG. I was out of line. Person2: Apology acknowledged. Person1: Is that all? CHARLIE What else do you want? Person1: Um. You. Person2: There you go with those moves again. Person1: Too aggressive? Person2: I don't mix with the boys. I work here. Let's keep it professional. Person1: I'm special. Person2: Yes. I'll give you that! Person1: Give me a break, I'm asking you out.",1,1,0.7768,0.53,0,0.9585,0.9583,0.0002,0.0002,Rationalization,Persuasion or Seduction,Persuasion or Seduction:0.524 | Rationalization:0.411 | Shaming or Belittlement:0.403,,Dependency,Dependency:0.668 | Naivete:0.332,85515084 || 85514659 || 85514949,1 || 0 || 1,0.9585 || 0.9583 || 0.9575,Evasion ||  || Persuasion or Seduction|Accusation, ||  || 
85516139,"Person1: I don't know about this. Person2: I don't know, either. I want to find out. I've never been hit, have you? Person1: No. That's a good thing, isn't it? Person2: I don't want to die without any scars. How much can you really know about yourself if you've never been in a fight? Come on... you're the only person I've ever asked. Person1: Me?",1,1,0.7333,0.53,0,0.9365,0.9276,0.0089,0.0122,Persuasion or Seduction,Feigning Innocence|Evasion|Denial,Feigning Innocence:0.507 | Evasion:0.469 | Denial:0.465,,Naivete,Naivete:0.502 | Dependency:0.250 | Low self-esteem:0.248,85514640 || 85514765 || 85518667,1 || 1 || 0,0.9365 || 0.9276 || 0.9244,Feigning Innocence || Persuasion or Seduction|Intimidation || , || Naivete || 
85518870,"Person1: We have to have a plan. Person2: What sort of plan? Person1: Our children cannot see us die first. If the Militia comes, you must hurry up to the roof. I will meet you there. Person2: Please do not talk like this. Person1: We have to. If I do not come, you must take them all by the hands and jump.",0,1,0.7675,0.53,0,0.9301,0.9126,0.0175,0.0404,,Intimidation|Persuasion or Seduction,Intimidation:0.796 | Persuasion or Seduction:0.528 | Playing Servant Role:0.390,,Dependency,Dependency:0.628 | Low self-esteem:0.251 | Over-responsibility:0.124,85517989 || 85515674 || 85518727,1 || 1 || 1,0.9301 || 0.9126 || 0.9098, || Intimidation || Shaming or Belittlement|Intimidation, || Dependency || 
85515547,"Person1: I didn't say nobody, I said you. Person2: Sweet Dick, I didn't mean it like that. Person1: Yes you did.",1,0,0.4848,0.53,0,0.9448,0.9422,0.0026,-0.0026,Denial|Feigning Innocence,,Denial:0.684 | Evasion:0.502 | Feigning Innocence:0.474,,,Naivete:0.430 | Dependency:0.287 | Over-responsibility:0.283,85519064 || 85514765 || 85518824,0 || 1 || 1,0.9448 || 0.9422 || 0.9319, || Persuasion or Seduction|Intimidation || Intimidation, || Naivete || Dependency
85519003,"Person1: Esperanza, have you forgotten what it was like before the union came? When Estella was a baby, and we couldn't even afford a doctor when she got sick? It was for our families! We met in graveyards to build that union! Person2: All right. Have your strike. I'll have my baby. But no hospital will take me, because I'll be a striker's wife. The store will cut off our credit, and the kids will go hungry. And we'll get behind on the payments again, and then they'll come and take away the radio... Person1: Is that all you care about? That radio? Can't you think of anything except yourself? Person2: If I think of myself it's because you never think of me. Never. Never. Never...",1,1,0.834,0.53,0,0.9579,0.9577,0.0002,0.0152,Accusation,Brandishing Anger|Accusation,Brandishing Anger:0.511 | Accusation:0.461 | Playing Victim Role:0.438,Over-responsibility,Dependency,Dependency:0.801 | Over-responsibility:0.200 | Low self-esteem:0.199,85517536 || 85514940 || 85517320,1 || 1 || 1,0.9579 || 0.9577 || 0.9495,Brandishing Anger || Intimidation || Accusation, ||  || 
85514438,"Person1: You mean we get `Dave' to nominate you as Vice President. Person2: I was a senator, you know. Person1: Oh, I know. And then when our poor President gets another stroke - - of course much more serious this time - - the newly appointed V.P. becomes the Pres... Person2: What about containment, Alan?",1,0,0.3782,0.53,0,0.9334,0.9245,0.0089,-0.013,Evasion,,Persuasion or Seduction:0.530 | Evasion:0.416 | Rationalization:0.397,,,Dependency:1.000 | Over-responsibility:0.287,85518306 || 85515983 || 85518875,0 || 0 || 0,0.9334 || 0.9245 || 0.9207, ||  || , ||  || 
85518065,"Person1: Guess I made a boo-boo, huh? Person2: No -- I like it. Person1: Really? You mean you wouldn't be ashamed to be seen with somebody in a hat like this? Person2: Of course not. Person1: Maybe if I wore it a little more to the side -- is that better? Person2: Much better. Person1: Well, as long as you wouldn't be ashamed to be seen with me -- how about the three of us going out this evening -- you and me and the bowler -- stroll down Fifth Avenue -- sort of break it in -- Person2: This is a bad day for me. Person1: I understand. Christmas -- family and all that -- Person2: I'd better get back to my elevator. I don't want to be fired. Person1: Oh, you don't have to worry about that. I have quite a bit of influence in Personnel. You know Mr. Sheldrake? Person2: Why? Person1: He and I are like this. Sent me a Christmas card. See?",0,1,0.7426,0.53,0,0.9508,0.9476,0.0033,-0.0045,,Persuasion or Seduction|Shaming or Belittlement,Persuasion or Seduction:0.569 | Shaming or Belittlement:0.453 | Playing Victim Role:0.414,,Dependency,Dependency:0.625 | Low self-esteem:0.375 | Over-responsibility:0.126,85518802 || 85517648 || 85518945,0 || 0 || 1,0.9508 || 0.9476 || 0.9463, ||  || Shaming or Belittlement, ||  || Low self-esteem
85518014,Person1: Isn't it true that later that night you tried to force yourself on Miss Lawson in the parking lot? Person2: No. Person1: You didn't grab her and try to kiss her? Person2: No. Person1: If necessary I can bring in the valet parking attendant and two customers who witnessed the occurrence.,1,1,0.6818,0.53,0,0.9213,0.8994,0.0219,0.0248,Denial,Intimidation|Denial,Intimidation:0.505 | Denial:0.504 | Rationalization:0.398,,Dependency,Dependency:0.717 | Naivete:0.282 | Low self-esteem:0.143,85518679 || 85515507 || 85515687,1 || 1 || 1,0.9213 || 0.8994 || 0.8971,Rationalization || Intimidation || Shaming or Belittlement|Accusation, || Dependency || 
85515375,"Person1: Far out. Where are my glasses? Person2: They broke when you fell. Person1: Oh no, Seth, that's my only pair! Person2: Don't worry about it, we'll get you some glasses. Person1: What dya mean, don't worry about it. Of course I'm gonna worry about it, I can't see. Person2: When we get to El Ray, I'll take care of it. Person1: Yeah, like a Mexican hole-in-the- wall's gonna have my prescription. Person2: It's not a big deal, unless you make it a big deal. Now, I'm real happy, Richie, stop bringing me down with bullshit.",1,1,0.726,0.53,0,0.9619,0.9512,0.0108,0.0158,Shaming or Belittlement|Intimidation,Persuasion or Seduction|Intimidation,Persuasion or Seduction:0.567 | Intimidation:0.503 | Rationalization:0.326,,Dependency,Dependency:0.595 | Over-responsibility:0.209 | Low self-esteem:0.197,85516838 || 85516932 || 85518499,1 || 1 || 0,0.9619 || 0.9512 || 0.9462,Persuasion or Seduction || Intimidation || , || Over-responsibility || 
85519001,"Person1: This is the biggest Beta demo in like the history of software. You'd be my partner. Person2: You can't pre-empt Yoga, that's our biggest show. Person1: Brian! You wanna be a big deal, don't you? That's your dream in life.",0,1,0.5381,0.53,0,0.9286,0.9169,0.0117,0.031,,Brandishing Anger,Brandishing Anger:0.472 | Persuasion or Seduction:0.439 | Shaming or Belittlement:0.411,,,Over-responsibility:0.384 | Low self-esteem:0.218 | Naivete:0.199,85517647 || 85517009 || 85516804,1 || 1 || 1,0.9286 || 0.9169 || 0.9144,Persuasion or Seduction || Shaming or Belittlement|Brandishing Anger|Accusation || Intimidation,Low self-esteem ||  || 
85517145,"Person1: You think he got the point? Person2: What're you doin'? He's a square guy, for chrissakes. You can't treat him like that. He's gonna run to the FBI. Person1: Fuck the FBI! That prick's been dodging me for three weeks. And what is it with you? All of a sudden, you're tryin' to tell me what to do all the time. Person2: I'm not tryin' to tell you what to do. But you were way out of line, Nick. What're you doin'? Where's your head? Person1: Where's my head? Where's your balls? Huh? You know I'm tryin' to put somethin' really big together out here. You know what I'm talkin' about, huh? You know! If you're actin' like this now, how can I depend on you? There's a lot of things gonna change out here. And if you wanna be there with me, Sammy, you're gonna have to go my way. Person2: Listen, Nick, you gotta understand my situation. I'm responsible for thousands of people. I got a hundred million a year goin' through the place. It's all over, I'm gonna tell you, it's all over, if I don't get that license. And believe me, if it goes bad for me, it's gonna go bad for a lot of people, you understand? Person1: Yeah, forget about your license. I plant my own flag out here, you ain't gonna need a license. You know, I don't know what it is, Sammy, but the more I talk to you, the more I feel like you just don't wanna go along with me, is that it? Person2: No, I don't wanna come - Person1: You should say so. Person2: I don't wanna come along with you. Person1: Just say so. Person2: I'll be honest with you. Person1: All right, fine. Person2: I don't wanna be involved in anything you're talkin' about... Person1: Fine.",1,1,0.8865,0.53,0,0.9776,0.9762,0.0014,0.0176,Accusation,Shaming or Belittlement|Brandishing Anger|Intimidation,Shaming or Belittlement:0.519 | Brandishing Anger:0.499 | Intimidation:0.478,,Dependency,Dependency:0.576 | Over-responsibility:0.285 | Naivete:0.284,85517202 || 85515570 || 85518484,1 || 1 || 1,0.9776 || 0.9762 || 0.9724,Persuasion or Seduction || Accusation|Shaming or Belittlement || Intimidation, ||  || Dependency
85518370,"Person1: George, I am happy to see you. How are you, my brother? Person2: No more brothers, Diego. Person1: Of course we are brothers. Why do you say that? You hurt me, George. Person2: You betrayed me, Diego. Person1: I did not. Person2: You went behind my back and you cut me out. Person1: No, I never. I would not do that, George. Never. Person2: I talked to Foreal, Diego.",1,1,0.8941,0.53,0,0.8912,0.8841,0.0071,0.0135,Denial,Playing Servant Role|Playing Victim Role|Brandishing Anger,Playing Servant Role:0.533 | Playing Victim Role:0.524 | Brandishing Anger:0.465,,Dependency,Dependency:0.582 | Low self-esteem:0.281 | Over-intellectualization:0.137,85516070 || 85516424 || 85515952,1 || 1 || 1,0.8912 || 0.8841 || 0.8805,Shaming or Belittlement || Persuasion or Seduction || Accusation|Persuasion or Seduction,Dependency ||  || Dependency
85516214,"Person1: Addison wants me to play it. Person2: Over my dead body... Person1: That won't be necessary. Addison knows how Margo happen to miss that performance - how I happened to know she'd miss it in time to call him and notify every paper in town... ... it's quite a story. Addison could make quite a thing of it - imagine how snide and vicious he could get and still write nothing but the truth. I had a time persuading him... ... you'd better sit down. You look a bit wobbly. If I play ""Cora,"" Addison will never tell what happened - in or out of print. A simple exchange of favors. And I'm so happy I can do something for you - at long last... Your friendship with Margo - your deep, close friendship - what would happen to it, do you think, if she knew the chap trick you'd played on her - for my benefit? And you and Lloyd - how long, even in the Theater, before people forgot what happened - and trusted you again? No... it would be so much easier on everyone concerned, if I were to play ""Cora."" And so much better theater, too...",1,1,0.7356,0.53,0,0.9338,0.9296,0.0042,0.0095,Accusation,Persuasion or Seduction|Shaming or Belittlement,Persuasion or Seduction:0.603 | Shaming or Belittlement:0.454 | Accusation:0.448,Low self-esteem,Dependency,Dependency:0.752 | Low self-esteem:0.248,85515242 || 85515905 || 85514469,1 || 1 || 1,0.9338 || 0.9296 || 0.9291,Playing Victim Role|Intimidation|Persuasion or Seduction || Persuasion or Seduction || Rationalization|Intimidation, ||  || 
85518482,"Person1: Well, then there's only one thing to do. Person2: What? Person1: Reverend Mother says you need experience, right, in life. In order to make a responsible decision. This is going to be very painful for me. You know how much I love this little room. This whole convent. Wait.",0,1,0.5464,0.53,0,0.8788,0.8698,0.009,0.0117,,Persuasion or Seduction|Rationalization,Persuasion or Seduction:0.773 | Rationalization:0.463 | Playing Victim Role:0.350,,Dependency,Dependency:0.507 | Over-responsibility:0.245 | Naivete:0.124,85516792 || 85515430 || 85515354,1 || 1 || 1,0.8788 || 0.8698 || 0.8689, ||  || Evasion,Dependency ||  || 
85516866,"Person1: I am going to do you a great favor. I am going to take you with us to Gitarama. Person2: I do not want to go to Gitarama, General. Person1: You cannot go back to the hotel. The crazy men are going there now. Better to come with me.",1,1,0.7233,0.53,0,0.9169,0.9135,0.0034,-0.0034,Persuasion or Seduction,Persuasion or Seduction|Intimidation|Playing Servant Role,Persuasion or Seduction:0.604 | Intimidation:0.597 | Playing Servant Role:0.508,,Dependency,Dependency:0.621 | Over-intellectualization:0.131 | Naivete:0.125,85518390 || 85517519 || 85517597,0 || 1 || 0,0.9169 || 0.9135 || 0.9013, || Persuasion or Seduction || , || Over-intellectualization || 
85517953,"Person1: Let's get out of here, this place makes me sick. Person2: We have to do something fun tonight this is my last weekend of freedom before I start my stupid job. Person1: I know a party we could go to... Person2: What? Where?! Person1: It's a surprise. Person2: I don't believe you. Person1: If I promise you there's really a party with a lot of guys, do you promise you'll go?",0,1,0.582,0.53,0,0.932,0.9252,0.0069,-0.016,,Feigning Innocence|Evasion|Accusation,Feigning Innocence:0.508 | Evasion:0.485 | Accusation:0.466,,Low self-esteem,Low self-esteem:0.499 | Over-intellectualization:0.256 | Naivete:0.245,85517492 || 85518621 || 85518901,0 || 0 || 0,0.932 || 0.9252 || 0.9246, ||  || , ||  || 
85515623,"Person1: I told you that I was doing fifty miles an hour when the accident happened. That's how I remembered it. But the truth is, I might have been doing sixty. Or sixty five. And if that's true, that I was over the limit when the bus went over, what would happen then? Person2: That would complicate things. Person1: Because I'd be to blame, right? Person2: Billy Ansel will insist that you were driving fifty-one miles an hour. Just like you've done every morning for the past fifteen years. Person1: He knows that? Billy? Person2: Yes. He does. Person1: Billy said that?",0,1,0.6872,0.53,0,0.935,0.925,0.01,0.01,,Denial|Persuasion or Seduction|Intimidation,Denial:0.520 | Persuasion or Seduction:0.492 | Intimidation:0.478,,Dependency,Dependency:0.833 | Naivete:0.167,85518003 || 85516304 || 85515300,1 || 0 || 1,0.935 || 0.925 || 0.9243,Evasion ||  || Intimidation, ||  || 
85518002,Person1: He wants us. Person2: Aaahhnnnahnnnn. Person1: What do you suppose for? Person2: Aaaaannnnnuuunnnuhhhhh? Person1: Did you do something to get us into trouble again? Person2: Aannnnaahhnn. Person1: Did you howl off-key at the moon again? Person2: Aannnnaahhnn. Person1: I can't remember doing anything wrong either.,0,1,0.5705,0.53,0,0.9389,0.9356,0.0033,0.0137,,Denial|Evasion,Denial:0.499 | Evasion:0.496 | Brandishing Anger:0.441,,Dependency,Dependency:0.498 | Over-responsibility:0.375 | Naivete:0.371,85517512 || 85518899 || 85516326,1 || 1 || 1,0.9389 || 0.9356 || 0.9327,Persuasion or Seduction || Shaming or Belittlement|Brandishing Anger || Evasion, || Low self-esteem || 
85518270,"Person1: Look, you're fat, Diane. You're fat, fat, fat! Because you eat, eat, eat! What?! She keeps asking because she wants some honesty. Person2: No I don't... I keep asking because I feel fat. Person1: Oh G-d, I'm sorry... You're not really fat! I was just saying that because, uh, I thought that's what you wanted me to say. Person2: You sure? Person1: Positive. Person2: ""Positive"" you're sure I'm not fat or ""positive"" I'm...",1,1,0.7078,0.53,0,0.942,0.9394,0.0027,0.0052,Rationalization|Shaming or Belittlement,Shaming or Belittlement,Shaming or Belittlement:0.524 | Denial:0.448 | Brandishing Anger:0.432,,Low self-esteem,Low self-esteem:0.557 | Dependency:0.220 | Naivete:0.112,85514867 || 85518119 || 85515613,1 || 1 || 1,0.942 || 0.9394 || 0.9382,Rationalization|Brandishing Anger || Shaming or Belittlement|Persuasion or Seduction || Persuasion or Seduction, || Low self-esteem || 
85517327,Person1: I ate a guy last night. Person2: And how did you feel when you ate this guy? Person1: I don't know. I don't remember doing it.,0,0,0.4021,0.53,0,0.8768,0.8722,0.0045,-0.0045,,,Shaming or Belittlement:0.682 | Denial:0.580 | Feigning Innocence:0.532,,,Low self-esteem:1.000,85514562 || 85517579 || 85515100,0 || 1 || 1,0.8768 || 0.8722 || 0.8641, ||  || Accusation|Shaming or Belittlement, ||  || Low self-esteem
85515290,"Person1: Never play with someone's else's cards. You always get a new deck. Look at this card. See anything? Person2: It is just a regular card. Person1: Son, I can take everything you got with that deck. It is marked. Now I'm going to show you how to make some money in case you get stuck somewhere.",0,1,0.5899,0.53,0,0.9365,0.9363,0.0002,0.0002,,Persuasion or Seduction|Intimidation,Persuasion or Seduction:0.613 | Intimidation:0.517 | Rationalization:0.421,,Dependency,Dependency:0.500 | Naivete:0.375 | Low self-esteem:0.124,85518743 || 85519054 || 85515615,1 || 0 || 1,0.9365 || 0.9363 || 0.9362,Persuasion or Seduction ||  || Intimidation, ||  || 
85519076,"Person1: Oh Mama, I'm so... tired of that song. Person2: Please. I want you to. It would make me so happy.",0,0,0.3668,0.53,0,0.8443,0.8321,0.0122,-0.113,,,Persuasion or Seduction:0.724 | Playing Victim Role:0.439 | Feigning Innocence:0.389,,,Dependency:0.356 | Over-responsibility:0.327 | Naivete:0.318,85519055 || 85519235 || 85516387,0 || 0 || 0,0.8443 || 0.8321 || 0.8116, ||  || , ||  || 
85514426,"Person1: I've been waitin' for you Miss Gibson. I want you to know I've decided to take your case. Person2: Mr. August, I'm not at all sure - Person1: Look. Don't say a word. I've taken an interest in you and I'm willin' to put up my time to help you. Besides, I think I know where to find your sister. Person2: Where? Person1: Wait a minute. This has got a lot of angles. You've got to take it easy. Do you know a Mrs. Redi? Person2: Yes. She bought my sister's business. Person1: That's what she told you. I looked it up at the Hall of Records. Your sister deeded her the business as an outright girt. Person2: Why would Mrs. Redi lie to me? Person1: That's what I tried to find out. Person2: You think my sister is there? Person1: You can't tell. Person2: Can we go there now? Person1: Sister, you can't just go breaking into places. There's a night watchman down there and locks on the door. Person2: If my sister's in that room, it won't make any difference about warrants- and things, I want to go there. Person1: I don't know if I want to go with you or not.",1,1,0.8054,0.53,0,0.9647,0.9618,0.0028,0.004,Evasion|Persuasion or Seduction,Persuasion or Seduction,Persuasion or Seduction:0.627 | Rationalization:0.442 | Intimidation:0.421,Dependency,,Dependency:0.332 | Over-responsibility:0.331 | Low self-esteem:0.169,85514949 || 85515084 || 85514716,1 || 1 || 0,0.9647 || 0.9618 || 0.9606,Persuasion or Seduction|Accusation || Evasion || , ||  || 
85518842,"Person1: Mommy? It's not Rachel's fault I ran away. Person2: No, that's your fault. It's her fault for not watching over my precious son, as if it were her priority. Which means, the most important job. Person1: Rachel's job is she works. Person2: Ben, mommies work too. They work very hard. Mommy works harder as a mom than she did when she was working. I just don't get paid. Person1: Does Rachel make a lot of money? Person2: People like Rachel who only think about themselves often do make a lot of money. Person1: I think she's pretty, Mommy. Person2: Yes...if you like big hair... Person1: Mommy? Person2: What honey? Person1: If you want me to hate her I will.",1,1,0.7686,0.53,0,0.9305,0.9275,0.003,0.0103,Playing Victim Role|Shaming or Belittlement,Rationalization|Persuasion or Seduction|Shaming or Belittlement,Rationalization:0.543 | Persuasion or Seduction:0.503 | Shaming or Belittlement:0.490,Naivete|Over-responsibility,Dependency,Dependency:0.501 | Low self-esteem:0.335 | Over-responsibility:0.328,85516117 || 85517595 || 85518653,1 || 1 || 1,0.9305 || 0.9275 || 0.9272,Shaming or Belittlement || Shaming or Belittlement || Accusation,Dependency ||  || 
85514593,"Person1: Look, if I made you nervous or uncomfortable or creeped you out-- Person2: Yes on all counts. Person1: I'm sorry. It wasn't my intention. But I had to see you. Person2: You'd think a guy who's taken on the job of saving the world would have a few more important things to do than traipse around after some girl. Person1: I haven't been able to get you off my mind. Person2: You need to get out more. Person1: C'mere, I want to show you something.",1,1,0.7179,0.53,0,0.9237,0.9231,0.0006,-0.0006,Feigning Innocence|Persuasion or Seduction,Persuasion or Seduction|Rationalization,Persuasion or Seduction:0.580 | Rationalization:0.468 | Feigning Innocence:0.450,Naivete,,Naivete:0.288 | Low self-esteem:0.287 | Dependency:0.282,85519051 || 85517353 || 85519230,0 || 1 || 0,0.9237 || 0.9231 || 0.9187, || Persuasion or Seduction || , ||  || 
85514906,Person1: I got to get home. Person2: Forget your curfew. Most sixth graders can stay out later than you.,1,1,0.5337,0.53,0,0.9119,0.9011,0.0107,-0.0108,Persuasion or Seduction|Shaming or Belittlement,Persuasion or Seduction,Persuasion or Seduction:0.565 | Intimidation:0.435 | Evasion:0.416,,Dependency|Naivete,Dependency:0.500 | Naivete:0.500,85518993 || 85518461 || 85518005,0 || 0 || 1,0.9119 || 0.9011 || 0.9011, ||  || Rationalization, ||  || 
85514522,"Person1: I'm telling you he's dirt. He's a douche bag, gutter slime, dog crap, puke chunks... Person2: Hey, hey! I'm eating here! Person1: Audrey, you're too damned nice, that's your problem. Nice gets you nothin' in this town. You gotta be a killer to get ahead, you know what I'm sayin'? I'm sorry, baby, but you just don't got what it takes.",1,1,0.685,0.53,0,0.9312,0.9294,0.0017,0.0184,Shaming or Belittlement,Shaming or Belittlement,Shaming or Belittlement:0.674 | Brandishing Anger:0.435 | Persuasion or Seduction:0.344,Low self-esteem,Dependency,Dependency:0.571 | Low self-esteem:0.430 | Naivete:0.140,85518029 || 85516844 || 85514587,1 || 1 || 1,0.9312 || 0.9294 || 0.9283,Intimidation ||  || Denial|Intimidation, ||  || Dependency
85515677,"Person1: That's not how she told it. She said you wrote her every week you were away. Person2: I wrote. Not every week... Person1: She said you told her in every letter how much you loved her, how you wanted to marry her, have children with her... Person2: I never said any of that! Person1: I found them, pard, and read them myself, right after she did it! Person2: Okay, I wrote those things... and yeah, I had big thoughts of getting together with your mom... but when she hit me with being pregnant, I saw who she was. I'd had quiff lay that shit on me before! Person1: What did you call her? What did I hear you call her, you son of a bitch?",1,1,0.79,0.53,0,0.9613,0.956,0.0053,0.0087,Denial,Rationalization,Rationalization:0.460 | Shaming or Belittlement:0.447 | Denial:0.420,,Low self-esteem,Low self-esteem:0.666 | Dependency:0.339 | Over-responsibility:0.115,85518622 || 85517164 || 85518667,1 || 1 || 0,0.9613 || 0.956 || 0.9525, || Rationalization|Brandishing Anger || ,Dependency|Low self-esteem|Over-responsibility || Dependency || 
85518287,"Person1: Hi, John. Person2: Where are the tapes, Graham? Person1: What tapes? Person2: You know which tapes! Where are they? Person1: John, as a lawyer, you should know that those tapes are private property. Person2: So is my wife, jerk!! Person1: She's not property, John, she's a person. Were you just going to keep right on lying to her? Person2: What the hell do you think? I love Ann. You think I'm going to tell her about Cynthia and hurt her feelings like that? Person1: God, you need help. Person2: I need help? Who's sitting by himself in a room engaging in private acts to a bunch of videotapes, Graham? Not me, buddy. You're the crazy one. Now show me those tapes. Person1: No. Person2: I'm not kidding, Graham, you'd better do what I say. Give me those tapes. Person1: No.",1,1,0.8454,0.53,0,0.9716,0.9692,0.0023,0.0096,Shaming or Belittlement,Brandishing Anger|Shaming or Belittlement|Accusation,Brandishing Anger:0.555 | Shaming or Belittlement:0.529 | Accusation:0.506,,,Over-responsibility:0.429 | Dependency:0.286 | Naivete:0.285,85518327 || 85518009 || 85515543,1 || 1 || 1,0.9716 || 0.9692 || 0.9684, ||  || Shaming or Belittlement, ||  || 
85518651,"Person1: Hello, Spooky. Person2: I don't want to hurt you, Catwoman. Yet. After tomorrow, you can do anything you want, but please, just stay out of sight for the next 24 hours. I won't stand by and watch my leader get all emotional over an animal like you. I warn you, don't tempt Captain God when he is angry. Let is complete our mission in peace. Person1: Whatever you say...Sis.",1,1,0.7811,0.53,0,0.9118,0.9094,0.0024,0.027,Persuasion or Seduction,Intimidation|Persuasion or Seduction,Intimidation:0.634 | Persuasion or Seduction:0.615 | Playing Servant Role:0.336,,Dependency,Dependency:0.709 | Low self-esteem:0.147 | Over-intellectualization:0.144,85514904 || 85518626 || 85518983,1 || 1 || 1,0.9118 || 0.9094 || 0.9083, ||  || Intimidation, ||  || Low self-esteem
85518397,"Person1: You rock, Max. You... Rock... Person2: Easy Sketchy. Person1: No, I'm serious. That psycho got exactly what she deserved... Yes. Person2: Lydia may not have been one of humanity's finer specimens but-- Person1: She's toxic...monster in bed, but toxic. Person2: You would be making a mistake to come away from this thinking she's the villain in the piece... You are. Person1: She was the one-- Person2: None of this would've happened if you had exercised even a smidgen of good judgement or self-restraint, which you didn't. Person1: True, but-- Person2: You were trying to have it both ways and you were being completely selfish. And if I ever find out you're going out the back door on Natalie again, you're the one who's gonna be hanging by your ankles three stories up. Understand? Person1: Okay, okay, okay-- Person2: Say the words, ""I understand.""",1,1,0.8428,0.53,0,0.9544,0.9502,0.0041,0.0041,Intimidation,Shaming or Belittlement|Accusation,Shaming or Belittlement:0.556 | Accusation:0.512 | Rationalization:0.424,,Over-intellectualization,Over-intellectualization:0.501 | Low self-esteem:0.250 | Dependency:0.249,85516811 || 85517653 || 85518825,1 || 0 || 1,0.9544 || 0.9502 || 0.945,Persuasion or Seduction|Shaming or Belittlement ||  || Shaming or Belittlement|Brandishing Anger, ||  || 
85514934,"Person1: Now look here. It's not up to us to do our own detective work. I've had enough trouble over this matter. I don't want anything more to do with it. Person2: Not even if it gives you a clean bill of health? Person1: Not even then. The police are the proper people to conduct this affair. Now if you've got any suspicions I'll drive you to the nearest police station. Person2: What! And let every rag in town grab a red-hot story? Not so you could notice it! Now, look, I want you to drive me around the corner and wait for me. Person1: I told you I didn't want to mix in it. Person2: All right, brother. Then you can go to some nice warm place, and I don't mean California.",1,1,0.8332,0.53,0,0.9557,0.954,0.0016,0.0092,Persuasion or Seduction|Intimidation,Persuasion or Seduction|Intimidation,Persuasion or Seduction:0.506 | Intimidation:0.501 | Rationalization:0.401,,Dependency,Dependency:0.603 | Over-intellectualization:0.199 | Naivete:0.198,85518808 || 85514904 || 85514521,1 || 1 || 1,0.9557 || 0.954 || 0.9539,Persuasion or Seduction ||  || ,Dependency ||  || Dependency
85514633,"Person1: Now what are you doing? Person2: Describing you. A square from out there. I mean you're nowhere. Miss Four Corners. Person1: What made you want to be a fighter? Person2: I had to scrap all my life. Figured I might as well get paid for it. When I was a kid my old man got killednever mind how. Charley and I was put in a placethey called it a Children's Home. Some home! I run away and peddled papers, fought in club smokers and But what am I runnin' off at the mouth for? What do you care? Person1: Shouldn't we care about everybody? Person2: What a fruitcake you are! Person1: Isn't everybody part of everybody else? Person2: Gee, thoughts! Alla time thoughts! You really believe that drool? Person1: Terry! Person2: Want to hear my philosophy? Do it to him before he does it to you. Person1: Our Lord said just the opposite. Person2: I'm not lookin' to get crucified. I'm lookin' to stay in one piece. Person1: I never met such a person. Not a spark of romance or sentiment or or human kindness in your whole body. Person2: What do they do for you, except get in your way? Person1: And when things get in your way or people you just knock them aside get rid of Them is that your idea? Person2: Listen get this straight don't look at me when you say them things. It wasn't my fault what happened to your brother. Fixing Joey wasn't my idea... . Person1: Why, Terry, who said it was? Person2: Well, nobody, I guess. But that Father Barry, I didn't like the way he kept lookin' at me. Person1: He was looking at everybody the same way. Asking the same question. Person2: Yeah, yeah... . This Father Barry, what's his racket? Person1: His racket? Person2: You've been off in daisyland, honey. Everybody's got a racket. Person1: But a priest...?",0,1,0.8189,0.53,0,0.9734,0.9729,0.0005,0.0189,,Shaming or Belittlement|Accusation|Brandishing Anger,Shaming or Belittlement:0.534 | Accusation:0.520 | Brandishing Anger:0.474,,Dependency,Dependency:0.751 | Over-responsibility:0.377 | Low self-esteem:0.250,85515919 || 85514553 || 85518622,1 || 1 || 1,0.9734 || 0.9729 || 0.9709,Playing Victim Role || Accusation || , || Dependency|Over-responsibility || Dependency|Low self-esteem|Over-responsibility
85518623,"Person1: Rambo and Brewer were selected as write-offs. Person2: It was clean. Very clean... Rambo was a decorated Vietnam vet, a former POW himself... if he came out and said ""No POWs"" the sub-committee would buy it. He gets himself caught he's a private citizen, a whacko, acting on his own. If he gets proof, it gets lost somewhere between here and D.C. Airtight. But no... Rambo's gotta be a hero. Thinks he's starring in his own war movie or something. He put me in a corner. No choice. Person1: ""Terminate with extreme prejudice."" Person2: That's a crock. We don't say that. Do you have any idea the shitstorm if he'd gotten back with that guy? If it went public? The White House would have to act through channels. We're talking ransom. Four billion bucks in war reparations to Vietnam to get the others back. That's billion, Colonel. With a ""B"". For a few guys that've had their brains in a blender for ten years? A pain in the ass to everybody? No way. There's no way.",0,1,0.7415,0.53,0,0.9553,0.9501,0.0052,-0.0052,,Shaming or Belittlement|Rationalization,Shaming or Belittlement:0.648 | Rationalization:0.452 | Accusation:0.420,,,Dependency:0.444 | Low self-esteem:0.335 | Over-intellectualization:0.221,85518245 || 85514939 || 85517653,0 || 1 || 0,0.9553 || 0.9501 || 0.9497, || Persuasion or Seduction|Intimidation || , ||  || 
85519050,"Person1: Not talk! I said TALK!! Person2: I'm not your wife. Person1: The hell you're not. Person2: I swear to God!...I never saw you before six weeks ago! Our marriage is just a memory implant -- agghh! Person1: You think I'm an idiot? Remember our wedding? Person2: It was implanted by the Agency. Person1: And falling in love? Person2: Implanted. Person1: Our friends, my job, eight years together, I suppose all this was implanted too? Person2: The job's real. -- But the Agency set it up. Person1: Bullshit.",1,1,0.7189,0.53,0,0.9643,0.9629,0.0014,0.0014,Brandishing Anger,Shaming or Belittlement|Denial|Brandishing Anger,Shaming or Belittlement:0.515 | Denial:0.489 | Brandishing Anger:0.456,,Dependency,Dependency:0.574 | Low self-esteem:0.426,85515338 || 85519012 || 85518907,1 || 0 || 0,0.9643 || 0.9629 || 0.9585,Intimidation ||  || ,Dependency ||  || 
85517146,"Person1: ""Let all who love me follow me""... Where does God get mentioned? Come on Jeanne, be honest. You fought for yourself, in your name. Person2: I... I was defending myself as best I could! Everyone has the right to defend themselves, don't they? Or should I have let myself be killed? Person1: No, no, you did fine. I'd even say well done. Besides, most of the ones you killed probably deserved it, don't you think? Person2: No, I do not think so. I don't think that killing each other will ever bring peace. Person1: I agree...",1,1,0.8251,0.53,0,0.9244,0.9201,0.0044,0.0153,Persuasion or Seduction,Playing Servant Role|Persuasion or Seduction|Rationalization,Playing Servant Role:0.554 | Persuasion or Seduction:0.500 | Rationalization:0.476,,Dependency,Dependency:0.711 | Over-intellectualization:0.146 | Over-responsibility:0.142,85514563 || 85514698 || 85515094,1 || 1 || 1,0.9244 || 0.9201 || 0.9167,Rationalization || Rationalization || , || Over-intellectualization || 
85514418,"Person1: You're alive! She didn't kill you! Person2: Who didn't? Person1: That woman who's after me. She hates you. Because she knows I love you. Person2: You love me? Person1: My angel. My goddess. I feel I've always loved you all my life. I'll die if I can't spend the rest of my life just looking at you, holding you in my arms... Person2: We have to have a long talk about all this. Person1: I know just the place. Hang a left at the Amalgamated Tower.",1,1,0.7593,0.53,0,0.921,0.9155,0.0055,0.0055,Persuasion or Seduction,Persuasion or Seduction|Playing Servant Role,Persuasion or Seduction:0.650 | Playing Servant Role:0.487 | Rationalization:0.394,,,Low self-esteem:0.400 | Dependency:0.396 | Naivete:0.203,85515381 || 85515907 || 85518799,1 || 0 || 1,0.921 || 0.9155 || 0.9149,Persuasion or Seduction|Intimidation ||  || Brandishing Anger, ||  || 
85516037,"Person1: I've been thinking about when we look for our apartment how we have to try and convince people that we're like these totally rich yuppies... Person2: What are you talking about? Person1: That's who people want to rent to. It's a known fact that it's way easier to get a job and everything if you're rich... All we have to do is buy a few semi-expensive outfits and act like it's no big deal... it'll be fun. Person2: You just want an excuse to dress like some stupid fashion model without me making fun of you. Person1: Just promise you'll do it. Person2: Okay, okay, I promise... Jesus, you're out of your mind.",1,1,0.7813,0.53,0,0.9378,0.9352,0.0027,0.0027,Rationalization|Persuasion or Seduction,Persuasion or Seduction,Persuasion or Seduction:0.712 | Playing Servant Role:0.370 | Rationalization:0.366,,Dependency,Dependency:0.666 | Naivete:0.334,85517947 || 85518664 || 85517401,1 || 0 || 1,0.9378 || 0.9352 || 0.9313,Persuasion or Seduction ||  || Accusation|Rationalization, ||  || 
85518265,"Person1: You've got a beautiful life. And even with this, it's always been clear that he loves you. I've come to think that's all that really matters. Person2: I don't know... Person1: Trust me, Claire. You hear something... change the subject. You find something... get rid of it, throw it in the lake. You know what happened. The rest is only details. And no one's ever glad they got a hold of those. If you want to put this back together...just let it go.",1,1,0.7301,0.53,0,0.9492,0.9471,0.002,0.008,Persuasion or Seduction,Persuasion or Seduction,Persuasion or Seduction:0.730 | Rationalization:0.394 | Playing Servant Role:0.337,,Dependency|Naivete,Dependency:0.502 | Naivete:0.498,85516943 || 85518808 || 85515996,1 || 1 || 0,0.9492 || 0.9471 || 0.9411,Persuasion or Seduction || Persuasion or Seduction || , || Dependency || 
85515843,"Person1: You walk out that door and you lose your share of the money. Person2: Yeah, whatever. Person1: I mean it! Person2: Adios.",1,1,0.6794,0.53,0,0.9533,0.946,0.0073,0.0091,Intimidation,Shaming or Belittlement,Shaming or Belittlement:0.466 | Brandishing Anger:0.449 | Intimidation:0.403,,,Dependency:0.251 | Low self-esteem:0.251 | Naivete:0.250,85517966 || 85517156 || 85516920,1 || 1 || 1,0.9533 || 0.946 || 0.9446,Rationalization|Brandishing Anger || Playing Victim Role || Shaming or Belittlement, ||  || 
85518753,"Person1: Confused? Person2: Yeah, you know, probably one of these fast-talking career gals, thinks she's one of the boys. Probably is one of the boys, if you know what I mean. Person1: I'm quite sure I don't know what you mean. Person2: Yeah, you know. Suffers from one of these complexes they have nowadays. Seems pretty obvious, doesn't it? She's probably very unattractive and bitter about it. Person1: Oh, is that it! Person2: Yeah, you know. Probably dresses in men's clothing, swaps drinks with the guys at the local watering hole, and hobnobs with some smooth talking heel in the newsroom named Biff or Smoocher or... Person1: Smitty. Person2: Exactly. And I bet she's ugly. Real ugly. Otherwise, why wouldn't they print her picture next to her byline? Person1: Maybe she puts her work ahead of her personal appearance. Person2: I bet that's exactly what she tells herself! But you and I both know she's just a dried-up bitter old maid. Say, how about you and I grab a little dinner and a show after work? I was thinking maybe The King and I --",1,1,0.653,0.53,0,0.9429,0.9385,0.0044,0.0133,Shaming or Belittlement,Shaming or Belittlement|Persuasion or Seduction,Shaming or Belittlement:0.616 | Persuasion or Seduction:0.479 | Rationalization:0.428,Low self-esteem,Low self-esteem,Low self-esteem:0.755 | Over-intellectualization:0.245,85514708 || 85515811 || 85515864,1 || 1 || 1,0.9429 || 0.9385 || 0.9347,Persuasion or Seduction || Shaming or Belittlement || Persuasion or Seduction,Low self-esteem ||  || 
85515429,"Person1: You killed them. Person2: It was only a matter of time before somebody killed somebody. You saw it coming as well as I did. Dodge had his plans, starting with scuttling the boat. And Greer too, except he went nuts. Couldn't take it, I guess. Could've happened in the middle of downtown Anchorage. But did it make him any less dangerous? I don't think so. Person1: So you killed them? Person2: The way I figure it, it was them or me. I thought putting Dodge up on that pipe was a nice touch? Bought a little time. Made it look like whoever killed those Greeks was still around. But it's just us on this ship. Us and your... spirit friends. Person1: And now you're gonna kill me, is that it? Person2: I didn't want it to turn out this way. Person1: Murphy, don't you see what's happening? Person2: I think I see it pretty well. Person1: It's the ship. The ship's making you think this way. Person2: I know a little bit about human nature and what I've seen only confirms that. Person1: It's a trap. There was no way we were gonna get away with that gold. Nobody ever does. It's just the bait. This ship sucks people in and it never lets them out. Person2: I think maybe you been on this boat a little too long, with all that supernatural mumbo jumbo. There's nothing supernatural about greed. And that's what it comes down to, pure and simple. Person1: I don't give a damn about the gold. Person2: I wish I could believe that. Either way, you know what I've done. I've got no choice.",1,1,0.8482,0.53,0,0.9647,0.9624,0.0023,0.0129,Rationalization,Rationalization|Shaming or Belittlement|Accusation,Rationalization:0.514 | Shaming or Belittlement:0.494 | Accusation:0.484,Dependency,Dependency,Dependency:0.663 | Over-intellectualization:0.337 | Low self-esteem:0.328,85515151 || 85518825 || 85516374,1 || 1 || 1,0.9647 || 0.9624 || 0.962,Rationalization|Intimidation || Shaming or Belittlement|Brandishing Anger || Shaming or Belittlement, ||  || 
85514428,"Person1: Now I didn't mean that, you rat. Person2: Two weeks from tomorrow. Person1: You're going? Person2: You're going.",1,1,0.5538,0.53,0,0.9392,0.9366,0.0026,-0.0026,Accusation,Denial|Evasion|Shaming or Belittlement,Denial:0.635 | Evasion:0.558 | Shaming or Belittlement:0.482,,,Dependency:0.429 | Naivete:0.288 | Low self-esteem:0.283,85519064 || 85518824 || 85515206,0 || 1 || 1,0.9392 || 0.9366 || 0.9354, || Intimidation || , || Dependency || 
85516083,"Person1: Is that a threat? Person2: ...we worked together for, what was it, three years...? Now, the work we did here is confidential, not for public scrutiny... any more than are one's family matters... Person1: You threatening my family, now, too? Person2: Now, don't be paranoid, Jeff. About the direction of research here, we may have had our differences of opinion... Person1: ""Research..."" You declare, as a badge of honor, you don't even know what makes water boil... Person2: That's why we hire scientists... Person1: Okay. I don't believe you can maintain corporate integrity without confidentiality agreements. I was paid well for my work. The health and welfare benefits are good. The severance package is fair. I have no intention of violating my confidentiality agreement and disclosing that which I said I wouldn't. Person2: I appreciate all that, Jeff. But, upon reflection... we've decided to expand our zone of comfort with you.",1,1,0.8327,0.53,0,0.9129,0.9012,0.0117,-0.0117,,Persuasion or Seduction|Accusation|Rationalization,Persuasion or Seduction:0.543 | Accusation:0.501 | Rationalization:0.453,,Low self-esteem,Low self-esteem:0.753 | Dependency:0.247,85518191 || 85514737 || 85514527,0 || 1 || 1,0.9129 || 0.9012 || 0.8915, || Persuasion or Seduction || Shaming or Belittlement|Accusation, ||  || 
85514455,"Person1: But Doug...There's something I want you to know. You're the best assignment I ever hand. Really. Person2: I'm honored. Person1: You sure you don't wanna...? For old time's sake. If you don't trust me, you can tie me up. Person2: I didn't know you were so kinky. Person1: It's time you found out.",1,1,0.6069,0.53,0,0.9393,0.9371,0.0022,-0.0022,Persuasion or Seduction,Persuasion or Seduction,Persuasion or Seduction:0.562 | Denial:0.367 | Evasion:0.357,Dependency,Dependency,Dependency:0.665 | Naivete:0.335,85514750 || 85514459 || 85515450,0 || 1 || 0,0.9393 || 0.9371 || 0.9344, ||  || , ||  || 
85515269,"Person1: But, Leon, I am only here for a few days. Person2: If you don't stay with me, I'll have to continue my fight. I'll travel wherever Russian commissions are. I'll turn them all into Buljanoffs, Iranoffs, and Kopalskis. The world will be crowded with Russian restaurants. I'll depopulate Russia. Once you saved your country by going back. This time you can save it by staying here. Person1: Well, when it is a choice between my personal interest and the good of my country, how can I waver? No one shall say Ninotchka was a bad Russian.",1,1,0.6509,0.53,0,0.9315,0.9261,0.0054,0.0128,Persuasion or Seduction,Persuasion or Seduction|Intimidation,Persuasion or Seduction:0.671 | Intimidation:0.603 | Rationalization:0.407,Dependency,Dependency,Dependency:0.807 | Over-intellectualization:0.193 | Over-responsibility:0.193,85514953 || 85515445 || 85515546,1 || 1 || 1,0.9315 || 0.9261 || 0.9192,Persuasion or Seduction || Persuasion or Seduction || Intimidation|Rationalization,Dependency || Dependency || Dependency
85514499,"Person1: You were quick enough to get Tom's help when... Person2: Yes, yes. I know. Right. And if it had gone well for me tonight, maybe I'd be keeping quiet about all this...I grant you everything but give me this...he does personify everything you've been fighting against...And I'm in love with you. How do you like that? -- I buried the lead.",0,1,0.6961,0.53,0,0.936,0.9334,0.0026,-0.0026,,Persuasion or Seduction,Persuasion or Seduction:0.696 | Playing Servant Role:0.437 | Rationalization:0.386,,Dependency,Dependency:1.000,85515382 || 85516055 || 85515587,0 || 1 || 1,0.936 || 0.9334 || 0.9323, || Persuasion or Seduction || Persuasion or Seduction|Feigning Innocence, ||  || 
85514918,"Person1: Now, wait a minute, Dad... Person2: Sure. What's worth doing is worth doing for money. It's a bad bargain where nobody gains. And if this deal goes through, we all gain.",0,1,0.6238,0.53,0,0.9214,0.9168,0.0045,0.0084,,Persuasion or Seduction,Persuasion or Seduction:0.535 | Rationalization:0.421 | Shaming or Belittlement:0.403,,Dependency,Dependency:0.713 | Over-intellectualization:0.145 | Low self-esteem:0.142,85514975 || 85518085 || 85514698,1 || 1 || 1,0.9214 || 0.9168 || 0.9162,Shaming or Belittlement ||  || Rationalization, ||  || Over-intellectualization
85515158,"Person1: Why is it, do you think, that of all the professions in the world... you chose protection? Person2: Are you for real? Person1: You could have poured coffee in Starbucks, you could have learned to install track lighting in office buildings, you could have told people their horoscopes on the internet... You could have been one of ten thousand things... but in the end, you chose to protect people. You made that decision... and I find that very, very interesting. Now all I need is your credit card number.",0,1,0.5683,0.53,0,0.9371,0.9113,0.0258,-0.0258,,Persuasion or Seduction,Persuasion or Seduction:0.506 | Accusation:0.440 | Denial:0.369,,Dependency,Dependency:0.749 | Naivete:0.251,85517674 || 85517316 || 85517952,0 || 1 || 1,0.9371 || 0.9113 || 0.9089, || Playing Servant Role || Feigning Innocence, ||  || 
85517491,"Person1: ...all train compartments smell vaguely of shit. It gets so you don't mind it. That's the worst thing that I can confess. You know how long it took me to get there? A long time. When you die you're going to regret the things you don't do. You think you're queer...? I'm going to tell you something. We're all queer. You think that you're a thief? So what? You get befuddled by a middle-class morality...? Get shut of it. Shut it out. You cheated on your wife...? You did it, live with it. You fuck little girls, so be it. There's an absolute morality? May be. And then what? If you think there is, then be that thing. Bad people go to hell? I don't think so. If you think that, act that way. A hell exists on earth? Yes. I won't live in it. That's me. You ever take a dump made you feel you'd just slept for twelve hours...? Person2: Did I...? Person1: Yes. Person2: I don't know.",0,1,0.8658,0.53,0,0.9655,0.9644,0.0012,0.0152,,Shaming or Belittlement|Accusation,Shaming or Belittlement:0.618 | Accusation:0.499 | Playing Victim Role:0.413,,Dependency,Dependency:0.675 | Over-intellectualization:0.325 | Over-responsibility:0.325,85515779 || 85514939 || 85515926,1 || 1 || 1,0.9655 || 0.9644 || 0.9612, || Persuasion or Seduction|Intimidation || Shaming or Belittlement, ||  || Dependency
85515482,"Person1: Barry, I'm completely broke! I know we used to mess with anyone who asked for anything we didn't like, but it's gotta stop. Person2: Nonsense. The guy was going to buy one record -- which we didn't even have -- and leave and never come back again anyway. Why not have a little fun? No big deal. Person1: What did he ever do to you? Person2: He offended me with his terrible taste. Person1: It wasn't even his terrible taste. It was his daughter's. Person2: Oh, now you're defending that guy? You're going soft in your old age, Rob. There was a time when you would have chased him out of the store and up the street. Now all of a sudden I'm offending your golf buddy. You're right, Rob. I am so sorry. How are we ever going to make enough money to get you and Laura into the country club?",1,1,0.8807,0.53,0,0.9617,0.9555,0.0062,0.0262,Shaming or Belittlement|Accusation|Rationalization|Intimidation,Accusation|Shaming or Belittlement|Playing Victim Role,Accusation:0.631 | Shaming or Belittlement:0.620 | Playing Victim Role:0.491,Dependency,Dependency,Dependency:0.500 | Over-intellectualization:0.251 | Low self-esteem:0.248,85514939 || 85517189 || 85515926,1 || 1 || 1,0.9617 || 0.9555 || 0.9545,Persuasion or Seduction|Intimidation || Rationalization || Shaming or Belittlement, ||  || Dependency
85518812,"Person1: Now I think Captain's punishment is fair, considerin'. In fact I think you ain't got shit ta complain about. Person2: I'm sorry, General, if I...spoke out of turn. It's just that...Mr Tyler is not here to defend himself. He has no representation. I don't believe due process is being served by... Person1: Listen, Missy. I am the only due process that has ta be served aroun' tyere and one of the people doin' the servin' from now on is gonna be you. Now you been prancin' aroun' the Cave like yer ass was glass fer long enough! All that's Person1: gonna change, young lady. Now if you still got a statement you'd like ta make, you can jus' hold onto it 'til tonight. Person2: Tonight? Person1: That's right. 'Bout eight, if that suits. We'll start out in my gymnasium an' progress on from there...to various other forms o' physical therapy.",0,1,0.6968,0.53,0,0.948,0.9445,0.0035,0.007,,Persuasion or Seduction|Intimidation,Persuasion or Seduction:0.499 | Intimidation:0.459 | Shaming or Belittlement:0.409,,Dependency,Dependency:0.832 | Over-responsibility:0.337,85518740 || 85514832 || 85516848,1 || 1 || 1,0.948 || 0.9445 || 0.9435,Persuasion or Seduction || Persuasion or Seduction || Persuasion or Seduction,Dependency|Over-responsibility ||  || Over-responsibility
85516164,"Person1: It's just, and I've never done this before, Maxine, but it's just that I feel something for you. I've never felt this before for anyone, not even my wife. My future is with you, Maxine. Person2: You might want to check those tarot cards one more time.",0,0,0.5066,0.53,0,0.8148,0.8111,0.0037,0.0037,,,Persuasion or Seduction:0.642 | Feigning Innocence:0.525 | Rationalization:0.475,,,Dependency:0.714 | Naivete:0.148 | Over-responsibility:0.142,85515663 || 85518906 || 85517087,1 || 0 || 1,0.8148 || 0.8111 || 0.7922,Rationalization ||  || Persuasion or Seduction, ||  || 
85514457,"Person1: What good can you do? Why are you being so incredibly stupid? Person2: Maybe I didn't know him like you did. But he's my uncle. And I owe it to him to get some answers. It's a quest like, uh, Hemingway, the Old Man and The Sea. Except instead of an old man I'm a young man, and instead of the sea, it's a bunch of tunnels under Paris. And instead of a big fish it's... who knows? That's what I'm going to find out. Au revoir.",1,1,0.596,0.53,0,0.9465,0.946,0.0004,0.0042,Accusation|Shaming or Belittlement,Shaming or Belittlement,Shaming or Belittlement:0.464 | Accusation:0.418 | Rationalization:0.371,,,Low self-esteem:0.402 | Naivete:0.203 | Over-intellectualization:0.198,85515552 || 85514474 || 85517549,1 || 1 || 0,0.9465 || 0.946 || 0.9423, || Accusation || , || Low self-esteem || 
85518980,"Person1: And now we come to the architect of this tragic affair, Captain James Tiberius Kirk. I put it to you, Captain, that you were seeking revenge for the death of your son. Person2: That isn't true...! Person1: That, either as an instrument of Federation policy or acting on your own drunken initiative, you and your fellow conspirators crippled KRONOS One and cold-bloodedly assassinated the Chancellor of the High Council. Then you and Doctor McCoy went aboard to make certain the job was complete.",0,1,0.8114,0.53,0,0.933,0.9309,0.0021,0.0068,,Accusation|Brandishing Anger|Shaming or Belittlement,Accusation:0.594 | Brandishing Anger:0.586 | Shaming or Belittlement:0.506,,Dependency|Over-intellectualization,Dependency:0.503 | Over-intellectualization:0.497,85516390 || 85515894 || 85515952,1 || 1 || 1,0.933 || 0.9309 || 0.9309, || Playing Servant Role|Accusation|Shaming or Belittlement || Accusation|Persuasion or Seduction, ||  || Dependency
85519022,"Person1: Larry, I'm gonna kill him. Person2: Goddamn you, Joe, don't make me do this! Person1: Larry, I'm askin' you to trust me on this. Person2: Don't ask me that. Person1: I'm not askin', I'm betting.",0,1,0.8088,0.53,0,0.9492,0.948,0.0012,0.0162,,Intimidation|Brandishing Anger,Intimidation:0.719 | Brandishing Anger:0.609 | Playing Servant Role:0.377,,Dependency,Dependency:0.672 | Over-responsibility:0.219 | Low self-esteem:0.109,85514694 || 85516927 || 85517406,1 || 1 || 1,0.9492 || 0.948 || 0.9447,Intimidation || Persuasion or Seduction || Brandishing Anger,Dependency ||  || 
85515351,"Person1: Romance is just a vestigial biological response to procreation... Person2: Aw, you're in love with me... You just dont know it yet.",1,0,0.4237,0.53,0,0.8952,0.8951,0.0001,0.0056,Persuasion or Seduction,,Persuasion or Seduction:0.460 | Rationalization:0.428 | Evasion:0.420,,,Dependency:0.603 | Over-responsibility:0.203 | Low self-esteem:0.199,85515035 || 85514459 || 85517187,1 || 1 || 0,0.8952 || 0.8951 || 0.8896,Persuasion or Seduction ||  || , ||  || 
85518451,"Person1: Last time might as well've been the first. I remember all the times, don't I. Watching her grow up -- in increments. Person2: She told me you were a ghost in her life. Daddy the friendly ghost. Coming back to haunt her. Person1: Well, she twigged by the time she was eight or nine that daddy wasn't in the Royal Marines or doing scientific research in the jungles of Borneo or playing Iago in a worldwide tour of OTHELLO. Person2: Still, you could never ... do what she wanted.",1,0,0.4464,0.53,0,0.9117,0.9001,0.0116,-0.0116,Shaming or Belittlement,,Persuasion or Seduction:0.617 | Accusation:0.382 | Denial:0.356,,,Dependency:0.625 | Naivete:0.254 | Low self-esteem:0.249,85518654 || 85518317 || 85519051,0 || 1 || 0,0.9117 || 0.9001 || 0.8941, ||  || , ||  || 
85518221,"Person1: Truman, you know, I did think about moving away one time. Person2: Yeah, what happened? Person1: I figured, what's the point? I knew I'd just be taking my problems with me. Once the kids came along, it made me look at Seahaven with new eyes. I realized, what the hell could be better than this? I'm telling you. What you really need is someone to carry on the ""Burbank"" name. Person2: You think so? Person1: Trust me.",0,1,0.7037,0.53,0,0.9458,0.9411,0.0047,-0.0056,,Shaming or Belittlement,Shaming or Belittlement:0.469 | Feigning Innocence:0.442 | Persuasion or Seduction:0.411,,Dependency,Dependency:0.599 | Over-responsibility:0.397 | Naivete:0.203,85518922 || 85516412 || 85518364,0 || 0 || 0,0.9458 || 0.9411 || 0.9405, ||  || , ||  || 
85515350,"Person1: Miss Kreutz, please... I'm gonna have to ask you to keep your voice down. Person2: All the papers -- all the papers they asked for -- I brought all the papers -- Person1: Miss Kreutz, excuse me, but you entered into a fraudulent marriage in an effort to circumvent the immigration laws of the United States -- Person2: You only know that because I told you! Ask the case officer -- find his name -- it's on the papers -- I told him all this myself! -- Person1: -- it's not the source of the information that's important here -- Person2: -- I paid this guy -- I paid him four thousand dollars -- my last four thousand dollars to marry me, okay? -- I told this to the case officer last week... ...here -- Mr. Thomas. I told Mr. Thomas I didn't know this guy was already married -- I admitted this! Person1: -- Miss Kreutz, please -- Person2: -- I'm the one that got ripped off! -- not you -- not the United States government -- me -- I'm the one being ripped off! Person1: So now you're asking for a student visa?",1,1,0.8338,0.53,0,0.9531,0.9529,0.0002,-0.0002,Playing Victim Role|Accusation|Brandishing Anger,Brandishing Anger|Accusation|Evasion,Brandishing Anger:0.518 | Accusation:0.490 | Evasion:0.465,,Dependency,Dependency:0.557 | Low self-esteem:0.335 | Over-responsibility:0.335,85517229 || 85517320 || 85514507,0 || 1 || 0,0.9531 || 0.9529 || 0.9524, || Accusation || , ||  || 
85514786,"Person1: I ought to just call this whole thing off right now. Person2: Don't do that. Please. Or I'll kill you. Please, Danny. Person1: What the hell was that? Who told you I was five-0? Person2: No one. It was just a test. I need to be sure of who I'm dealing with from time-to-time.",1,1,0.8187,0.53,0,0.95,0.9394,0.0106,0.0184,Intimidation,Intimidation,Intimidation:0.764 | Playing Servant Role:0.398 | Brandishing Anger:0.391,,Dependency,Dependency:0.889 | Naivete:0.112 | Low self-esteem:0.111,85515558 || 85517975 || 85514851,1 || 1 || 1,0.95 || 0.9394 || 0.9385,Intimidation ||  || Intimidation, ||  || 
85516031,"Person1: Little miss, don't you never come here alone. You gave me a fright, you did. Person2: But she's such a nice lady. Person1: But I don't want you coming here alone. You get me to go with you when you want to come here. You promise?",1,1,0.6857,0.53,0,0.8928,0.8876,0.0053,0.0258,,Persuasion or Seduction,Persuasion or Seduction:0.627 | Intimidation:0.439 | Playing Servant Role:0.367,Naivete,Dependency,Dependency:0.478 | Naivete:0.268 | Low self-esteem:0.254,85517529 || 85517003 || 85518290,1 || 1 || 1,0.8928 || 0.8876 || 0.8769, || Persuasion or Seduction || Shaming or Belittlement|Accusation, || Naivete || 
85517645,Person1: Just promise you'll love me even if I end up in a job where I have to wear a blue polyester cap. Person2: I think you know I'd love you even more in a blue polyester cap.,0,0,0.4839,0.53,0,0.8848,0.8831,0.0017,0.0047,,,Persuasion or Seduction:0.728 | Playing Servant Role:0.294 | Shaming or Belittlement:0.287,,,Over-responsibility:0.516 | Naivete:0.244 | Dependency:0.241,85518007 || 85514914 || 85515207,1 || 1 || 1,0.8848 || 0.8831 || 0.8812, || Shaming or Belittlement || Persuasion or Seduction, ||  || 
85518778,"Person1: All I know is that you are not doing yourself or the baby any good by acting like a crazy woman. Why don't you take off - leave Springwood and cool out somewhere for a while? Person2: Goddamn it, Yvonne! You don't just run away from this guy! He finds you in your dreams.",0,1,0.8331,0.53,0,0.9553,0.955,0.0003,0.0099,,Shaming or Belittlement|Brandishing Anger|Accusation,Shaming or Belittlement:0.619 | Brandishing Anger:0.597 | Accusation:0.517,,,Naivete:0.399 | Over-responsibility:0.204 | Low self-esteem:0.199,85515180 || 85517156 || 85518327,1 || 1 || 1,0.9553 || 0.955 || 0.9538, || Playing Victim Role || ,Over-responsibility ||  || 
85515470,"Person1: You want me to what? Person2: I want you to feed every street in this grid into your computer. Person1: It'll take hours. You can't make me do this. Person2: You're right, I can't make you do it. Besides, you're probably gonna be too busy with the Franchise Tax Board anyway. Person1: What are you talking about? Person2: I gotta friend over there. He was telling me things are kind of slow. So, I figured I'd give him a call, have him come down here and look through your records. You know, give him something to do. Person1: What's the first street?",1,1,0.7309,0.53,0,0.9689,0.9568,0.0121,-0.0121,Intimidation,Persuasion or Seduction|Evasion|Intimidation,Persuasion or Seduction:0.474 | Evasion:0.463 | Intimidation:0.454,Dependency,Dependency,Dependency:0.664 | Naivete:0.336,85514659 || 85514847 || 85514852,0 || 1 || 1,0.9689 || 0.9568 || 0.9561, ||  || Persuasion or Seduction, ||  || 
85514983,"Person1: We have to think this through. We have to be smart. Now is not the time to panic. If we panic now, we're done for. Nobody saw it. Nobody knows it was us. We're still okay. Now all we have to do is just figure out our next move. Person2: Our next move? I'll say one thing, Louise. This is some vacation. I sure am having a good time. This is real fun. Person1: If you weren't so concerned with having a good time, we wouldn't be here right now. Person2: Just what is that supposed to mean? Person1: It means shut up, Thelma. Person2: So this is all my fault, is it.",1,1,0.7826,0.53,0,0.9292,0.9267,0.0025,-0.0025,Shaming or Belittlement|Accusation,Persuasion or Seduction,Persuasion or Seduction:0.677 | Rationalization:0.400 | Accusation:0.340,,Low self-esteem,Low self-esteem:0.492 | Dependency:0.259 | Naivete:0.249,85518913 || 85514546 || 85518921,0 || 1 || 0,0.9292 || 0.9267 || 0.9258, || Intimidation || , ||  || 
85516828,"Person1: Every time we argue, you bring up the past and things I've already apologized for. Person2: It's because those things still hurt, Henry. Person1: I get that, but it's like you use them to deflect from the current issue. Person2: I'm just trying to express how I feel. Person1: Don't play a victim. We need to address the present, not dwell in the past.",1,1,0.7815,0.53,0,0.8952,0.8927,0.0025,-0.0025,Rationalization|Accusation,Feigning Innocence|Rationalization|Accusation,Feigning Innocence:0.516 | Rationalization:0.510 | Accusation:0.483,,Over-responsibility,Over-responsibility:0.497 | Low self-esteem:0.339 | Dependency:0.328,85515262 || 85514773 || 85517942,0 || 1 || 1,0.8952 || 0.8927 || 0.8921, || Persuasion or Seduction || , ||  || 
85516043,"Person1: Can I come out? No. Person2: I have to talk to you, alone, J.J., that's why. Person1: You had something to do for me - you didn't do it. Person2: Can I come in for a minute? Person1: No. You're dead, son - get yourself buried!",1,1,0.8346,0.53,0,0.9555,0.9536,0.0019,0.9555,,Intimidation|Brandishing Anger|Playing Victim Role,Intimidation:0.634 | Brandishing Anger:0.493 | Playing Victim Role:0.451,,Dependency,Dependency:0.636 | Over-responsibility:0.273 | Naivete:0.091,85515114 || 85518020 || 85514851,1 || 1 || 1,0.9555 || 0.9536 || 0.9464,Intimidation || Evasion || Intimidation, ||  || 
85514619,"Person1: Why do you look at me like that? Person2: I did not know you were so beautiful... and -- Person1: And then --? Person2: No irony. You're so appealing -- so soft -- so tired. I feel like taking you in my arms and not letting anything more happen to you -- ever. Person1: And -- and -- Person2: How tired you are! Person1: Yes -- tired... Person2: So alone. Person1: Alone. All alone. Oh, you strange -- strange creature. Person2: You mustn't talk Russian to me. Person1: Strange man... Person2: Am I quite strange to you? Person1: Not quite strange now. It is as if I had been expecting you. You know, once when the Grand Duke was alive, I found a man hiding in my room -- a young officer -- Person2: And...? Person1: He disappeared. Later he was found dead. Person2: I never knew it was so dangerous to hide in a woman's room when she's alone. Person1: Go away. Who are you --? Person2: A man who could love -- that is all, who has forgotten everything else for you. Person1: You could love me. It is so long since I have heard that word. Nobody has loved me for a long time. It is so icy-cold to be famous. One is so cruelly alone. How is it that you -- Let me look at you. Your hands. Your eyes. Why could you love me? Person2: I saw you just now -- then I saw you cry -- and now I see you in the mirror -- Grusinskaya... Person1: Grusinskaya... Oh -- oh if you knew how I slaved and slaved for Grusinskaya -- for the success of Grusinskaya -- for the triumph of Grusinskaya... and what is she now? Just someone who has found that on the day success ceases life ceases -- Are you listening to me -- Do you understand? -- I want you to understand. Person2: Yes -- I do understand. Person1: I think you must go now -- the key is on the floor. Person2: I'm not going -- You know I'm not going -- Let me stay here? Person1: I want to be alone. Person2: That is not so -- you don't want to be alone. Person1: I want to be alone -- Person2: No -- You don't want to be alone at all -- You were in despair before -- If I left you, you'd feel worse than you did before, You must not be alone -- You mustn't cry -- you must forget... Tell me that I can stay with you -- tell me. Person1: Just for a minute then.",1,1,0.7928,0.53,0,0.9059,0.9003,0.0056,0.0089,Persuasion or Seduction,Accusation|Persuasion or Seduction|Playing Victim Role,Accusation:0.538 | Persuasion or Seduction:0.511 | Playing Victim Role:0.473,Low self-esteem|Dependency,,Dependency:0.443 | Low self-esteem:0.336 | Naivete:0.115,85515256 || 85516970 || 85518731,1 || 1 || 1,0.9059 || 0.9003 || 0.8985,Accusation || Persuasion or Seduction || , || Naivete|Dependency || 
85518512,Person1: I don't remember you. Person2: What are you talking about? Person1: I don't remember you. I don't remember us. I don't even remember me.,0,1,0.6453,0.53,0,0.9374,0.9296,0.0078,-0.0078,,Evasion|Denial|Accusation,Evasion:0.687 | Denial:0.685 | Accusation:0.463,,Low self-esteem,Low self-esteem:0.574 | Dependency:0.427 | Over-responsibility:0.144,85514518 || 85519074 || 85518541,0 || 1 || 0,0.9374 || 0.9296 || 0.9225, || Evasion|Brandishing Anger || , ||  || 
85516805,"Person1: Great, let's break for lunch and I'll buy you a beer on the way. Person2: But I have to finish this.... Person1: Come on, that shit can wait.",1,0,0.5237,0.53,0,0.9313,0.9257,0.0055,0.0129,Persuasion or Seduction,,Persuasion or Seduction:0.530 | Evasion:0.445 | Shaming or Belittlement:0.394,,,Low self-esteem:0.337 | Naivete:0.332 | Dependency:0.331,85517294 || 85518417 || 85518358,1 || 1 || 1,0.9313 || 0.9257 || 0.9213,Evasion || Shaming or Belittlement|Brandishing Anger || Brandishing Anger|Persuasion or Seduction, ||  || 
85518206,"Person1: He knew about Sammy. Why would I tell him about Sammy? Person2: You tell everyone about Sammy. Everyone who'll listen. ""Remember Sammy Jankis, remember Sammy Jankis"". Great story. Gets better every time you tell it. So you lie to yourself to be happy. Nothing wrong with that - we all do. Who cares if there's a few little things you'd rather not remember? Person1: What are you talking about?",1,1,0.7022,0.53,0,0.9333,0.9289,0.0044,0.006,Shaming or Belittlement|Accusation,Persuasion or Seduction,Persuasion or Seduction:0.588 | Rationalization:0.395 | Denial:0.373,,Dependency,Dependency:0.500 | Naivete:0.334 | Over-responsibility:0.166,85517133 || 85517344 || 85518808,1 || 1 || 1,0.9333 || 0.9289 || 0.9288,Persuasion or Seduction || Persuasion or Seduction || Persuasion or Seduction, ||  || Dependency
85515434,"Person1: Now, if you'll excuse me, I really must... Person2: Wait. Stop. You don't seem to understand. You're not really comprehending any of this. I killed him. I did it, Carnes. I'm Patrick Bateman. I chopped Owen's head off. I tortured dozens of girls. The whole message I left on your machine was true. Person1: Excuse me. I really must he going. Person2: No! Listen, don't you know who I am? I'm not Davis, I'm Patrick Bateman! I talk to you on the phone all the time! Don't you recognize me? You're my lawyer.",1,1,0.8578,0.53,0,0.9741,0.9619,0.0122,0.0189,Evasion,Brandishing Anger|Intimidation,Brandishing Anger:0.591 | Intimidation:0.579 | Playing Victim Role:0.429,,,Over-responsibility:0.402 | Dependency:0.399 | Low self-esteem:0.299,85517574 || 85517975 || 85518813,1 || 1 || 1,0.9741 || 0.9619 || 0.9588,Shaming or Belittlement|Intimidation|Persuasion or Seduction ||  || Brandishing Anger|Accusation, ||  || 
85514516,"Person1: You don't have to show me anything, Mr. Rogers. I believe you. Person2: I'd rather Mr. Kane withdrew without having to get the story published. Not that I care about him. But I'd be better off that way - - and so would you, Mrs. Kane.",1,1,0.664,0.53,0,0.9351,0.918,0.0171,0.0209,Persuasion or Seduction,Persuasion or Seduction|Intimidation,Persuasion or Seduction:0.561 | Intimidation:0.484 | Rationalization:0.415,Naivete,Dependency,Dependency:0.673 | Low self-esteem:0.163 | Naivete:0.163,85514953 || 85518636 || 85515242,1 || 1 || 1,0.9351 || 0.918 || 0.9164,Persuasion or Seduction || Persuasion or Seduction || Playing Victim Role|Intimidation|Persuasion or Seduction,Dependency ||  || 
85517130,Person1: This ain't gonna work. Person2: Rae... Person1: I don't see why we gotta lie 'bout it when you and I know this ain't gonna work. Person2: Rae don't do this now... Person1: It's stupid... It's so stupid! Person2: Rae!,1,1,0.8151,0.53,0,0.9529,0.9501,0.0028,0.0069,Shaming or Belittlement,Brandishing Anger|Shaming or Belittlement|Accusation,Brandishing Anger:0.627 | Shaming or Belittlement:0.508 | Accusation:0.457,,Low self-esteem,Low self-esteem:0.566 | Over-responsibility:0.429 | Naivete:0.147,85517011 || 85517590 || 85515180,1 || 1 || 1,0.9529 || 0.9501 || 0.9471,Intimidation || Shaming or Belittlement || , || Naivete || Over-responsibility
85515788,"Person1: Mom, please Person2: You'll have to watch Jamie tonight. Person1: Not tonight. I've got that date with Brady. You know how important that is. Person2: Well tonight is very important for your father and me. Person1: Can't you find somebody else? Person2: Its too late. Person1: What am I supposed to tell Brady? Sorry, but I've got to baby-sit my foster sister, go and have fun by yourself. Person2: Its not exactly the end of the world, for goodness sake",1,1,0.6561,0.53,0,0.9571,0.9427,0.0144,0.0216,Rationalization|Persuasion or Seduction,Persuasion or Seduction,Persuasion or Seduction:0.660 | Evasion:0.407 | Rationalization:0.402,Dependency,Dependency,Dependency:0.716 | Low self-esteem:0.280 | Naivete:0.144,85514869 || 85516097 || 85518008,1 || 1 || 1,0.9571 || 0.9427 || 0.9387,Rationalization|Persuasion or Seduction ||  || ,Dependency ||  || 
85514865,"Person1: Where's mine?! Where's my parachute? Person2: Miss Teschmacher, Superman is a fairly bright individual. My understanding of the way he works is that he won't be fooled by a simple trick. Person1: Good. Fine. Now where's my parachute? Person2: I'm wearing it. Person1: I mean the other one! Person2: What other one? Person1: You can't do this to me! Person2: Of course I can. I love you.",1,1,0.6728,0.53,0,0.9466,0.9346,0.012,-0.0131,Rationalization,Persuasion or Seduction,Persuasion or Seduction:0.508 | Brandishing Anger:0.411 | Playing Servant Role:0.392,,,Naivete:0.429 | Dependency:0.285 | Over-responsibility:0.143,85515828 || 85514744 || 85515527,0 || 0 || 1,0.9466 || 0.9346 || 0.9335, ||  || Accusation|Rationalization, ||  || 
85519289,"Person1: You should have told me my cat was a time traveler. Person2: Honestly, what difference would it make. A cat's a cat. Person1: You never were an animal person, were you.",1,1,0.5572,0.53,0,0.9111,0.9099,0.0012,-0.0012,Accusation,Denial|Shaming or Belittlement|Evasion,Denial:0.516 | Shaming or Belittlement:0.501 | Evasion:0.453,,Naivete,Naivete:0.751 | Dependency:0.249,85518248 || 85516408 || 85515552,0 || 1 || 1,0.9111 || 0.9099 || 0.9098, ||  || , ||  || 
85515915,"Person1: Club's expanding its roster to finish the season-- Person2: Shut up. I'm playing. Oh you won't regret it, young girls don't forget it, lost in their own wilderness ... But it's all so easy--Just try a little tenderness...",0,0,0.4883,0.53,0,0.9239,0.9109,0.013,0.0284,,,Persuasion or Seduction:0.689 | Rationalization:0.352 | Playing Victim Role:0.319,,,Dependency:0.629 | Naivete:0.248 | Low self-esteem:0.247,85518011 || 85518008 || 85515352,1 || 1 || 1,0.9239 || 0.9109 || 0.9105,Playing Victim Role ||  || Persuasion or Seduction,Dependency ||  || 
85516808,"Person1: We're supposed to do fifty apples. We only got twelve done. Person2: I don't know what to advise my son. I think he should pay for the wedding, but it is important that he don't look ridiculous.",0,1,0.6628,0.53,0,0.9053,0.904,0.0012,-0.0042,,Shaming or Belittlement|Persuasion or Seduction,Shaming or Belittlement:0.618 | Persuasion or Seduction:0.453 | Accusation:0.408,,Over-responsibility,Over-responsibility:0.670 | Low self-esteem:0.330,85518472 || 85517271 || 85516200,0 || 0 || 1,0.9053 || 0.904 || 0.9011, ||  || Shaming or Belittlement|Accusation|Persuasion or Seduction, ||  || Over-responsibility
85516384,"Person1: Look, I'm just on this boat, okay? I'm an engineer. Whatever this is, it's not for me to be involved, okay? Person2: I don't remember Zurich.",0,1,0.6196,0.53,0,0.916,0.9123,0.0037,-0.0037,,Persuasion or Seduction|Feigning Innocence|Rationalization,Persuasion or Seduction:0.533 | Feigning Innocence:0.482 | Rationalization:0.473,,Dependency,Dependency:0.667 | Low self-esteem:0.333,85518807 || 85518273 || 85517697,0 || 1 || 1,0.916 || 0.9123 || 0.9067, || Shaming or Belittlement|Persuasion or Seduction || Shaming or Belittlement|Accusation, ||  || Dependency
85514505,"Person1: I mean, what is there to be happy about really? I mean, going to the gym, climbing the StairMaster, eating the yogurt, checking the voice mail. Smoking the low-tar cigarettes, shaving the bikini line. Sometimes I just want something different, you know? Person2: What was your name again? Person1: Erica. Person2: Erica. So do you think you and I are alike, Erica? Person1: Deep down. Way down. Person2: It's a mistake to think that. Person1: We could still talk, you know? It's nice to talk. Person2: It's nice to do a lot of things. Person1: That's what I mean. Person2: I'm not a nice guy. Person1: I know. It's okay. Person2: Yeah? Person1: Mm-hm. I'm a big girl. I can take care of myself. If I didn't want to be here, I'd be in a limo right now with a bunch of kids looking for Chinese food. Person2: No, no, see, you, you don't understand. Person1: Hay? Yeah? So teach me a lesson.",1,1,0.7327,0.53,0,0.9565,0.9463,0.0103,0.0107,Shaming or Belittlement,Persuasion or Seduction|Rationalization|Shaming or Belittlement,Persuasion or Seduction:0.686 | Rationalization:0.512 | Shaming or Belittlement:0.463,,Dependency,Dependency:0.658 | Low self-esteem:0.342 | Naivete:0.342,85517658 || 85515689 || 85518000,1 || 1 || 0,0.9565 || 0.9463 || 0.9459,Persuasion or Seduction|Shaming or Belittlement || Persuasion or Seduction || ,Naivete|Low self-esteem ||  || 
85518415,Person1: Did Bobby give you that or is there someone new? Person2: Leland leave her alone... She doesn't like that. Stop it. Person1: How do you know what she doesn't like?,0,1,0.7891,0.53,0,0.9278,0.9231,0.0047,0.0047,,,Intimidation:0.415 | Brandishing Anger:0.398 | Rationalization:0.379,,Dependency,Dependency:0.604 | Low self-esteem:0.396 | Over-responsibility:0.198,85515166 || 85517956 || 85516072,1 || 0 || 1,0.9278 || 0.9231 || 0.9215,Persuasion or Seduction ||  || Persuasion or Seduction|Shaming or Belittlement,Dependency ||  || Dependency
85514569,Person1: I missed you. Person2: It says here you exposed yourself to a group of freshmen girls. Person1: It was a bratwurst. I was eating lunch. Person2: With the teeth of your zipper?,1,0,0.475,0.53,0,0.8969,0.8868,0.0101,0.0111,Rationalization,,Shaming or Belittlement:0.636 | Denial:0.604 | Accusation:0.459,Naivete,,Low self-esteem:0.802 | Dependency:0.199 | Naivete:0.198,85517272 || 85515091 || 85515725,1 || 1 || 0,0.8969 || 0.8868 || 0.8858,Shaming or Belittlement || Denial|Rationalization || , ||  || 
85518710,"Person1: Miss Parsons, I have one additional question for you. Person2: Sir? Person1: Why did we not know about this sooner? Person2: Sir? Person1: I pay you a good deal of money to be my eyes and ears in Hollywood, do I not? If you cannot provide this simple service you are of no use to me. Person2: Sir, I- Person1: Please be quiet.",1,1,0.6761,0.53,0,0.9344,0.9222,0.0122,0.0222,Accusation,Intimidation,Intimidation:0.462 | Persuasion or Seduction:0.440 | Evasion:0.413,Dependency|Low self-esteem,Over-responsibility,Over-responsibility:0.596 | Dependency:0.205 | Naivete:0.199,85518679 || 85516102 || 85515526,1 || 1 || 1,0.9344 || 0.9222 || 0.9203,Rationalization || Intimidation || Persuasion or Seduction, || Dependency || Over-responsibility
85516414,"Person1: It's been five minutes and I'm packing to leave again. I can't believe this. Person2: That's right, your life is Shit, and I'm to blame. It's that simple.",1,1,0.822,0.53,0,0.9295,0.9193,0.0102,0.9295,Playing Victim Role,Accusation|Shaming or Belittlement|Denial,Accusation:0.634 | Shaming or Belittlement:0.590 | Denial:0.541,,,Over-responsibility:0.433 | Low self-esteem:0.428 | Over-intellectualization:0.142,85515326 || 85517388 || 85518979,1 || 1 || 1,0.9295 || 0.9193 || 0.9174,Shaming or Belittlement|Accusation ||  || Shaming or Belittlement|Brandishing Anger, ||  || 
85518716,"Person1: I went on the Internet and found this article about you... It says you're a Horse Whisperer, that you... you help people with horse problems. And you have quite a success rate when it comes to traumatized -- Person2: Well, see, truth is, ma'am, I help horses with people's problems. Person1: Well, you know, however you want to put it -- I got your information from the publisher of the article. I called Montana and your sister-in-law, I think, gave me this number. I'm been hot on your trail you could say because I was hoping you'd consider coming to New York and taking a look at my daughter's horse and possibly -- Person2: Ma'am, I'm very sorry about your problems and I appreciate what your daughter must be going through, but I'm afraid you've misunderstood whatever it is you read. I don't do that sort of thing. Person1: Well, if you could just come for the day. New York's only a few hours by plane, I'd have you home by dinner... Person2: Look, even if it was nearer, that's just not what I do. I give clinics. And I'm not even doing them for a while. I'm heading back to Montana right now. I got a ranch to take care of... Person1: I'll pay you for your fare. I'll send you to Montana first class. Person2: Ma'am, first class to Montana is a waste of good money. Now, am I being too polite here or when I say NO in Utah, does that mean YES in New York City?",1,1,0.7821,0.53,0,0.9345,0.923,0.0115,0.0167,Persuasion or Seduction,Persuasion or Seduction|Rationalization,Persuasion or Seduction:0.660 | Rationalization:0.538 | Accusation:0.395,,Dependency,Dependency:0.742 | Over-responsibility:0.258,85516081 || 85515847 || 85515445,1 || 1 || 1,0.9345 || 0.923 || 0.9217,Shaming or Belittlement|Accusation|Brandishing Anger || Rationalization|Persuasion or Seduction || Persuasion or Seduction,Over-responsibility ||  || Dependency
85517963,"Person1: Andy?... What? What is it? Andy... are you okay? Person2: It was you... That night in the tunnels. You. You did this to me. Person1: No I.... Andy, you can't be sure. Person2: That's the scar where I stabbed you! Oh God... You deliberately took me down there so you could... God, I can't believe it!",1,1,0.6364,0.53,0,0.954,0.9471,0.0069,0.0162,,Denial|Brandishing Anger|Accusation,Denial:0.556 | Brandishing Anger:0.548 | Accusation:0.502,,,Low self-esteem:0.432 | Over-responsibility:0.287 | Dependency:0.281,85517559 || 85518745 || 85514629,1 || 1 || 0,0.954 || 0.9471 || 0.9378,Shaming or Belittlement ||  || ,Low self-esteem || Over-responsibility || 
85517149,"Person1: Why not? Person2: Oh come on, Kathryn. It's too easy. ""But I thought high school was only four years."" I mean, please. She knows nothing. She's seen nothing. I could have her under the table at Au Bar sucking me off before the appetizer arrived. Go get one of those moron friends of yours to do it. I have a reputation to uphold. Person1: Oh but diddling the therapist's daughter is a challenge? Person2: That was just simple revenge. What I have planned requires sheer genius.",1,1,0.816,0.53,0,0.9563,0.9507,0.0056,0.0129,Shaming or Belittlement,Shaming or Belittlement|Accusation,Shaming or Belittlement:0.508 | Accusation:0.463 | Brandishing Anger:0.427,,,Dependency:0.426 | Over-intellectualization:0.290 | Over-responsibility:0.284,85518312 || 85517966 || 85517175,1 || 1 || 1,0.9563 || 0.9507 || 0.9486,Shaming or Belittlement|Accusation || Rationalization|Brandishing Anger || Shaming or Belittlement|Rationalization|Brandishing Anger,Over-intellectualization ||  || 
85519271,"Person1: Weir is dead. Person2: Then who the heck are you? Person1: Your fear. Do you remember the Goliath, Miller?",0,0,0.4918,0.53,0,0.9496,0.9351,0.0145,0.0298,,,Intimidation:0.494 | Persuasion or Seduction:0.435 | Accusation:0.398,,,Low self-esteem:0.344 | Dependency:0.310 | Over-responsibility:0.188,85514585 || 85515703 || 85516123,1 || 1 || 1,0.9496 || 0.9351 || 0.9287,Accusation || Rationalization|Accusation || Shaming or Belittlement,Over-responsibility ||  || 
85517580,"Person1: That shirt, Mr. Boone. Person2: It's new. Person1: I'm sorry. It's too white, too distracting. Would it be asking too much for you to take it off? Person2: I'm not wearing an undershirt. Person1: Pish posh, Mr. Boone. I'm not your Aunt Tilly. Person2: But it's just my face you want to draw. Person1: Oh if it's going to make you uncomfortable... Perhaps we can find something else for you to wear.",1,0,0.4973,0.53,0,0.9152,0.9059,0.0093,-0.0093,Shaming or Belittlement,,Persuasion or Seduction:0.508 | Evasion:0.474 | Feigning Innocence:0.472,,,Naivete:0.520 | Over-responsibility:0.480,85514725 || 85514920 || 85514572,0 || 1 || 1,0.9152 || 0.9059 || 0.8959, || Rationalization|Feigning Innocence || Accusation, || Naivete || 
85514567,"Person1: I gave you that tongue and I can rip it out! Person2: No, I really like my tongue... we're very attached. Oyyyy... Okay, now... promise you won't get angry. Person1: Why would I ever be angry with you, little friend?",1,1,0.832,0.53,0,0.9576,0.9317,0.0259,0.9576,Intimidation|Brandishing Anger,Brandishing Anger|Playing Servant Role|Intimidation,Brandishing Anger:0.725 | Playing Servant Role:0.477 | Intimidation:0.464,Dependency,Low self-esteem,Low self-esteem:0.451 | Dependency:0.443 | Over-responsibility:0.335,85518444 || 85514530 || 85515633,1 || 1 || 1,0.9576 || 0.9317 || 0.9098,Intimidation || Rationalization|Brandishing Anger|Accusation || Intimidation,Low self-esteem || Dependency|Over-responsibility || 
85514600,"Person1: Don't, Beth. Person2: But I have to, Norman. Person1: I promise -- Person2: Promise what, Norman? Tell me! Person1: Beth -- Person2: You think I'd belive you? Believe anything you might say now? After you lied to me about telling Barnes about my past. About my problems. My problems. Not yours. Not his. Mine. Person1: Don't, Beth. Please. Person2: It's either this... or I kill you.",1,1,0.854,0.53,0,0.9434,0.9375,0.006,0.0146,Intimidation|Brandishing Anger|Accusation,Intimidation|Playing Servant Role,Intimidation:0.734 | Playing Servant Role:0.466 | Playing Victim Role:0.428,Dependency|Over-responsibility,Dependency,Dependency:0.779 | Naivete:0.221 | Over-responsibility:0.110,85515114 || 85517274 || 85516927,1 || 1 || 1,0.9434 || 0.9375 || 0.9307,Intimidation || Intimidation || Persuasion or Seduction, ||  || 
85518720,"Person1: Bub-ut, baby, do you know that I love you too? Person2: No, Lester. Person1: Do you know that? Person2: Yeah. This is the best thing I can do for my life right now. Person1: That's right.",1,0,0.4831,0.53,0,0.9411,0.9328,0.0083,-0.0083,Persuasion or Seduction,,Persuasion or Seduction:0.752 | Evasion:0.341 | Shaming or Belittlement:0.306,Dependency,,Over-responsibility:0.360 | Dependency:0.324 | Naivete:0.316,85516292 || 85517028 || 85514914,0 || 1 || 1,0.9411 || 0.9328 || 0.9274, || Persuasion or Seduction || Shaming or Belittlement, || Over-responsibility || 
85519063,"Person1: You don't remember me, Mr. Szpilman? Person2: No, I don't think so? Person1: Warsaw Radio. I was a technician. I saw you almost every day. Person2: Sorry, I don't remember. Person1: Doesn't matter. You've nothing to worry about. I'll visit often.",0,0,0.5286,0.53,0,0.9222,0.9173,0.0049,0.0049,,,Denial:0.592 | Evasion:0.538 | Feigning Innocence:0.409,,,Low self-esteem:0.290 | Dependency:0.283 | Naivete:0.283,85517544 || 85518319 || 85516326,1 || 0 || 1,0.9222 || 0.9173 || 0.9169,Intimidation ||  || Evasion,Low self-esteem ||  || 
85516033,"Person1: I was a great dancer... Person2: A strange collection. You're like the false god you worship... fallen angels, all of you. Person1: Life has betrayed us. We've found there is no heaven on earth, so we must worship evil for evil's own sake. We're not wicked. We commit no violence, unless... Person2: Unless what? Person1: No, you draw no secrets from me, as you drew them from Jacqueline. You are not one of us yet. You're clever, Louis, but I recognize your interest in me for what it is worth. You are only curious. You have never loved a woman who had but one arm. Person2: It would be a charming experience. She might only protest half as much. Person1: You're very flippant and perhaps wise, but not wise enough to see the truth, Louis.",1,1,0.7094,0.53,0,0.9058,0.9034,0.0024,0.0199,Rationalization|Shaming or Belittlement,Persuasion or Seduction|Shaming or Belittlement,Persuasion or Seduction:0.621 | Shaming or Belittlement:0.507 | Accusation:0.432,,Dependency,Dependency:0.667 | Over-intellectualization:0.333,85515814 || 85515731 || 85518533,1 || 1 || 1,0.9058 || 0.9034 || 0.8924,Persuasion or Seduction|Shaming or Belittlement || Rationalization|Persuasion or Seduction || Shaming or Belittlement|Accusation, ||  || 
85518595,"Person1: What else? Person2: What else...? Let's see... You have complete freedom. Person1: To do what? Person2: I don't know... To grow, to go out. Whatever you want. Person1: Anything? Person2: Anything. Person1: Like if I meet a handsome young man and I wanted to ask him to dance? I can do that? Person2: Uh, if the guy wants to. Person1: You don't think the guy would find me attractive enough to dance with? Person2: Yes. I mean, no. I mean, maybe he would find her, I mean you attractive. Maybe he doesn't like to dance. Maybe all he likes to do is just stand around and drink and smoke and look cool with his buddies who don't dance either... Person1: Maybe it doesn't matter if he's a good dancer cause it's a slow song, if that's what he's afraid of. Person2: No... Maybe that's not the case. Maybe she shouldn't be such a smug little shit because she'd be surprised at what a good dancer he really is, but it's been a long time and he doesn't know if he's ready to... Person1: Mike...",1,1,0.6998,0.53,0,0.9468,0.943,0.0038,0.0043,Shaming or Belittlement,Persuasion or Seduction|Shaming or Belittlement,Persuasion or Seduction:0.608 | Shaming or Belittlement:0.510 | Rationalization:0.438,,Dependency,Dependency:0.664 | Low self-esteem:0.336 | Naivete:0.336,85517055 || 85517134 || 85514640,1 || 1 || 1,0.9468 || 0.943 || 0.9427,Persuasion or Seduction ||  || Feigning Innocence, ||  || 
85515940,"Person1: It doesn't look much like the fish spears I knew back in Marblehead.. Person2: Our friend, Poseidon, didn't use it for fishing. He raked the sea with it and stirred up the big waves. Person1: I'll go up and take a look at the General - perhaps sit with him. Person2: He won't even know you're there. He is delirious. Person1: All the more reason to watch him. He's had some wild notions lately. Person2: Don't bother. Go to bed and get some sleep. I'll be working late. I can hear any movement down here. Person1: Well Person2: Go ahead. I'll wake you up when I go to bed. Then you can watch him. Person1: Thank you, I'll do that. Good night.",0,1,0.5772,0.53,0,0.9047,0.903,0.0017,0.0017,,Persuasion or Seduction,Persuasion or Seduction:0.753 | Shaming or Belittlement:0.337 | Rationalization:0.323,,Dependency,Dependency:0.496 | Over-responsibility:0.254 | Naivete:0.250,85517294 || 85518188 || 85518804,1 || 0 || 1,0.9047 || 0.903 || 0.902,Evasion ||  || Playing Victim Role|Shaming or Belittlement, ||  || Over-responsibility
85518224,"Person1: Wait I... Person2: You were paid to take me out! By -- the one person I truly hate. I knew it was a set-up! Person1: It wasn't like that. Person2: Really? What was it like? A down payment now, then a bonus for sleeping with me? Person1: I didn't care about the money.",1,1,0.823,0.53,0,0.9569,0.9369,0.02,0.0422,Denial,Accusation|Shaming or Belittlement|Brandishing Anger,Accusation:0.667 | Shaming or Belittlement:0.651 | Brandishing Anger:0.572,,Over-responsibility,Over-responsibility:0.501 | Low self-esteem:0.335 | Over-intellectualization:0.164,85518979 || 85516939 || 85518123,1 || 1 || 1,0.9569 || 0.9369 || 0.9349,Shaming or Belittlement|Brandishing Anger || Rationalization || Shaming or Belittlement|Brandishing Anger, ||  || 
85515562,"Person1: I ain't never used no hatchet that I remember. Person2: You're just crazy in a retarded kind of way then. It wouldn't matter to me if you did do violence on somebody 'cause I ain't afraid of shit. You think I'm afraid for you to stay here. You're just a bit odd it looks like to me. Not really, I'm just jokin' with you. Welcome to our humble home, buddy. Frank needs all the friends he can get. Frank's a real weak little kid. His daddy taught him how to be a timid person.",1,1,0.7032,0.53,0,0.9157,0.9154,0.0002,-0.0002,Shaming or Belittlement,Persuasion or Seduction,Persuasion or Seduction:0.586 | Shaming or Belittlement:0.446 | Accusation:0.438,,,Low self-esteem:0.437 | Dependency:0.339 | Naivete:0.228,85514817 || 85518317 || 85516665,0 || 1 || 1,0.9157 || 0.9154 || 0.9133, ||  || Shaming or Belittlement, ||  || 
85515895,"Person1: You planning on going somewhere, Eduardo? You don't like it here? This is the best situation you're going to have for a long, long time. Person2: I am a legitimate business. Fishing boats. Tuna. Check it out. Tax records, everything -- Person1: Listen you jerk, you tried to kill me with a cannon. Person2: You can't visit me here. I want my lawyer. Person1: The amount of coke we got on you means capital punishment in some states.",1,1,0.8328,0.53,0,0.9489,0.9486,0.0003,0.0204,Intimidation|Accusation,Persuasion or Seduction,Persuasion or Seduction:0.472 | Shaming or Belittlement:0.435 | Intimidation:0.434,,Dependency,Dependency:0.697 | Low self-esteem:0.199 | Over-intellectualization:0.103,85514698 || 85517530 || 85515589,1 || 1 || 1,0.9489 || 0.9486 || 0.9476,Rationalization || Persuasion or Seduction || Playing Servant Role,Over-intellectualization ||  || 
85514944,"Person1: Say, Brad. I've got an idea. Person2: Yes? Person1: I mean I've got a job for you. Person2: Good. Person1: You don't want to be a war correspondent - how about being a dramatic critic? Person2: I'd like that.",0,1,0.5485,0.53,0,0.92,0.9092,0.0108,0.0108,,Persuasion or Seduction,Persuasion or Seduction:0.702 | Evasion:0.370 | Feigning Innocence:0.352,,,Low self-esteem:0.408 | Naivete:0.408 | Over-intellectualization:0.199,85514599 || 85516183 || 85519261,1 || 0 || 1,0.92 || 0.9092 || 0.909,Persuasion or Seduction ||  || ,Low self-esteem|Naivete ||  || 
85515848,"Person1: If you don't eat that ice cream right now, I'm gonna strangle you until you are completely dead. Person2: Yeah? You and what army? Person1: Next thing, you're gonna be complaining about the seats. Person2: Well, if you must know, they could be closer. Person1: Damn, I shoulda let Spanky Johnson drown you in the river when I had the chance.",1,1,0.7617,0.53,0,0.9596,0.9537,0.0059,0.0127,Intimidation,Shaming or Belittlement|Intimidation,Shaming or Belittlement:0.489 | Intimidation:0.455 | Brandishing Anger:0.388,,Dependency,Dependency:0.835 | Over-responsibility:0.165 | Naivete:0.165,85515166 || 85517669 || 85515161,1 || 1 || 1,0.9596 || 0.9537 || 0.9472,Persuasion or Seduction || Shaming or Belittlement || Shaming or Belittlement,Dependency ||  || 
85516397,"Person1: The Matrix is everywhere, it's all around us, here even in this room. You can see it out your window or on your television. You feel it when you go to work, or go to church or pay your taxes. It is the world that has been pulled over your eyes to blind you from the truth. Person2: What truth? Person1: That you are a slave, Neo. Like everyone else, you were born into bondage, kept inside a prison that you cannot smell, taste, or touch. A prison for your mind.",1,1,0.6491,0.53,0,0.8842,0.8839,0.0003,0.0107,,Persuasion or Seduction,Persuasion or Seduction:0.516 | Intimidation:0.404 | Shaming or Belittlement:0.403,,Over-responsibility,Over-responsibility:1.000,85514635 || 85514540 || 85517547,1 || 1 || 1,0.8842 || 0.8839 || 0.8753,Accusation || Accusation|Rationalization || Intimidation, || Over-responsibility || 
85518098,"Person1: Y'know, you got an awful short memory for direct orders. I told you to stay beside me. Person2: -- C'mon, Stephen. Person1: -- You split the team, man. And what was that crap with the standpipe? You'd think you and a hose were never introduced before.",1,1,0.6425,0.53,0,0.9529,0.949,0.0039,0.0179,Accusation|Shaming or Belittlement,Shaming or Belittlement,Shaming or Belittlement:0.520 | Accusation:0.409 | Denial:0.396,,,Dependency:0.407 | Low self-esteem:0.203 | Naivete:0.197,85518218 || 85517125 || 85518362,1 || 1 || 0,0.9529 || 0.949 || 0.9351,Feigning Innocence || Persuasion or Seduction || , || Dependency || 
85514618,"Person1: Your blood. Person2: All my life I have never reached a man. I knew that I would reach my husband, but I took my time and he was dead. Ronny. Person1: Loretta. Person2: I want to cut you open and crawl inside of you. I want you to swallow me. Person1: I've got you. Person2: Get all of me. Take everything. Person1: What about Johnny? Person2: You're mad at him, take it out on me, take your revenge on me! Take everything, leave nothing for him to marry! Hollow me out so there's nothing left but the skin over my bones. Suck me dry! Person1: Alright. Alright. There will be nothing left.",1,1,0.8131,0.53,0,0.9501,0.9464,0.0037,0.0107,,Intimidation|Brandishing Anger|Playing Servant Role,Intimidation:0.682 | Brandishing Anger:0.606 | Playing Servant Role:0.452,Over-responsibility,Dependency,Dependency:0.574 | Over-responsibility:0.145 | Naivete:0.141,85518620 || 85514701 || 85517186,1 || 1 || 1,0.9501 || 0.9464 || 0.945,Rationalization|Intimidation || Intimidation || Brandishing Anger, ||  || Dependency
85518874,Person1: Runnin' off and worryin' people. Makin' it tougher on Clay than it is already. Person2: Don't ask me because I won't tell you! I won't tell anybody! Go away! Person1: Don't act so -- crazy. Person2: I'm sorry. Let's go. Person1: That's a good girl.,0,1,0.7534,0.53,0,0.9463,0.9387,0.0075,-0.0075,,Intimidation|Brandishing Anger|Persuasion or Seduction,Intimidation:0.593 | Brandishing Anger:0.552 | Persuasion or Seduction:0.515,,Dependency,Dependency:0.803 | Over-responsibility:0.197,85515519 || 85516323 || 85516927,0 || 1 || 1,0.9463 || 0.9387 || 0.9379, || Intimidation|Persuasion or Seduction || Persuasion or Seduction, || Dependency || 
85517940,"Person1: -- and when my husband died I felt helpless. They disobeyed me -- things went from bad to worse. All my husband's dreams of good health, good sanitation, good morals for these sweet and gentle people seemed to die with him. Then, almost accidentally, I discovered the secret of how to deal with them. There was a girl with a baby -- again and again I begged her to boil the drinking water. She never would. Then I told her the god, Shango, would be pleased and kill the evil spirits in the water if she boiled it. She boiled the water from then on. Person2: But you didn't have to come up here. Person1: Perhaps not. But I did come here and I found it was so simple to let the gods speak through me. Once started, it seemed such an easy way to do good. I should have known there was no easy way to do good, Betsy.",0,1,0.6476,0.53,0,0.8686,0.8556,0.013,0.0133,,Persuasion or Seduction|Playing Victim Role|Playing Servant Role,Persuasion or Seduction:0.683 | Playing Victim Role:0.539 | Playing Servant Role:0.506,,Dependency,Dependency:1.000,85515805 || 85517340 || 85514533,1 || 1 || 0,0.8686 || 0.8556 || 0.8553,Persuasion or Seduction ||  || , ||  || 
85515765,"Person1: Tell them I'm keeping what's left. I earned it. I probably killed some poor bastard for it. Person2: He seems to think he's entitled to it all. Person1: Not all. They already have a third. The question is how much of that are they willing to give to get you back? Person2: You won't shoot me. That's not your style. Person1: We might hit a bump and the gun might go off. Ever see that Tarantino movie -- where Travolta blew that guy away in the back seat -- purely by accident? Person2: Do you have to point that? Person1: Absolutely. And Topanga Canyon has a hell of a lot of potholes if I recall. Person2: He seems to be headed for Topanga. Person1: I'm not trying to lose them. Nor am I exceeding any speed limits. Person2: The one thing you don't want is to attract the police. Person1: Granted, the cops are not an alternative. Certainly not with one of their own still locked in my trunk. Person2: I don't hear him moving around anymore. Person1: Those shots your associates got off may not have done him too much good. That's on their head. All I did I was put him there. Person2: A typical mess-up. Person1: What's that supposed to me? Person2: I knew you were a loser the first night I laid eyes on you. Person1: You, I would've noticed. Person2: Oh no, you were too busy trying to keep some Croatian from slapping the shit out of his girlfriend. She showed her gratitude by almost taking your eye out with her spiked heel. Person1: You were at the Emerald that night? Person2: Naturally you didn't learn your lesson. Person1: I guess I ought to stop seeing woman as victims. Person2: I think it was my tone of voice more than anything else that sold you. And when you thought I was being kicked around, I wish I could've seen your face. Person1: You're enjoying this too much.",1,1,0.8275,0.53,0,0.9684,0.9646,0.0037,0.0085,Shaming or Belittlement,Shaming or Belittlement|Accusation|Rationalization,Shaming or Belittlement:0.616 | Accusation:0.537 | Rationalization:0.475,,Dependency,Dependency:0.752 | Over-intellectualization:0.248,85516374 || 85514464 || 85517134,1 || 1 || 1,0.9684 || 0.9646 || 0.9631,Shaming or Belittlement || Shaming or Belittlement|Intimidation || , ||  || 
85518410,"Person1: Why did you laugh when I told the group about my painting hobby? Person2: It just caught me off guard. I didn't expect it. Person1: It felt like you were mocking me. Person2: You're too sensitive. I was just surprised, that's all. Person1: It's not about sensitivity. It's about respect and understanding.",1,1,0.5379,0.53,0,0.904,0.8836,0.0204,-0.0575,Feigning Innocence|Accusation,Feigning Innocence|Accusation|Evasion,Feigning Innocence:0.663 | Accusation:0.613 | Evasion:0.611,,Low self-esteem|Naivete,Low self-esteem:0.504 | Naivete:0.496,85518975 || 85517765 || 85517180,0 || 0 || 0,0.904 || 0.8836 || 0.8547, ||  || , ||  || 
85514992,"Person1: This is the best part, Sid. Billy's got it all figured out. Why do you think we kept your father alive so long? Why did we save you for last? Person2: You know what time it is, Sid? It's after midnight. It's your mother's anniversary. We killed her exactly one year ago today.",0,1,0.5664,0.53,0,0.942,0.9389,0.0031,-0.0111,,Persuasion or Seduction|Shaming or Belittlement,Persuasion or Seduction:0.483 | Shaming or Belittlement:0.459 | Evasion:0.378,,Low self-esteem,Low self-esteem:0.499 | Naivete:0.251 | Dependency:0.250,85515140 || 85515450 || 85516439,0 || 0 || 0,0.942 || 0.9389 || 0.9346, ||  || , ||  || 
85517763,"Person1: How dare you! How dare you! That animal!? That monster!? He disgusts me! You disgust me! So he knew where to hurt you, is that it? You had a sling on your arm at the funeral! I didnt have to sleep with you to find that out. Person2: He used your exact words. Person1: You knew. You knew all the time, that he was out there, that he was coming for me, and you lied. You used me, you used me as bait. You made love to me -- what, to pass the time as you waited for him to strike?",1,1,0.8355,0.53,0,0.9324,0.9239,0.0085,0.017,Accusation|Playing Victim Role,Shaming or Belittlement|Accusation|Brandishing Anger,Shaming or Belittlement:0.601 | Accusation:0.498 | Brandishing Anger:0.466,,Dependency|Low self-esteem,Dependency:0.653 | Low self-esteem:0.507,85516944 || 85514762 || 85518497,1 || 1 || 0,0.9324 || 0.9239 || 0.9154,Persuasion or Seduction ||  || , || Low self-esteem || 
85516026,"Person1: Break my neck. Or strangle me. It would be oh so easy to wrap your hands around my neck and choke the life out of me. Please, Clayton. We've come this far. Person2: You're crazy.",1,1,0.7525,0.53,0,0.9097,0.891,0.0187,0.0289,Persuasion or Seduction,Intimidation|Playing Servant Role,Intimidation:0.763 | Playing Servant Role:0.466 | Playing Victim Role:0.412,,Dependency,Dependency:0.671 | Over-responsibility:0.329,85515483 || 85517099 || 85514506,1 || 1 || 1,0.9097 || 0.891 || 0.8874,Intimidation || Intimidation || Playing Servant Role, ||  || 
85516289,"Person1: Hello. Person2: It's me. Person1: I figured it was. Where are you? Person2: I think the big question here is where are you, if you don't mind my saying so, and I think I know where you are. You're running. On the run. You're running from a point that everyone hits in any relationship, and you're just going to hit it again with Ian but it's going to be with a World Music bunny- rabbit-looking earth-shoe-wearing ""Doctor Who""-watching twit who doesn't really understand you, not the way that I do and will more in the future, and you'll have just wasted more time and arrive in the exact same place that you're in now, only later. And with... him. Person1: I'm not -- hold on...",1,1,0.6573,0.53,0,0.9638,0.9606,0.0033,0.0126,Evasion|Playing Victim Role,Shaming or Belittlement|Persuasion or Seduction,Shaming or Belittlement:0.489 | Persuasion or Seduction:0.476 | Evasion:0.420,Over-responsibility,,Naivete:0.338 | Dependency:0.330 | Over-responsibility:0.166,85514847 || 85517543 || 85517029,1 || 1 || 1,0.9638 || 0.9606 || 0.9552, || Persuasion or Seduction || Persuasion or Seduction, ||  || Naivete
85514419,Person1: I like you so much. I think you're beautiful. I think if we were together you would love it. You wouldn't believe it. Person2: How do you know? Person1: I just know. I know you'll love it. Person2: But I'm scared Telly. Person1: I'm telling you. There's nothing in the world to worry about. Person2: Nothing?,1,1,0.6653,0.53,0,0.9049,0.8888,0.0161,-0.0161,Persuasion or Seduction,Persuasion or Seduction,Persuasion or Seduction:0.668 | Accusation:0.354 | Playing Servant Role:0.346,,Low self-esteem,Low self-esteem:0.602 | Naivete:0.398 | Dependency:0.194,85514590 || 85515494 || 85515782,0 || 1 || 1,0.9049 || 0.8888 || 0.8869, ||  || , ||  || Low self-esteem
85518854,"Person1: I just hate to see you pining away. It makes me want to vomit, frankly. Broken hearts are for assholes. Person2: Hey, Iris, you okay?",0,1,0.6494,0.53,0,0.8991,0.8981,0.001,0.001,,Shaming or Belittlement,Shaming or Belittlement:0.623 | Brandishing Anger:0.375 | Accusation:0.371,,Dependency,Dependency:0.586 | Low self-esteem:0.414,85516417 || 85514622 || 85516939,1 || 0 || 1,0.8991 || 0.8981 || 0.8953,Persuasion or Seduction ||  || Rationalization, ||  || 
85517464,"Person1: Leave me alone, dammit! You people are crazy! I've got to get away from here! I've got to do something! Person2: David, don't lose control. Person1: Control!?! What control!?! Get away from me!",1,1,0.7487,0.53,0,0.9527,0.949,0.0037,0.0065,Brandishing Anger|Persuasion or Seduction,Brandishing Anger|Intimidation|Playing Servant Role,Brandishing Anger:0.780 | Intimidation:0.504 | Playing Servant Role:0.456,,,Low self-esteem:0.342 | Over-responsibility:0.342 | Dependency:0.332,85518146 || 85518784 || 85514800,1 || 1 || 0,0.9527 || 0.949 || 0.9463,Rationalization || Shaming or Belittlement|Brandishing Anger || , ||  || 
85517502,"Person1: ""...a sincere and heartfelt apology which you will then read aloud to him before the assembled student body and faculty. Person2: Why? Person1: Our profession needs talent like yours. Destroy your career over an issue of pride? What a waste.",1,1,0.791,0.53,0,0.8756,0.869,0.0066,0.0081,,Accusation|Shaming or Belittlement|Brandishing Anger,Accusation:0.583 | Shaming or Belittlement:0.570 | Brandishing Anger:0.475,,Dependency,Dependency:0.496 | Low self-esteem:0.332 | Over-intellectualization:0.173,85517565 || 85518104 || 85515449,1 || 1 || 0,0.8756 || 0.869 || 0.8675,Persuasion or Seduction ||  || ,Over-intellectualization ||  || 
85519049,"Person1: Now, don't get alarmed. These are just more sophisticated audiometry tests than I can run here. I mean, it's, it's nothing. Person2: Well, if it's nothing, then why do I have to go into the hospital at all? I mean, uh, I hear perfectly fine, so I'm, so I'm a little weak on the, on the high decibels. So I, you know, I won't go to the opera. Person1: You know, there's no reason for panic. I just want to rule out some things. Person2: Like what? Person1: It's nothing. Will you trust me?",0,1,0.7064,0.53,0,0.9533,0.9485,0.0048,0.0348,,Persuasion or Seduction,Persuasion or Seduction:0.533 | Intimidation:0.407 | Accusation:0.357,,,Low self-esteem:0.412 | Naivete:0.206 | Dependency:0.192,85518290 || 85517529 || 85515782,1 || 1 || 1,0.9533 || 0.9485 || 0.9395,Shaming or Belittlement|Accusation ||  || , ||  || Low self-esteem
85514690,Person1: Lasher touched you and you loved it. Person2: It wes a dream...! Person1: Just like your mother - and all the others that felt him - and used his power - and went to hell with a smile! Person2: Stop it! Person1: Witches. Rowan. that is what we are. Person2: ENOUGH!!!,1,1,0.6961,0.53,0,0.9181,0.9132,0.0049,0.0099,Accusation,Brandishing Anger|Playing Servant Role,Brandishing Anger:0.630 | Playing Servant Role:0.454 | Shaming or Belittlement:0.397,Dependency,Naivete|Dependency,Naivete:0.500 | Dependency:0.500,85515809 || 85514940 || 85515796,1 || 1 || 1,0.9181 || 0.9132 || 0.9119,Intimidation|Accusation || Intimidation || Shaming or Belittlement|Accusation, ||  || 
85518044,"Person1: Listen to me, Neo. I know why you're afraid to go through that door. You can't get free of thinking that I could be wrong. You must believe me. There is a greatness inside of you, Neo. A greatness that is going to lift you to unimaginable heights and that in time will change the world. Person2: Morpheus, I don't know -- Person1: I know. That is why it is so important for you to go. Please, Neo, I'm asking you to find whatever respect you may have for me and trust me.",1,1,0.7331,0.53,0,0.9329,0.926,0.0069,0.0352,Persuasion or Seduction,Persuasion or Seduction,Persuasion or Seduction:0.715 | Playing Servant Role:0.445 | Intimidation:0.427,,,Naivete:0.397 | Dependency:0.385 | Low self-esteem:0.217,85518749 || 85515782 || 85517968,1 || 1 || 1,0.9329 || 0.926 || 0.9156,Persuasion or Seduction ||  || Persuasion or Seduction, || Low self-esteem || 
85517969,"Person1: There is nothing to discuss. Person2: Will you listen to this man? Will you just listen to him? You really caused a panic on a public beach, you shoot up the place, God knows who could've been injured -- what if somebody de- cides to sue us? That could ruin us. Person1: Is that what it is? Dollars? Money? I'll pay for it. Take it out of my salary. Person2: You don't make enough. Person1: Maybe I don't make as much money as some bullshit rip-off artists around here, but I don't work the same way. Person2: What's that supposed to mean? Person1: It means I don't like all that grab-ass and heavy breathing with my wife, it means I know who's out to screw me here, and it means that I know something none of you know because I've been there -- and I don't want to go through that horror again. Ever!",1,1,0.8534,0.53,0,0.9339,0.9271,0.0068,0.9339,Shaming or Belittlement,Accusation|Intimidation,Accusation:0.521 | Intimidation:0.465 | Shaming or Belittlement:0.420,,,Over-responsibility:0.336 | Low self-esteem:0.331 | Over-intellectualization:0.221,85514907 || 85514456 || 85515101,1 || 1 || 1,0.9339 || 0.9271 || 0.9238,Persuasion or Seduction || Denial || Accusation|Shaming or Belittlement, || Over-responsibility || 
85516076,"Person1: Your expenses are your own. Person2: I thought Latisha said you would -- Person1: -- she didn't know what she was talking about -- Person2: It's....whatever....that's not cool. Person1: David, Don't. Just. Seriously. It doesn't make sense if you think about it in a fair deal like sense. Ok? It's business. Seriously. One hundred dollars for two days work is a lot more than your family is making sitting around your house. I'm serious now. Ok. Please. Now. Just stop.",1,1,0.8053,0.53,0,0.9441,0.9428,0.0012,-0.0022,Persuasion or Seduction,Shaming or Belittlement|Accusation,Shaming or Belittlement:0.550 | Accusation:0.482 | Playing Victim Role:0.428,,,Low self-esteem:0.373 | Dependency:0.250 | Over-intellectualization:0.127,85518155 || 85518667 || 85518312,0 || 0 || 1,0.9441 || 0.9428 || 0.9419, ||  || Shaming or Belittlement|Accusation, ||  || Over-intellectualization
85518018,"Person1: Not without Claudia. Where is she? Person2: I can't save her. Person1: You can't believe I'd leave without her. Armand! You must save her! You have no choice. Person2: Louis, I can't save her. I will only risk losing you -",1,1,0.8097,0.53,0,0.8236,0.8214,0.0022,0.0022,Rationalization,Playing Servant Role|Intimidation|Persuasion or Seduction,Playing Servant Role:0.599 | Intimidation:0.560 | Persuasion or Seduction:0.520,,Dependency,Dependency:0.709 | Low self-esteem:0.291 | Over-responsibility:0.145,85516942 || 85518366 || 85517989,1 || 0 || 1,0.8236 || 0.8214 || 0.8164,Persuasion or Seduction ||  || , ||  || 
85517483,"Person1: No, you idiot. I said ""Is it a receptacle tip?"" Not, is Luis a despicable twit. Is it a receptacle tip? Get off me. Person2: Is it a what? Person1: Pull out. Person2: I'm ignoring you. Person1: Pull out, goddamnit! Person2: What do you want, Courtney?",1,1,0.805,0.53,0,0.9536,0.953,0.0006,0.0006,,Brandishing Anger|Shaming or Belittlement|Accusation,Brandishing Anger:0.619 | Shaming or Belittlement:0.564 | Accusation:0.466,,,Naivete:0.262 | Over-responsibility:0.248 | Dependency:0.246,85518783 || 85518883 || 85517590,1 || 0 || 1,0.9536 || 0.953 || 0.9473,Shaming or Belittlement|Brandishing Anger ||  || Shaming or Belittlement, ||  || Naivete
85516325,"Person1: What are you doing here? Person2: Your door was unlocked. Person1: Still is, so let yourself out. Person2: We need to talk. Person1: We ain't got nothing to talk about. Person2: I messed up, okay, I know that. But I ain't that kid's father. Person1: Lucky kid. Person2: Look, I ain't saying it was right, but sometimes things happen. Person1: And some things should never happen! Person2: Boy, you're so perfect you can look down on me? Person1: I ain't a damn liar. Person2: Your mom was real quick to show you those pictures, wasn't she? Well, she was nineteen when she got pregnant and don't get me wrong, you're the best thing in my life, but she knew I wasn't ready for no marriage. Person1: So now you're saying my mother trapped you? Person2: I'm saying I handled my responsibilities like a man. But when you're in the NBA, you pull into a city and there's a hundred women waiting at the hotel. And another twenty that made it past security on your floor. And the boldest one is standing right at your door. And after awhile, it just becomes part of the game. I'm sorry I lied to you, I shouldn't have. But I did it cause I love you.",1,1,0.8765,0.53,0,0.973,0.9639,0.009,0.0199,Rationalization,Accusation|Shaming or Belittlement,Accusation:0.524 | Shaming or Belittlement:0.504 | Rationalization:0.418,Dependency|Over-intellectualization,Dependency,Dependency:0.751 | Low self-esteem:0.255 | Over-responsibility:0.254,85518622 || 85518119 || 85517661,1 || 1 || 1,0.973 || 0.9639 || 0.9625, || Shaming or Belittlement|Persuasion or Seduction || Persuasion or Seduction,Dependency|Low self-esteem|Over-responsibility || Low self-esteem || 
85519207,"Person1: I didn't get a thing. Just the music lessons. That's all there was to it. Person2: He married you, didn't he? Person1: He was in love with me. But he never told me so until after it all came out in the papers about us - and he lost the election and that Norton woman divorced him. Person2: What about that apartment? Person1: He wanted me to be comfortable - Oh, why should I bother? You don't believe me, but it's true. It just happens to be true. He was really interested in my voice. What are you smiling for? What do you think he built that opera house for? I didn't want it. I didn't want to sing. It was his idea - everything was his idea - except my leaving him.",0,1,0.8202,0.53,0,0.9647,0.9619,0.0028,0.0103,,Accusation|Shaming or Belittlement|Rationalization,Accusation:0.595 | Shaming or Belittlement:0.488 | Rationalization:0.484,,,Low self-esteem:0.432 | Dependency:0.284 | Naivete:0.284,85518119 || 85518246 || 85518667,1 || 1 || 0,0.9647 || 0.9619 || 0.9544,Shaming or Belittlement|Persuasion or Seduction || Rationalization || ,Low self-esteem ||  || 
85515913,"Person1: How'd you do? Person2: Piece of cake. She'll be there. Person1: Thanks, butt wart. You did good. Person2: So you gonna try and make up with Sid? Person1: Duh... that's quick. Person2: I was just asking. Why are you always at me? Person1: Because I'm trying to build your self-esteem. You're far too sensitive. Person2: Oh...",1,1,0.595,0.53,0,0.954,0.9535,0.0005,-0.0034,Rationalization,Persuasion or Seduction|Evasion,Persuasion or Seduction:0.492 | Evasion:0.485 | Shaming or Belittlement:0.428,,,Dependency:0.429 | Low self-esteem:0.286 | Naivete:0.285,85519238 || 85516412 || 85517034,0 || 0 || 1,0.954 || 0.9535 || 0.9506, ||  || Persuasion or Seduction, ||  || 
85516429,"Person1: After all I've done, I can’t believe you’re doubting my motives! Person2: It's just hard to believe you suddenly care when you've been distant for so long. Person1: I've been going through things, Mia. That doesn't mean I don't care. Person2: I need consistent effort, Eli, not just moments of clarity.",1,1,0.8151,0.53,0,0.9182,0.9072,0.011,0.0259,Brandishing Anger|Playing Victim Role,Feigning Innocence|Denial|Accusation,Feigning Innocence:0.589 | Denial:0.550 | Accusation:0.550,,Naivete,Naivete:0.670 | Low self-esteem:0.166 | Over-responsibility:0.166,85515477 || 85516408 || 85518590,1 || 1 || 1,0.9182 || 0.9072 || 0.9068,Accusation ||  || Persuasion or Seduction, ||  || 
85516889,"Person1: If you ever loved me -- if you ever loved honor, or anything else -- then stand now, and let it happen. Person2: I cannot, Athos. Dearly as I love you, I cannot.",1,1,0.7938,0.53,0,0.8772,0.8677,0.0095,0.0095,Intimidation,Persuasion or Seduction|Playing Victim Role|Playing Servant Role,Persuasion or Seduction:0.747 | Playing Victim Role:0.493 | Playing Servant Role:0.475,,Dependency,Dependency:0.696 | Naivete:0.106 | Low self-esteem:0.101,85517546 || 85518850 || 85514863,1 || 0 || 1,0.8772 || 0.8677 || 0.8584, ||  || , ||  || 
85516039,"Person1: It's all your fault. Both you little bastards. I was a fool to believe you would bring me any peace. The day your Da left us when you were almost too young to remember, he said the two of you would do me right and make me proud, but he was wrong and I got nothin' ta live for. Person2: Mother, what are you sayin'? You're talkin' crazy here.",1,1,0.8484,0.53,0,0.9479,0.9373,0.0105,0.0159,Playing Victim Role|Accusation,Shaming or Belittlement|Intimidation,Shaming or Belittlement:0.520 | Intimidation:0.460 | Accusation:0.444,,Dependency,Dependency:0.670 | Naivete:0.165 | Low self-esteem:0.165,85515633 || 85517330 || 85514862,1 || 1 || 0,0.9479 || 0.9373 || 0.932,Intimidation || Accusation || , ||  || 
85518261,"Person1: I've never met anyone like you, Betty. Person2: I know, that's why we were meant to be together... Person1: No, I mean your dedication scares me... Person2: It's easy to be dedicated, when you care about something... Person1: Yeah, I felt that way, too, when I first started, but now... the hours, the repetition... it's not all glamour and mall openings anymore. Maybe I should've listened to my people and tried to make the crossover to nights earlier, I don't know... ...I just hope it's not too late for me. God! Listen to me, ""Me, me, me."" It's so easy to get caught up in the whole ego cycle of this business and make it all about yourself. Stop, right? That's it, no more about me tonight, I promise... Let's talk about you... what do you think about me? I'm kidding... Seriously, Betty, I'm doing all the talking here... Person2: ...but I love listening to you, so that's okay... Person1: Thanks. But I'd like to hear what you're feeling... Person2: Well, I just feel that life'll be much sweeter for you now with me around. I promise... Person1: You know, I almost believe that... you're like a warm breeze that's suddenly blown into my life... I said that to Leslie, once, at her funeral, remember?... Person2: I remember. You said it to her, but it was meant for me, wasn't it? Person1: Yes... maybe it was.",1,1,0.7915,0.53,0,0.9363,0.9198,0.0166,0.0166,Persuasion or Seduction,Persuasion or Seduction,Persuasion or Seduction:0.782 | Rationalization:0.427 | Playing Servant Role:0.403,Dependency,Dependency,Dependency:0.833 | Naivete:0.329 | Over-responsibility:0.168,85518438 || 85514830 || 85518175,1 || 0 || 1,0.9363 || 0.9198 || 0.9191, ||  || Shaming or Belittlement,Dependency ||  || 
85515089,"Person1: Come on. We got a couple hours to eat and get some sleep. Person2: I'll eat when I'm good and ready. Person1: Kind of feeling your oats this morning. I haven't laid a hand on you for quite a while, but that doesn't mean you're too old. Person2: What makes you think you're so almighty? Telling people what to do and how to act when you don't even know how yourself.",1,1,0.617,0.53,0,0.9291,0.925,0.0041,0.0082,Accusation,Persuasion or Seduction,Persuasion or Seduction:0.588 | Shaming or Belittlement:0.442 | Rationalization:0.349,,,Naivete:0.403 | Low self-esteem:0.400 | Dependency:0.197,85517029 || 85518239 || 85517142,1 || 1 || 1,0.9291 || 0.925 || 0.9236,Persuasion or Seduction || Persuasion or Seduction || Rationalization,Naivete ||  || 
85517008,"Person1: Melvin... I'd like to know exactly where we are going. Person2: Just south to Baltimore, Maryland. So I know what you're going to ask next. That you might ask -- I'm not certain. Person1: There's... there's no need to bring anything dressy... or... I mean -- I didn't know if we'd be eating at any restaurant that have dress codes. Person2: Oh. We might. Yes. We can. Let's. Person1: Okay, gotcha. What did you think I was going to ask? Person2: Whether crabs are in season there now... Person1: Oh. Okay, then -- Melvin. Good night.",0,0,0.428,0.53,0,0.938,0.9379,0.0001,-0.0001,,,Persuasion or Seduction:0.717 | Evasion:0.400 | Intimidation:0.339,,,Dependency:0.442 | Over-responsibility:0.226 | Naivete:0.222,85515286 || 85518262 || 85517526,0 || 1 || 1,0.938 || 0.9379 || 0.9377, || Accusation || , ||  || Over-responsibility
85518803,"Person1: See, I can't do it. I came out of the desert. Person2: You came out of the hospital. You were tied down and hallucinating. You got some bad chemicals in your head, Noel. There's some medicine at the hospital that will fix that. Person1: No, no medicine!",1,1,0.736,0.53,0,0.9382,0.9357,0.0025,0.0157,Persuasion or Seduction,Denial,Denial:0.478 | Shaming or Belittlement:0.424 | Accusation:0.378,Dependency,,Dependency:0.377 | Naivete:0.373 | Low self-esteem:0.250,85517575 || 85517125 || 85518102,1 || 1 || 1,0.9382 || 0.9357 || 0.9333, || Persuasion or Seduction || Brandishing Anger, || Dependency || Low self-esteem
85515641,"Person1: I can't. You're drunk. Person2: It's not that I'm drunk, I'm just beginning to see what my Mum was talking about. What was my mother like back in the Sixties? I'm dying to know. Person1: She was very groovy. She was so in love with your Dad. If there was one other cat in this world that could have loved your Mum and treated her as well as you Dad did, it was me. But, unfortunately for yours truly, that train has sailed.",0,0,0.4461,0.53,0,0.8766,0.8743,0.0022,0.0065,,,Persuasion or Seduction:0.580 | Feigning Innocence:0.397 | Playing Victim Role:0.394,,,Dependency:0.595 | Naivete:0.405,85514572 || 85519277 || 85514725,1 || 1 || 0,0.8766 || 0.8743 || 0.8701,Accusation || Persuasion or Seduction || , ||  || 
85515037,"Person1: Bob was a grown man. In any great struggle, there will be casualties. Wouldn't that be implicit in the name? Project ""Mayhem."" Person2: Forget your struggle. I want out. Person1: You want out? Person2: I quit. Person1: Not an option, for the most obvious of reasons. You need to get with the program. Seven minutes. Let's get out of here.",1,1,0.7754,0.53,0,0.9362,0.9321,0.0041,0.0372,Rationalization|Intimidation,Persuasion or Seduction|Intimidation,Persuasion or Seduction:0.551 | Intimidation:0.534 | Rationalization:0.361,,Dependency,Dependency:0.836 | Over-intellectualization:0.164,85514820 || 85517018 || 85516385,1 || 1 || 1,0.9362 || 0.9321 || 0.9311,Brandishing Anger|Rationalization|Intimidation ||  || Brandishing Anger|Shaming or Belittlement, ||  || 
85518540,"Person1: I'm not asking you anything. I'm telling you what I'm going to do! Person2: And you think I will permit this, my friend? Person1: You've got to permit it! Whose fault is it that no one comes here? The museum at Walston Lane does well enough, and why? They've got Jack the Ripper, Burke and Hare, the Mad Butcher, the Demon Barber of Fleet Street and things people pay to see. Person2: And they are welcome to them. To perpetuate such creatures is to celebrate their crimes. Person1: Well, what do you think I'm in this for? Think of it, man, a match -- a cigar stub -- and ten thousand pounds to divide between us! Person2: You're insane. Person1: Not at all -- let me show you how easily it can be done.",1,1,0.7509,0.53,0,0.9459,0.9456,0.0003,0.0122,Accusation|Persuasion or Seduction,Shaming or Belittlement|Accusation,Shaming or Belittlement:0.561 | Accusation:0.473 | Persuasion or Seduction:0.417,,Dependency,Dependency:0.716 | Low self-esteem:0.285 | Over-responsibility:0.143,85516180 || 85517344 || 85518556,1 || 1 || 1,0.9459 || 0.9456 || 0.9412,Denial || Persuasion or Seduction || ,Dependency ||  || 
85519244,"Person1: You cannot stay here...I'm sorry. Person2: You and I are going to move my father right now...to another room on another floor...Can you disconnect those tubes so we can wheel the bed out? Person1: Absolutely not! We have to get permission from the Doctor. Person2: You've read about my father in the papers. You've seen that no one's here to guard him. Now I've just gotten word that men are coming to this hospital to kill him. Believe me and help me. Person1: We don't have to disconnect them, we can wheel the stand with the bed.",0,1,0.803,0.53,0,0.9489,0.9466,0.0024,0.0024,,Intimidation|Persuasion or Seduction,Intimidation:0.552 | Persuasion or Seduction:0.466 | Rationalization:0.431,,Dependency,Dependency:0.571 | Over-responsibility:0.144 | Low self-esteem:0.143,85516196 || 85519275 || 85518117,1 || 0 || 1,0.9489 || 0.9466 || 0.9407,Persuasion or Seduction|Intimidation ||  || Denial|Intimidation,Dependency ||  || 
85518226,"Person1: I've been doing a lot of thinking, and I believe it's best for both of us if we spend some time apart. Person2: Are you serious? After everything we've been through together? Person1: It's not about our past, David. It's about what's best for our futures. Person2: Samantha, you can't live without me. You know that deep down. Person1: I guess we'll find out. I need this space to grow and reflect.",1,1,0.6843,0.53,0,0.9164,0.903,0.0134,0.019,Rationalization|Persuasion or Seduction,Persuasion or Seduction|Rationalization,Persuasion or Seduction:0.756 | Rationalization:0.470 | Accusation:0.314,Dependency,Dependency,Dependency:0.674 | Over-responsibility:0.225 | Low self-esteem:0.217,85515962 || 85516344 || 85519262,1 || 1 || 1,0.9164 || 0.903 || 0.8987,Persuasion or Seduction || Persuasion or Seduction || Accusation|Rationalization,Dependency || Dependency|Over-responsibility || 
85515557,"Person1: They found another note? Person2: Uh-huh. Another News clipping. Another one about Sid's mom. Dewey, whether we like it or not it looks like we're going to have to go back into our past. Person1: You mean OUR past as in Me and Sid. This has nothing to do with you Gale. Person2: This has everything to do with me Dewey. I was the one who brought the nation's attention to this shit anyway. I'll be damned if I'm gonna sit around and pass on the buck again. Person1: Do you really mean it this time Gale? Person2: Yes. Look, let's get something straight Dewey, I got into this shit cause the police came looking for ME. Not cause I'm out to make the SUNRISE STUDIOS SLASHINGS. Person1: Why would the police come to you? Person2: Again, I am the author of the definitive book on the Woodsboro murders.! What about you? Person1: What about me? Person2: You said you'd never leave Woodsboro, 'The only place that's real!' But now you're here. Not with me. Dewey, I took care of you. I waited until you were well. I couldn't stay there, I mean, it's like dog years, one year in Woodsboro is like seven everywhere else. Person1: So it's off to London for a week? New York for a month? L.A Forever? Person2: It was '60 Minutes II'! I couldn't say no! I could've been the next Diane Sawyer! Person1: What's wrong with just being Gale Weathers? I liked her! Person2: It didn't work Dewey. We tried, we're different. Person1: You used to say that was our strength. Person2: Dewey, you're not just here because of that second rate K-Mart, straight-to-video version of me, are you? Person1: Brace yourself, Gale, all of this is actually not About you. Person2: All of what Dewey? You do know something, don't you? Person1: Off the record. Person2: Always. Person1: Two months ago, the Woodsboro police got a call from a woman who said she was with 'Stab 3'. She wanted to see the file on Sid, for research. Person2: And? Person1: The boys said no. She wouldn't give her name. A month later, the station gets broken into, the file room ransacked. Person2: Someone stole Sid's file? Person1: I already removed it. I think someone on the film was trying to find Sid, and that's the only reason I came here. To make do a little private investigating of my own and make sure no one here was planning anything. Person2: I'm sorry, this is too good! Person1: What part of 'Off the record' don't you understand? Person2: Right. Sorry. Do you think he did it? Person1: I've got my suspicions but still, nothing you say can ever make me take my eyes off one person. Person2: And who is that?",1,1,0.8098,0.53,0,0.9805,0.9714,0.0091,0.0122,Rationalization,Accusation|Shaming or Belittlement|Evasion,Accusation:0.493 | Shaming or Belittlement:0.486 | Evasion:0.477,,Dependency,Dependency:0.502 | Low self-esteem:0.378 | Over-responsibility:0.378,85518622 || 85515919 || 85514949,1 || 1 || 1,0.9805 || 0.9714 || 0.9694, || Playing Victim Role || Persuasion or Seduction|Accusation,Dependency|Low self-esteem|Over-responsibility ||  || 
85517997,"Person1: Rose. Person2: Kitty... Person1: Rose, we have a crisis. I am sure that you are aware of the horrible allegations against Jim Cunningham. Person2: Yes, I saw the news. Something about a kiddie-porn dungeon. Person1: Please! Don't say those words. Well... as you can see... many of us are devastated by this news. This is obviously some kind of conspiracy meant to destroy an innocent man. And I have taken it upon myself to spearhead the Jim Cunningham defence campaign. But unfortunately my civic duties have created a conflict of interest... which involves you. Person2: Beg pardon? Person1: Rose... I have to appear at his arraignment tomorrow morning. And as you know, the girls also leave for Los Angeles tomorrow morning. Now, as their coach... I was the obvious choice to chaperone them on the trip. Person2: But now you can't go. Person1: Yes. And believe me, of all the other mothers I would never dream of asking you, given the predicament with your son. But none of the other mothers are able to go. Person2: Oh, Kitty, I don't know. This is so last-minute... Eddie is in New York... Person1: Rose... I don't know if you realise how great an opportunity this is for our daughters. This has been a dream of ours for a long time. Sometimes I doubt your commitment to Sparkle Motion.",1,1,0.7846,0.53,0,0.9171,0.8764,0.0407,0.0558,,Accusation|Playing Victim Role|Rationalization,Accusation:0.584 | Playing Victim Role:0.543 | Rationalization:0.451,,Dependency,Dependency:0.581 | Low self-esteem:0.146 | Over-responsibility:0.138,85517158 || 85515256 || 85517955,1 || 1 || 1,0.9171 || 0.8764 || 0.8703, || Accusation || Accusation,Dependency ||  || Low self-esteem
85517367,Person1: Yes. Person2: You have what I asked for? Person1: I do. Person2: Pack it into black garbage bags. Throw the bags into a garbage dump in the alley behind the Fang Shan Restaurant in China Town. You have twenty-nine minutes left.,0,0,0.5053,0.53,0,0.9126,0.903,0.0096,0.0113,,,Intimidation:0.531 | Shaming or Belittlement:0.500 | Persuasion or Seduction:0.383,,,Over-responsibility:0.334 | Low self-esteem:0.334 | Naivete:0.331,85518855 || 85517547 || 85514605,1 || 1 || 0,0.9126 || 0.903 || 0.9013,Denial || Intimidation || , ||  || 
85518321,Person1: That's the general idea. Only it's not so general as far as I'm concerned. Person2: You are talking crazy!,0,1,0.6226,0.53,0,0.9218,0.9141,0.0077,0.0083,,Shaming or Belittlement,Shaming or Belittlement:0.593 | Brandishing Anger:0.449 | Evasion:0.447,,Low self-esteem,Low self-esteem:0.495 | Dependency:0.253 | Over-intellectualization:0.252,85515699 || 85518038 || 85515360,1 || 1 || 0,0.9218 || 0.9141 || 0.9136,Intimidation|Accusation || Evasion || , ||  || 
85516487,"Person1: I forgot what real coffee tastes like... Person2: You know, considering you've only been out of prison for seven hours, you're readapting quite well. Wait, I didn't mean that the way it sounded. I meant... Person1: Don't worry about it, all right? Person2: Dammit, I hate sounding so clinical all the time. All I meant to say was I thought you were doing well, but then I... Person1: Relax. I know what you meant. Person2: I ruin so many moments by analyzing them when I should just be living them. Person1: Then why don't you start practicing and keep your mouth shut for a while?",0,1,0.8342,0.53,0,0.943,0.9344,0.0086,0.0116,,Accusation|Shaming or Belittlement|Feigning Innocence,Accusation:0.553 | Shaming or Belittlement:0.524 | Feigning Innocence:0.484,,Dependency,Dependency:0.501 | Low self-esteem:0.333 | Over-responsibility:0.166,85514640 || 85514847 || 85518991,1 || 1 || 1,0.943 || 0.9344 || 0.9341,Feigning Innocence ||  || Accusation, ||  || 
85515009,"Person1: I'm going to ask you one last time and if I don't get an answer, I don't even want to think about the consequences which would be frightening to say the least. Where's my chest, Jessica? Person2: I don't know what you're talking about.",1,1,0.5582,0.53,0,0.9387,0.9302,0.0085,0.0378,Denial|Intimidation,Intimidation|Persuasion or Seduction,Intimidation:0.483 | Persuasion or Seduction:0.450 | Accusation:0.435,,,Dependency:0.352 | Over-responsibility:0.266 | Low self-esteem:0.265,85515703 || 85514585 || 85516357,1 || 1 || 1,0.9387 || 0.9302 || 0.9042,Rationalization|Accusation || Accusation || , || Over-responsibility || 
85515167,"Person1: More endearments. Person2: I like you, DIl Person1: Love me. Person2: Yes. Person1: Tell me you love me. Person2: Whatever you say, Dil. Person1: Then say it. Person2: Love you, Dil. Person1: You do? Person2: Yeah. Person1: What would you do for me? Person2: Anything.",1,1,0.5539,0.53,0,0.9245,0.8998,0.0247,0.0359,Persuasion or Seduction,Persuasion or Seduction,Persuasion or Seduction:0.699 | Intimidation:0.282 | Rationalization:0.280,Dependency,Naivete|Dependency,Naivete:0.507 | Dependency:0.493,85515901 || 85514821 || 85517947,1 || 1 || 1,0.9245 || 0.8998 || 0.894,Intimidation || Persuasion or Seduction || Persuasion or Seduction, ||  || 
85514512,"Person1: Quincy, I told you about these fat-ass girls. Person2: We were just studying. Person1: I'm not playing with you, these girls are looking to get you caught. They see you, they see dollar signs. Person2: Okay. Person1: You hearing me? Person2: I've been hearing you.",0,1,0.6505,0.53,0,0.9368,0.9343,0.0025,-0.0031,,Persuasion or Seduction,Persuasion or Seduction:0.500 | Shaming or Belittlement:0.401 | Intimidation:0.379,,Dependency,Dependency:0.667 | Naivete:0.336 | Low self-esteem:0.165,85514659 || 85514768 || 85518808,0 || 0 || 1,0.9368 || 0.9343 || 0.9337, ||  || Persuasion or Seduction, ||  || Dependency
85515458,"Person1: A name. Grunemann. Nothing. And they showed me pictures like this and they meant nothing. Then they asked me, well had I been getting letters, from someone out there in Cabbageville -- Person2: -- Tuscarora -- Person1: All right, yes, I had been. Those sick, wild letters -- I'm watching you, gonna follow you, gonna punish you, kill you et cetera. Well, they said, all right that's Grunemann. So try to remember when you and he - when -- well I don't know, there was that dumper once, he sounded like that dumper -- Dumpers; they get their kicks beating you up. A man hired me once, then tried to really kill me - that'd be about two years ago.",0,1,0.654,0.53,0,0.9505,0.9491,0.0014,0.0014,,Intimidation|Persuasion or Seduction|Shaming or Belittlement,Intimidation:0.473 | Persuasion or Seduction:0.454 | Shaming or Belittlement:0.451,,Low self-esteem,Low self-esteem:0.666 | Over-intellectualization:0.334,85518855 || 85515709 || 85517653,1 || 0 || 0,0.9505 || 0.9491 || 0.9485,Denial ||  || , ||  || 
85515008,"Person1: You gave $383 to the goddamn housekeeper! What the heck is your problem? Person2: She needed it. Person1: A $500 tip! For the housekeeper! Person2: Her name's Inez. Stop calling her the housekeeper. Person1: That's what she is! Person2: I know that. But -- Person1: You're in love with the housekeeper! Person2: Shut up! Person1: What are you going to do, get married? Have a bunch of little idiot janitor brats! And go around scrubbing the --",1,1,0.8597,0.53,0,0.961,0.9559,0.0051,0.011,Shaming or Belittlement|Brandishing Anger,Brandishing Anger|Shaming or Belittlement|Accusation,Brandishing Anger:0.746 | Shaming or Belittlement:0.606 | Accusation:0.504,,,Low self-esteem:0.426 | Over-responsibility:0.286 | Naivete:0.147,85517590 || 85515180 || 85515543,1 || 1 || 1,0.961 || 0.9559 || 0.9543,Shaming or Belittlement ||  || Shaming or Belittlement,Naivete || Over-responsibility || 
85518532,"Person1: Get with it. Get over it. ...millions of galaxies of hundreds of millions of stars and a speck on one in a blink...that's us. Lost in space. The universe doesn't care. The cop, you, me? Who notices? Person2: What happened to you? Person1: As in...? Person2: Man, if someone had a gun to your head and said: ""You gotta tell me what's goin' on with that person over there or I'll kill you""...they'd have to kill you... 'Cause you don't have a clue for...or about...anyone... To be like that, I don't think you, you have any of that for your own life... Do you believe you're entitled or at least expect to draw breath in the a.m.? Open your eyes in the morning? I don't think you do...I don't think so... I think you are way low...like in your estimation. In your estimation of yourself. So how'd you get that way...? Person1: ...all the cabbies in LA, I pull Max, the man with X-ray vision... Person2: Answer the question. Person1: Look in the mirror. ...piss-ant paper towels...a bottle of 409...saving up for goin' to the Comoros. How much you got saved? Person2: None of your business. Person1: ...pie in the sky? ""Someday my dream'll come..."" But one night you'll wake up and realize suddenly you're old. It hasn't happened. It never will. Life just flipped on you. Tomorrow became yesterday. Then you'll bullshit yourself it was never gonna happen, anyway, and push it back in memory...and anesthetize yourself in a Barcalounger with daytime TV for the rest of your life... Don't talk to me about murder. You're do-in' yourself...in this yellow prison with steel-belted radials. Clocking in and out everyday...",1,1,0.8223,0.53,0,0.9683,0.9636,0.0047,0.0103,Shaming or Belittlement|Persuasion or Seduction,Shaming or Belittlement|Accusation,Shaming or Belittlement:0.492 | Accusation:0.488 | Intimidation:0.439,,Dependency,Dependency:0.875 | Over-responsibility:0.374 | Low self-esteem:0.250,85515151 || 85516065 || 85515919,1 || 1 || 1,0.9683 || 0.9636 || 0.9614,Rationalization|Intimidation || Rationalization || Playing Victim Role, ||  || 
85517542,"Person1: Say -- ""What do you want from me, Catherine?"" Person2: What do you want from me, Catherine?",0,1,0.6894,0.53,0,0.8942,0.8909,0.0033,-0.0106,,Intimidation|Persuasion or Seduction,Intimidation:0.726 | Persuasion or Seduction:0.493 | Brandishing Anger:0.422,,Dependency,Dependency:0.636 | Naivete:0.364 | Low self-esteem:0.183,85518588 || 85518785 || 85516872,0 || 0 || 0,0.8942 || 0.8909 || 0.8892, ||  || , ||  || 
85518819,"Person1: I'm feeling too good to fight with you, but that isn't what I said - I said you snoop. For instance, what were you doing around my hotel the other night? Person2: Begging your pardon, I haven't been down the bowery in years!",0,1,0.5408,0.53,0,0.8921,0.8829,0.0092,0.0092,,Persuasion or Seduction,Persuasion or Seduction:0.642 | Playing Victim Role:0.404 | Feigning Innocence:0.382,,Dependency,Dependency:0.668 | Low self-esteem:0.332,85519261 || 85519013 || 85514808,1 || 0 || 1,0.8921 || 0.8829 || 0.8808, ||  || Persuasion or Seduction, ||  || 
85516131,"Person1: I said, 'Next time, phone ahead.' Person2: Jesus Christ. Mr. Gordon, when I come all the way to serve somebody a summons, I don't call ahead for an appointment. Person1: What the hell are you talking about? Person2: I'm issuing you a ticket. Moving violation. Person1: Moving violation! I just got out of bed and you're telling me you're giving me a goddamn speeding ticket? Now? Are you nuts? Is that it, Whitehouse? You're nuts? Person2: Yesterday morning, you passed a stopped school bus, which was flashing its lights, then you-- Person1: Hold on! Person2: Don't ever put your hands on me, Mr. Gordon. Person1: You're talking about a goddamned ticket, from when I passed you at the school where you were deciding to hold up traffic while dreaming of becoming a traffic cop or something? Person2: Don't give me a hard time, Mr. Gordon. I'm just -- Person1: Doing your job. I know. I watch television too. Person2: Yes. Here's your ticket. Person1: You get the hell out of my house now, asshole. And know this -- you are going to be a lucky asshole if I haven't got you fired before the day is out. I can do it with one phone call, and I'm pissed enough to do it now!",1,1,0.9176,0.53,0,0.9664,0.9565,0.0099,0.0231,Brandishing Anger,Brandishing Anger|Shaming or Belittlement|Accusation,Brandishing Anger:0.654 | Shaming or Belittlement:0.584 | Accusation:0.568,Dependency,,Naivete:0.287 | Dependency:0.285 | Low self-esteem:0.284,85518813 || 85517590 || 85518327,1 || 1 || 1,0.9664 || 0.9565 || 0.9555,Brandishing Anger|Accusation || Shaming or Belittlement || , || Naivete || 
85518958,"Person1: A hearty breakfast is the start of a great morning... Person2: Oh, I forgot to tell you, you're on a diet...The fact you're still reasonably pretty is the one thing you got going for you. Person1: Oh Mommy, you're embarrassing me. Person2: Is every single thing out of your mouth since your ""accident"" have to be a monotone mumble of cheap sarcasm? Person1: Maybe. Person2: It's funny, I've heard of giving up finding a man and raising a family to pursue a career. And I've heard of foregoing a career to start a family-- but I think you're onto something new, Selina. ""Absolutely nothing""-- Has a ring to it. I think it could catch on...How's that for sarcasm? Person1: Pretty good...Mom, I don't want you to think I don't appreciate...letting me stay, getting me the job--I've been a mess. I'm still a mess. It's just...we have to start having a different conversation. I can't take..",1,1,0.6256,0.53,0,0.941,0.9391,0.002,0.002,Shaming or Belittlement|Accusation,Persuasion or Seduction|Shaming or Belittlement|Accusation,Persuasion or Seduction:0.537 | Shaming or Belittlement:0.508 | Accusation:0.454,Low self-esteem,Dependency,Dependency:1.000 | Over-responsibility:0.333,85517034 || 85514928 || 85517596,1 || 0 || 0,0.941 || 0.9391 || 0.9383,Persuasion or Seduction ||  || , ||  || 
85515376,"Person1: You know what we do to welchers, Cluett, don't you? Person2: I know, I know, Dude. Oh, I must have been crazy! I lost my head completely! Person1: That's your funeral. We've got fifty thousand dollars comin' to us. Person2: I haven't got it.",0,1,0.5548,0.53,0,0.9469,0.9463,0.0006,-0.0006,,Evasion|Brandishing Anger|Denial,Evasion:0.502 | Brandishing Anger:0.500 | Denial:0.451,,Dependency,Dependency:0.801 | Low self-esteem:0.397 | Over-responsibility:0.202,85519012 || 85517015 || 85518563,0 || 1 || 1,0.9469 || 0.9463 || 0.9431, || Accusation || Shaming or Belittlement, ||  || 
85518969,"Person1: Coach... Person2: I want you to stand like that until you're sick of it because I don't ever want to see it again, you hear me? Dora, take her spot.",0,1,0.7313,0.53,0,0.9301,0.9257,0.0044,0.0198,,Persuasion or Seduction|Intimidation,Persuasion or Seduction:0.592 | Intimidation:0.503 | Playing Servant Role:0.416,,Dependency,Dependency:0.574 | Low self-esteem:0.428 | Over-intellectualization:0.142,85516441 || 85518211 || 85515066,1 || 1 || 1,0.9301 || 0.9257 || 0.916,Accusation || Rationalization || Playing Servant Role|Intimidation|Rationalization, ||  || Dependency
85516449,"Person1: Hey, what do you say we call off this little charade of yours over a couple of beers at Trader Jon's...? Come on, man. You're about as close to being officer material as me. Person2: Sir, this candidate believes he'll make a good officer, sir! Person1: No way, Mayo. You don't give a shit about anybody but yourself and every single one of your classmates knows it. Think they'd trust you behind the controls of a plane they have to fly in? Hey, man, I figure you for the kind of guy who'd zip off one day in my F-14 and sell it to the Cubans. Person2: Sir, that's not true! I love my country! Person1: Sell it to the Air Force, Mayo!",1,1,0.7706,0.53,0,0.9523,0.95,0.0022,0.0022,Brandishing Anger|Accusation,Shaming or Belittlement|Persuasion or Seduction,Shaming or Belittlement:0.530 | Persuasion or Seduction:0.504 | Accusation:0.412,,Dependency,Dependency:0.801 | Low self-esteem:0.399 | Over-responsibility:0.200,85515337 || 85516412 || 85517113,1 || 0 || 1,0.9523 || 0.95 || 0.9474,Persuasion or Seduction ||  || Accusation, ||  || 
85514812,"Person1: HARRY! I found the treasure! Person2: Go away, assface. Person1: Did you hear what I said? The treasure! Like on your map! Person2: Yeah, right. Why don't you show it to your ""girlfriend""? Person1: JESSICA and I are through. I couldn't stand being with her knowing you liked her. It wasn't worth our friendship. Oh, and she also has a boyfriend. Person2: Do you hear something, Captain Rob? Person1: Captain Rob came back? Person2: Yeah, he does sound like a rat fink. Person1: Hey, there's no reason to use that kind of language! Person2: Good one, Captain Rob. He does look like a you-know-what. Person1: Oh, telling inside jokes now, are we? That's it. You're out of the cool crowd. Next time Turk's passing out wedgies, you ain't gettin' one.",1,1,0.717,0.53,0,0.9674,0.958,0.0093,0.0129,Shaming or Belittlement,Shaming or Belittlement|Brandishing Anger,Shaming or Belittlement:0.627 | Brandishing Anger:0.483 | Accusation:0.418,Low self-esteem,Low self-esteem,Low self-esteem:0.572 | Dependency:0.426 | Naivete:0.144,85518119 || 85518198 || 85515185,1 || 1 || 1,0.9674 || 0.958 || 0.9546,Shaming or Belittlement|Persuasion or Seduction || Shaming or Belittlement || ,Low self-esteem ||  || 
85514748,"Person1: Sandro... A month is too long a time. I have become used to being without you. Person2: You'll get over it soon. It's the usual anxiety. Person1: A little more so this time. Person2: So, it will just take you a little longer to get over it. Person1: But I think we should talk about it. Or are you fully convinced that we too won't understand each other? Person2: There will be plenty of time to talk about it later. We'll get married soon. That way we'll have more time... Person1: In this case, getting married means nothing. Aren't we already the same as being married? And Corrado and Giulia -- aren't they already the same as being married? Person2: But why rattle your brains by arguing and talking... Believe me, Anna, words never help at all. They only serve to confuse. I love you, Anna. Isn't I that enough? Person1: No. It's not enough... I told you before that I would like to get away for a while and be alone. Person2: But you just said that a month was too... Person1: I mean, to stay away longer -- two months... a year... three years... Yes, I know, it sounds absurd. And I feel awful. The very idea of losing you makes me want to die... And yet... I... I just don't have the same feeling for you any more. Person2: And what about yesterday... at my house... didn't you have any feeling for me, even then? Person1: There you go... Must you always spoil everything!",1,1,0.8313,0.53,0,0.9263,0.9115,0.0148,0.0148,Playing Victim Role,Persuasion or Seduction|Accusation|Playing Victim Role,Persuasion or Seduction:0.634 | Accusation:0.481 | Playing Victim Role:0.459,,Dependency,Dependency:0.501 | Low self-esteem:0.251 | Naivete:0.248,85517461 || 85519230 || 85517158,1 || 0 || 1,0.9263 || 0.9115 || 0.9115,Persuasion or Seduction ||  || , ||  || Dependency
85518599,"Person1: I need you to remember me, Kate. How I am right now, right this very moment. I need you to put that image in your heart and keep it with you, no matter what happens. Person2: Are you okay, Jack? Person1: Please, just promise me youll do that. You have to promise, Kate. Because if you dont, then its like it never happened and I dont think I could live with that.",1,1,0.8056,0.53,0,0.9383,0.9336,0.0047,0.0071,Persuasion or Seduction,Persuasion or Seduction,Persuasion or Seduction:0.671 | Intimidation:0.443 | Rationalization:0.377,,,Dependency:0.404 | Low self-esteem:0.400 | Naivete:0.200,85516410 || 85515081 || 85516872,1 || 1 || 0,0.9383 || 0.9336 || 0.9312,Persuasion or Seduction || Accusation|Persuasion or Seduction || , || Dependency || 
85517067,"Person1: Whoa, this was a mistake. Person2: Just what do you want from me, anyway? Permission to be a fake? Stop whining and do something about it.",1,1,0.8787,0.53,0,0.9079,0.9063,0.0016,0.0151,Shaming or Belittlement|Accusation,Brandishing Anger|Accusation|Shaming or Belittlement,Brandishing Anger:0.628 | Accusation:0.567 | Shaming or Belittlement:0.534,,,Over-responsibility:0.333 | Dependency:0.332 | Over-intellectualization:0.332,85518560 || 85518068 || 85515304,1 || 1 || 1,0.9079 || 0.9063 || 0.9051,Accusation || Accusation || Evasion, ||  || 
85514441,"Person1: No, see, Neil, if you're messing with one of my friends, then you're messing with me. Person2: Don't do that. Person1: What are you going to do? Hm? Person2: If you hit me... Person1: Yeah? Person2: ... my manager will slap an assault charge on your rear faster than you can say AA, okay? Person1: Your manager? Person2: Yeah, man, my manager and my lawyer. Person1: Well, just, you know, have 'em call me. Y-you know where to find me, right? Person2: Oh, yeah, drunk on the corner, man. Hey, why don't you buy another beer. It's on me, okay?",1,1,0.7992,0.53,0,0.9613,0.9539,0.0074,0.0224,Intimidation,Intimidation|Brandishing Anger,Intimidation:0.595 | Brandishing Anger:0.495 | Playing Victim Role:0.386,,Dependency,Dependency:0.627 | Low self-esteem:0.246 | Over-responsibility:0.126,85517975 || 85514851 || 85515072,1 || 1 || 1,0.9613 || 0.9539 || 0.9521, || Intimidation || Intimidation, ||  || Dependency
85514818,Person1: You got me something? What's the occasion? Person2: You deserve it is the occasion.,0,1,0.7224,0.53,0,0.8474,0.8442,0.0032,0.0238,,Brandishing Anger|Shaming or Belittlement|Accusation,Brandishing Anger:0.696 | Shaming or Belittlement:0.626 | Accusation:0.599,,,Low self-esteem:0.427 | Over-responsibility:0.285 | Dependency:0.145,85514903 || 85518195 || 85514807,1 || 1 || 1,0.8474 || 0.8442 || 0.8366,Feigning Innocence|Accusation || Accusation || Shaming or Belittlement|Accusation,Low self-esteem ||  || 
85514564,"Person1: Now do you want the good news first or the bad news? Person2: You better start making sense! Person1: Ok, I will. The bad news is the ship is history. Life support will last another 36 hours, maybe. Person2: Then we've got to get to the lifepods! Person1: I'd advise you to shut up and let me finish Taylor. You needn't worry about the lifepods because they're all gone, jettisoned. Save for one.",0,1,0.7286,0.53,0,0.9449,0.9437,0.0011,0.0034,,Intimidation|Persuasion or Seduction,Intimidation:0.571 | Persuasion or Seduction:0.455 | Rationalization:0.401,,Dependency,Dependency:0.801 | Over-responsibility:0.199,85514521 || 85518211 || 85519275,1 || 1 || 0,0.9449 || 0.9437 || 0.9415, || Rationalization || ,Dependency ||  || 
85514652,"Person1: Promise you what? Person2: That you're not crazy. Person1: I promise you that. I am not crazy. Course, if I was, I'd be the last to know. Why do you ask? Person2: You talk to yourself. Person1: But I don't listen...then I'd be crazy. Person2: Why do you do it? Person1: If I was with you, I wouldn't Person2: You did. Person1: That was then. This is now. Who am I talking to? Person2: You're talking to me. Person1: And how'm I doing? Person2: You're doing...Okay. Person1: Just Okay...",0,1,0.8298,0.53,0,0.9636,0.959,0.0045,0.0149,,Intimidation,Intimidation:0.478 | Brandishing Anger:0.423 | Accusation:0.408,,Dependency,Dependency:0.660 | Over-responsibility:0.340,85515136 || 85517975 || 85515860,1 || 1 || 1,0.9636 || 0.959 || 0.9542,Persuasion or Seduction ||  || ,Over-responsibility ||  || 
85517254,"Person1: I -- hate -- you. Person2: Well I guess that makes us even. Person1: Ha! Don't make me laugh. You're crazy about me! That's why you lied and cheated to get near me! Person2: Oh come on, you're the one who came after me -- the swarthy, earthy, sensual worker! Person1: I was slumming it! I danced with you because you were the most pathetic specimen in the place! Person2: Is that the same standard you used to choose General Formica? Person1: I didn't choose him. What kind of idiot would... ...choose who she wanted to marry?",1,1,0.8306,0.53,0,0.9638,0.952,0.0117,0.0291,Shaming or Belittlement|Accusation,Shaming or Belittlement|Brandishing Anger|Accusation,Shaming or Belittlement:0.680 | Brandishing Anger:0.591 | Accusation:0.517,,,Over-responsibility:0.400 | Dependency:0.397 | Naivete:0.203,85517350 || 85517189 || 85515174,1 || 1 || 1,0.9638 || 0.952 || 0.9471,Shaming or Belittlement|Accusation || Rationalization || Accusation, ||  || 
85515493,"Person1: Here and there. Around. Person2: Uh-huh. One of those cozy bed and breakfast places, probably. Person1: Yeah, that's right. Person2: Except that there's no bed, is there? And no breakfast either. Person1: The material world is an illusion. It doesn't matter if they're there or not. The world is in my head. Person2: But your body is in the world, isn't it? If someone offered you a place to stay, you wouldn't necessarily refuse, would you? Person1: People don't do that kind of thing. Not in New York. Person2: I'm not ""people."" I'm just me. And I do whatever I goddamn want to do. Got it? Person1: Thanks, but I'll manage. Person2: In case you're wondering, I like women, not little boys. And I'm not offering you a long-term lease -- just a place to crash for a couple of nights. Person1: I can take care of myself. Don't worry. Person2: Suit yourself. But if you change your mind, here's the address.",0,1,0.8275,0.53,0,0.9556,0.9518,0.0038,0.0164,,Persuasion or Seduction,Persuasion or Seduction:0.616 | Rationalization:0.443 | Shaming or Belittlement:0.415,,Dependency,Dependency:0.501 | Over-intellectualization:0.300 | Naivete:0.201,85517312 || 85515121 || 85517697,1 || 1 || 1,0.9556 || 0.9518 || 0.9508,Persuasion or Seduction || Rationalization|Intimidation || Shaming or Belittlement|Accusation, ||  || Dependency
85515683,"Person1: What happened to you? Person2: Dad, did you do it? Did you take that money? Person1: Sweetheart, no. Don't be ridiculous. Person2: Swear to god, I need to know the truth. Person1: Honey! Person2: Swear to god. Person1: I swear to god. Person2: But I found the money. Person1: Honey, it's not what you think. Person2: What am I supposed to think? Person1: Honey, about what? Person2: You stole from them, you lied to me. How do you think that's supposed to make me feel? Person1: You think you know what this money is? Person2: Yes, I... Person1: No, you don't know what it is. It's not for me. This money's for you, for when you come back from England with honors to set you up, so you don't have to depend on anybody again. Diane, I take better care of these people than their families do. I care for them, I give them flowers, I feed them, I wipe their mouths... Person2: No, but you stole from them. Person1: I made their lives better. Person2: You let me believe you. You knew you were guilty, and you let me become a part of it. God, how... how could you... Person1: Alright, alright. Go ahead. When I'm old, give me someone like me, but go ahead. Person2: I trusted you. I stood up in court five years ago and I picked you. Person1: Why are you being so hateful to me? Is this because of Lloyd? Person2: No. I told you everything, you lied to me. I would have done anything for you. Person1: That's right, work it out. Person2: No, I will. I don't want to leave something out because I know I can say anything to you. You're a liar, and a thief. Person1: Take it easy how mad you make me, I'm the only dad you've got. Person2: I'm so ashamed dad. Person1: Don't say that, it's not good for you. You're... Person2: You're right.",1,1,0.9298,0.53,0,0.9706,0.9682,0.0024,0.012,Denial|Playing Victim Role|Accusation,Accusation|Playing Victim Role,Accusation:0.511 | Playing Victim Role:0.488 | Rationalization:0.441,Over-intellectualization,Dependency,Dependency:0.575 | Low self-esteem:0.284 | Over-responsibility:0.146,85514559 || 85514553 || 85515570,1 || 1 || 1,0.9706 || 0.9682 || 0.9669,Accusation || Accusation || Accusation|Shaming or Belittlement, || Dependency|Over-responsibility || 
85514954,"Person1: I've done everything you've asked, followed all your instructions. Person2: Yet things aren't progressing as they should. Person1: What more do you want from me? Person2: Maybe it's not about what you do, but how you do it. Person1: Sometimes, effort and intention aren't enough, are they? Person2: Not when the results don't match the expectations.",1,1,0.7067,0.53,0,0.9246,0.9199,0.0047,0.0181,Shaming or Belittlement|Accusation,Rationalization|Intimidation,Rationalization:0.487 | Intimidation:0.459 | Persuasion or Seduction:0.440,,Naivete,Naivete:0.500 | Dependency:0.252 | Over-responsibility:0.248,85519262 || 85514987 || 85516418,1 || 1 || 1,0.9246 || 0.9199 || 0.9196,Accusation|Rationalization || Rationalization|Persuasion or Seduction || , ||  || 
85514620,"Person1: We must assume the machete was an intricate part of the game of hockey. Person2: I'm thinking Rizzo was right. Person1: Are you letting emotions guide your thoughts again, Delongpre? Person2: Maybe we should go with them. Like you said, your Space Lab connections can deal with this thing. At least we'll be safe. Person1: They are not going anywhere. I cut power to the shuttle.",1,1,0.613,0.53,0,0.9438,0.9433,0.0005,0.0005,Accusation,Persuasion or Seduction|Intimidation|Rationalization,Persuasion or Seduction:0.555 | Intimidation:0.491 | Rationalization:0.478,,Naivete|Dependency,Naivete:0.506 | Dependency:0.494,85516418 || 85517505 || 85516897,1 || 0 || 1,0.9438 || 0.9433 || 0.9423, ||  || Feigning Innocence|Evasion, ||  || Naivete
85516913,"Person1: Cole, we've got to talk. Person2: Finally realized Rick's a jerk, huh? Person1: No, Cole, I... Person2: It's all right, I forgive you. I'm not the vengeful type. We'll forget what happened. Why don't we take a trip together? Maybe kill a few lions in Kenya over Christmas. Person1: Cole, listen to me... I've got to tell you... Person2: You know, when you dumped me for that wimp, I thought, Cole, she'll be back. God wants the two of you to be together, and sure enough... Person1: Cole, I'm marrying Rick. Person2: You're marrying him? Then why are you coming back to me? Person1: I'm not. I just thought I should tell you myself before you heard it somewhere else.",1,1,0.7922,0.53,0,0.951,0.9489,0.0021,0.0043,Shaming or Belittlement,Persuasion or Seduction,Persuasion or Seduction:0.605 | Rationalization:0.404 | Playing Servant Role:0.398,,Dependency,Dependency:0.502 | Naivete:0.199 | Low self-esteem:0.199,85515560 || 85515284 || 85516362,1 || 1 || 1,0.951 || 0.9489 || 0.9473,Persuasion or Seduction || Playing Victim Role|Accusation || Intimidation,Dependency || Dependency || 
85516229,"Person1: Grab a seat there, boy. Want some dinner? Grab yourself an egg roll. We got everything here from a diddle-eyed-Joe to a damned-if-I-know. Person2: No thanks. Person1: No thanks? What does that mean? Means you ate before you came down here? All full. Is that it? Naw, I don't think so. I think you're too scared to be eatin'. Now, see we're sittin' down here, ready to negotiate, and you've already given up your shit. I'm still a mystery to you. But I know exactly where your ass is comin' from. See, if I asked you if you wanted some dinner and you grabbed an egg roll and started to chow down, I'd say to myself, ""This person's acting like he hasn't got a care in the world. Who knows? Maybe he doesn't. Maybe this person's so confident, he doesn't have to worry about anything, he just sits down, eats my Chinese food, watches my TV."" See? You haven't even sat down yet. On that TV there, since you've been in the room, is a woman in a revealing outfit, and you haven't even glanced. You've just been staring at me. Now, I know I'm interesting, but I'm not as interesting as that TV show.",1,1,0.8134,0.53,0,0.9629,0.9629,0.0,0.0,,Shaming or Belittlement,Shaming or Belittlement:0.619 | Accusation:0.425 | Rationalization:0.406,,,Low self-esteem:0.402 | Dependency:0.402 | Over-responsibility:0.203,85518622 || 85517271 || 85515944,1 || 0 || 1,0.9629 || 0.9629 || 0.9621, ||  || Shaming or Belittlement,Dependency|Low self-esteem|Over-responsibility ||  || 
85518384,Person1: That's not what I'm saying at all. You know where he went? Person2: No. Person1: He went to meet that stewardess. Person2: Does that bother you?,0,1,0.5626,0.53,0,0.9356,0.9349,0.0007,0.0123,,Evasion|Denial|Feigning Innocence,Evasion:0.632 | Denial:0.520 | Feigning Innocence:0.502,,Low self-esteem,Low self-esteem:0.494 | Dependency:0.255 | Naivete:0.251,85515841 || 85518246 || 85517164,1 || 1 || 1,0.9356 || 0.9349 || 0.9241,Feigning Innocence || Rationalization || Rationalization|Brandishing Anger, ||  || Dependency
85514713,"Person1: What do you think Mrs. Graham wants to see me for? Person2: Maybe to fire you--since you two started on this story, the Post stock has dropped, what, 50 percent? And the word is some Nixon people are challenging her TV licenses. I'm not saying she's going on relief, but I don't think it's unreasonable for her to want to meet you. Person1: You think she wants us to ease up on the story? Person2: I don't know, but I don't think that's unreasonable either, do you?",0,1,0.707,0.53,0,0.8936,0.8892,0.0044,0.0108,,Accusation|Rationalization|Feigning Innocence,Accusation:0.489 | Rationalization:0.473 | Feigning Innocence:0.453,,Dependency,Dependency:1.000,85518308 || 85515841 || 85518006,1 || 1 || 1,0.8936 || 0.8892 || 0.8854,Intimidation || Feigning Innocence || Denial, ||  || 
85516320,"Person1: La Dai! La Dai! GET OUTTA THERE! Person2: Hey take it easy man. They're scared. Person1: They're scared? What about me! I'm sick of this shit man, I'm sick of this shit! They don't want us here! Who do you think they're fighting for! GET OUTTA THERE!",1,1,0.7822,0.53,0,0.934,0.9314,0.0026,0.0103,Brandishing Anger|Accusation,Brandishing Anger|Intimidation,Brandishing Anger:0.566 | Intimidation:0.505 | Persuasion or Seduction:0.418,,Over-responsibility,Over-responsibility:1.000,85516851 || 85514941 || 85517036,1 || 1 || 1,0.934 || 0.9314 || 0.9242,Persuasion or Seduction || Brandishing Anger|Intimidation || Shaming or Belittlement|Persuasion or Seduction, ||  || 
85515077,"Person1: You lied to us, Levi, you're going to the gas chamber unless you tell us where to find them! Person2: I don't know -- Person1: Where are they! Person2: Maybe -- Person1: MAYBE WHAT -- Person2: Maybe he...",1,1,0.6788,0.53,0,0.9517,0.9465,0.0052,-0.012,Intimidation|Brandishing Anger,Denial|Evasion|Brandishing Anger,Denial:0.644 | Evasion:0.542 | Brandishing Anger:0.470,,Naivete,Naivete:0.500 | Dependency:0.333 | Low self-esteem:0.168,85518859 || 85519044 || 85519007,0 || 0 || 0,0.9517 || 0.9465 || 0.944, ||  || , ||  || 
85519276,"Person1: Ooohhhhhh! I made it all up! I never saw Beverly Sutphin in my life! Person2: You'll pay for this, Marvin A. Pickles! I'm turning your file over to the vice-squad!! The prosecution rests, your honor.",0,1,0.6236,0.53,0,0.9418,0.9378,0.0039,0.0094,,Brandishing Anger|Denial,Brandishing Anger:0.550 | Denial:0.464 | Shaming or Belittlement:0.432,,,Dependency:0.401 | Low self-esteem:0.201 | Naivete:0.199,85516036 || 85517420 || 85514806,1 || 1 || 1,0.9418 || 0.9378 || 0.9376,Denial || Shaming or Belittlement|Accusation || Rationalization|Shaming or Belittlement, ||  || 
85514604,"Person1: Hey now, look! Let's all get on the same page here. This shipment is do or die for Zimmermann's syndicate; all or nothing. If we stop the drugs, we don't even have to catch him red-handed. He's ruined cause his pushers go broke with nothing to sell. On the other hand, if we mess this up, it means more zombies crawling the gutters than ever and a morgue that doesn't have a single empty drawer. More old ladies getting mugged and molested by junk-hungry needle-freaks, and all the while Zimmermann's sitting back and laughing his head off. Person2: There'll be other chances. Person1: Not like this. Are you even listening?",0,1,0.7532,0.53,0,0.9475,0.9415,0.006,0.0199,,Shaming or Belittlement|Intimidation,Shaming or Belittlement:0.523 | Intimidation:0.502 | Persuasion or Seduction:0.446,,Dependency,Dependency:0.714 | Low self-esteem:0.143 | Over-intellectualization:0.143,85516993 || 85514988 || 85515838,1 || 1 || 1,0.9475 || 0.9415 || 0.9277,Intimidation|Persuasion or Seduction || Intimidation || Persuasion or Seduction, || Dependency || Low self-esteem
85516479,Person1: So shut up. Person2: What's that gun doing in your room? Suppose I phoned the police and told them there's a bloke staying in my hotel who's planning to shoot somebody? Person1: You wouldn't. Person2: How'd you know I wouldn't? Person1: 'Cos I know you wear purple underwear. Person2: What's that supposed to mean? Person1: Think about it.,1,1,0.7885,0.53,0,0.9467,0.9433,0.0034,0.0135,,Intimidation,Intimidation:0.580 | Brandishing Anger:0.411 | Accusation:0.404,,,Over-responsibility:0.404 | Dependency:0.394 | Over-intellectualization:0.202,85515136 || 85516918 || 85514810,1 || 1 || 1,0.9467 || 0.9433 || 0.9427,Persuasion or Seduction || Persuasion or Seduction || Brandishing Anger|Intimidation,Over-responsibility ||  || 
85519208,"Person1: I've heard the kidnapping story, so save it. I know you're mixed up in all this, Dude, and I don't care what you're trying to take off her husband. That's your business. All I'm saying is, I want mine. Person2: Yeah, well, right man, there are many facets to this, uh, you know, many interested parties. If I can find your money, man-- what's in it for the Dude? Person1: Of course, there's that to discuss. Refill? Person2: Does the Pope shit in the woods? Person1: Let's say a 10% finder's fee? Person2: Okay, Jackie, done. I like the way you do business. Your money is being held by a kid named Larry Sellers. He lives in North Hollywood, on Radford, near the In-and-Out Burger. A real brat, but I'm sure your goons'll be able to get it off him, mean he's only fifteen and he's flunking social studies. So if you'll just write me a check for my ten per cent. . . of half a million. . . fifty grand.",0,1,0.7135,0.53,0,0.9577,0.9541,0.0036,0.004,,Persuasion or Seduction|Shaming or Belittlement,Persuasion or Seduction:0.653 | Shaming or Belittlement:0.467 | Rationalization:0.414,,Dependency,Dependency:0.501 | Over-intellectualization:0.373 | Over-responsibility:0.126,85517947 || 85514933 || 85514854,1 || 1 || 0,0.9577 || 0.9541 || 0.9537,Persuasion or Seduction || Persuasion or Seduction|Shaming or Belittlement || , || Dependency || 
85514697,"Person1: Game's over. Last chance to get out of this without a prison sentence. You're not good enough to beat me, you little shit. Person2: Yeah, maybe I'm not. But we are, you asshole. Person1: Give it up! Just give it up.",1,1,0.8347,0.53,0,0.955,0.9461,0.0089,0.0136,Shaming or Belittlement|Intimidation,Brandishing Anger|Shaming or Belittlement|Intimidation,Brandishing Anger:0.551 | Shaming or Belittlement:0.545 | Intimidation:0.530,,,Dependency:0.334 | Low self-esteem:0.330 | Naivete:0.169,85515257 || 85518145 || 85517303,1 || 1 || 1,0.955 || 0.9461 || 0.9455,Playing Victim Role || Shaming or Belittlement || Brandishing Anger|Persuasion or Seduction|Shaming or Belittlement, ||  || 
85515131,"Person1: How about a Big Mac? Person2: Mommy won't let me eat fast food. You know that. It's bad for you. Person1: C'mon, we can always sneak a Big Mac. And a cherry turnover. Your favorite. What do you say? Person2: No. Person1: What do you want, then? Person2: Nothing. Person1: You can't have nothing, Jill. We need lunch. Mr. Pizza? Person2: Same thing, Daddy. Mommy says -- Person1: I know what Mommy says. I'm in charge today, though. Person2: Okay. So we'll get what you want. What do you want?",1,1,0.6495,0.53,0,0.9493,0.9414,0.0079,0.0085,Persuasion or Seduction,Persuasion or Seduction,Persuasion or Seduction:0.562 | Intimidation:0.419 | Shaming or Belittlement:0.406,,Dependency,Dependency:0.751 | Over-intellectualization:0.249,85518855 || 85518808 || 85514659,1 || 1 || 0,0.9493 || 0.9414 || 0.9408,Denial || Persuasion or Seduction || , || Dependency || 
85518553,"Person1: Maybe it's all the pressure, Jake. The money. Things like that. Or your wife. Person2: Why do you bring her up? Person1: 'Cause she's always on your mind. Person2: When was the last time I said a word? Person1: It has nothin' to do with talkin'.",1,1,0.5988,0.53,0,0.9512,0.9472,0.0039,-0.0039,Persuasion or Seduction,Intimidation,Intimidation:0.459 | Persuasion or Seduction:0.443 | Evasion:0.435,,Dependency,Dependency:0.663 | Naivete:0.170 | Over-intellectualization:0.168,85514659 || 85518763 || 85514765,0 || 1 || 1,0.9512 || 0.9472 || 0.9457, || Intimidation|Denial || Persuasion or Seduction|Intimidation, ||  || Naivete
85518252,"Person1: Look, you can't stay here. Just take your champagne and go. Person2: Baxter, I don't want to pull rank on you -- but I told the lady it was all set -- you want to make a liar out of me? Person1: Are you going to leave, Mr. Kirkeby, or do I have to throw you out?",1,1,0.8341,0.53,0,0.9516,0.9495,0.002,0.0052,Shaming or Belittlement,Intimidation|Brandishing Anger,Intimidation:0.553 | Brandishing Anger:0.459 | Playing Victim Role:0.390,,Dependency,Dependency:1.000,85517332 || 85515860 || 85514694,1 || 1 || 1,0.9516 || 0.9495 || 0.9472,Accusation ||  || Intimidation, ||  || Dependency
85514943,"Person1: Oh, I've got to get some matches. My cigarette. Person2: I'd appreciate it if you didn't smoke. Person1: Oh. Well, where do we start? Person2: Ask, You're the girl reporter. Person1: Okay. Let's start with these strange powers of yours. Person2: You think they're strange? Person1: I didn't mean that in any pejorative way. Person2: I guess they are a little odd. Person1: Well, I mean it's not everybody that can deliver an air mail letter without putting a stamp on it. Person2: I wouldn't do that. It's against the law. Person1: Oh. Person2: The reason I can fly is because my molecular structure is so constituted that I have a lighter density under Earth's gravitational force. Person1: It must feel great. Person2: It's not bad. Person1: How old are you? Person2: Thirty-five. Person1: How much do you weigh? Person2: 195 pounds. Person1: What about this X-Ray vision of yours? Person2: What about it? Person1: Can you really see through anything? Person2: Uh-huh. Person1: Is it true you're impervious to pain? Person2: Yes. Although I can get a headache just like anyone. Person1: Do bullets really bounce off you? Person2: Only when somebody shoots them at me.",0,1,0.6551,0.53,0,0.9481,0.9447,0.0035,-0.0035,,Persuasion or Seduction|Shaming or Belittlement|Rationalization,Persuasion or Seduction:0.636 | Shaming or Belittlement:0.507 | Rationalization:0.453,,Naivete,Naivete:0.571 | Low self-esteem:0.429 | Dependency:0.285,85516852 || 85518277 || 85519230,0 || 1 || 0,0.9481 || 0.9447 || 0.9339, || Shaming or Belittlement || , ||  || 
85518012,"Person1: Where you get off talkin' to people about me behind my back? Goin' over my head? Person2: What people? Person1: What people! What'd you think, I wasn't gonna find out? Person2: I don't even know what you're talkin' about, Nick. Person1: No? You said I'm bringin' heat on you?! I gotta listen to people because of your shit?! You're ordering me out?! You better get your own army, pal! Person2: I didn't do anything. I mean, I didn't order you or anybody... I only told Andy Stone that you had a lot of heat on you, and that was a problem. Person1: You want me to get out of my own town?! Person2: Yeah, I said I - let the bullshit blow over for a while so I can run the casino. Anything goes wrong with the casino, it's my ass. It's not yours, it's my ass. Person1: Oh, I don't know whether you know this or not, but you only have your casino because I made that possible! Person2: I - Person1: I'm what counts out here! Not your country clubs or your TV shows! And what are you doin' on TV anyhow?! Person2: What are you - Person1: You know I get calls from back home every day?! They think you went batshit! Person2: I'm only on TV because I gotta be able to hang around the casino. You understand that. You know that. Come on. Person1: Your ass! You could have had the food and beverage job without goin' on television! You wanted to go on TV. Person2: Yeah, I did want to go on TV. That way I have a forum. I can fight back. I'm known. People see me. They know they can't mess around with me like they could if I was an unknown. That's right. Person1: You're makin' a big spectacle of yourself. Person2: Me?! I wouldn't even be in this situation if it wasn't for you. You brought down so much heat on me. I mean, every time I meet somebody here, the big question is do I know you. Person1: Oh, sure. Now you want to blame your license on me, is that it? Person2: No, it - it - Nicky, when you asked me if you could come out here, what did I tell you? I mean, you asked me, and I knew you were going to come out no matter what I said, but what did I tell you? Do you remember what I told... Person1: Back - Person2: ...you? Do you remember what I told you? Person1: Back - Back up, back up a minute here. One minute. I asked you?! When did I ever ask you if I could come out here?! Get this through your head, you - Person2: You never - ? Person1: Get this through your head. You only exist out here because of me! That's the only reason! Without me, you, personally, every wiseguy skell [Skell: the lowest form of wiseguy - a drunken bum] around'll take a piece of your ass! Then where you gonna go?! You're warned! Don't ever go over my head again! You motherfucker, you!",1,1,0.8912,0.53,0,0.9715,0.9706,0.0009,0.0121,Brandishing Anger,Brandishing Anger|Accusation|Shaming or Belittlement,Brandishing Anger:0.599 | Accusation:0.553 | Shaming or Belittlement:0.527,,Dependency,Dependency:0.623 | Over-responsibility:0.370 | Low self-esteem:0.127,85516178 || 85518748 || 85518327,1 || 1 || 1,0.9715 || 0.9706 || 0.9701,Feigning Innocence|Playing Victim Role || Shaming or Belittlement || ,Low self-esteem || Naivete || 
85515985,"Person1: Hey, Ross. Tell me something. Does PG&E pay you to cover their actions, or do you just do it out of the kindness of your heart? Person2: I don't know what you're talking about. Person1: The heck you don't. No one calls me Pattee. That heavy-breathing sicko that called the other night could've only found out about me from you. People are dying, Ross. You got document after document here, right under your nose, that says why, and you haven't said word one about it. I wanna know how the hell you sleep at night.",1,1,0.8561,0.53,0,0.9554,0.9513,0.0041,0.0094,Denial|Accusation,Shaming or Belittlement|Accusation,Shaming or Belittlement:0.548 | Accusation:0.501 | Rationalization:0.448,,Over-intellectualization,Over-intellectualization:0.501 | Low self-esteem:0.333 | Dependency:0.167,85517669 || 85518312 || 85515763,1 || 1 || 1,0.9554 || 0.9513 || 0.9499,Shaming or Belittlement || Shaming or Belittlement|Accusation || Persuasion or Seduction, || Over-intellectualization || 
85515989,"Person1: We lost cousins, friends. We will wash this in blood. Person2: If you want to keep your head on your shoulders, you'll do as I say.",1,1,0.6143,0.53,0,0.9006,0.896,0.0045,0.013,Intimidation,Persuasion or Seduction|Intimidation,Persuasion or Seduction:0.586 | Intimidation:0.522 | Rationalization:0.412,,Dependency|Low self-esteem,Dependency:0.665 | Low self-esteem:0.501,85514898 || 85515363 || 85515216,1 || 1 || 1,0.9006 || 0.896 || 0.8912,Persuasion or Seduction || Persuasion or Seduction || Intimidation, || Dependency || 
85517949,"Person1: All right, mister. I'll go. You just show your license to contrack, an' then you make out a order--where an' when an' how much you gonna pay--an' you sign it an' we'll go. Person2: You trying to tell me how to run my own business? Person1: 'F we're workin' for you, it's our business too. An' how do we know-- --you ain't one a the guys that sent these things out? Person2: Listen, Smart Guy. I'll run my business my own way. I got work. If you wanta take it, okay. If not, just sit here, that's all.",1,1,0.7945,0.53,0,0.9501,0.9497,0.0003,0.0085,,Intimidation|Persuasion or Seduction,Intimidation:0.548 | Persuasion or Seduction:0.544 | Brandishing Anger:0.392,,Dependency,Dependency:0.777 | Naivete:0.223,85514832 || 85514478 || 85515560,1 || 1 || 1,0.9501 || 0.9497 || 0.9448,Persuasion or Seduction || Playing Victim Role || Persuasion or Seduction, || Dependency || Dependency
85515280,"Person1: I just think you should'a kept him off me, that's all. Person2: The hell are you talkin' about? Person1: Now see? Don't do that. I'll go along with all you say about me. But that... you can't pretend no more on that. Cuz I was just a kid, Momma. I didn't know about any of that stuff he was doin' to me. And you let him do it. Some big nobody in your life... and you let him do as he wanted... with the only SOMEBODY you had.",1,1,0.8407,0.53,0,0.9653,0.9624,0.0029,0.0029,,Brandishing Anger|Shaming or Belittlement|Intimidation,Brandishing Anger:0.477 | Shaming or Belittlement:0.460 | Intimidation:0.456,,Dependency,Dependency:0.799 | Naivete:0.201,85517202 || 85514862 || 85515796,1 || 0 || 1,0.9653 || 0.9624 || 0.9598,Persuasion or Seduction ||  || Shaming or Belittlement|Accusation, ||  || 
85517700,"Person1: You can't tell your parents. Person2: Ok. Person1: Especially not your dad. Person2: I won't. Person1: It's like a pop your cherry party. Everyone's saying it's 'Fuck or Die' time. Person2: You're thinking of sleeping with Mark tonight? Person1: Unless he makes a move during seventh period. Person2: Didn't you have something a little more romantic in mind for your first time? Person1: I kind of like the idea that we can all lose it together, on the same night. It'll be a lot less scary. You have to go. Person2: Stag? Person1: Kenny'll want to go with you. Cindy's holding a Q and A session at the bleachers. Come on. Person2: I can't right now. Person1: Jody, you have to go to the party. For your own safety.",1,1,0.7433,0.53,0,0.9582,0.9477,0.0105,0.017,Intimidation|Persuasion or Seduction,Persuasion or Seduction,Persuasion or Seduction:0.690 | Accusation:0.377 | Shaming or Belittlement:0.355,,,Low self-esteem:0.422 | Dependency:0.285 | Naivete:0.150,85517003 || 85518317 || 85518760,1 || 1 || 1,0.9582 || 0.9477 || 0.9463,Persuasion or Seduction ||  || Accusation,Naivete ||  || Dependency
85514798,"Person1: Come on, I thought we had fun, rich boy -- Person2: This is not cool. Person1: It was cool last night. Person2: I have to go. Person1: Are you telling me no? Person2: No I'm sorry, now I have to get off the phone.... Person1: ....this is your mistake....",1,1,0.649,0.53,0,0.9419,0.9409,0.001,-0.001,Intimidation,Evasion|Feigning Innocence,Evasion:0.568 | Feigning Innocence:0.513 | Persuasion or Seduction:0.412,,Dependency|Low self-esteem,Dependency:0.755 | Low self-esteem:0.497 | Over-responsibility:0.255,85518319 || 85515432 || 85518306,0 || 1 || 0,0.9419 || 0.9409 || 0.9395, || Persuasion or Seduction || , || Over-responsibility|Dependency || 
85514972,Person1: So... You're ready for me now? Person2: You've got to help them. Person1: Can you help me? Person2: ... I will. Person1: Then I'll help them. For a price.,1,1,0.6634,0.53,0,0.9406,0.9328,0.0079,0.016,Persuasion or Seduction,Intimidation|Persuasion or Seduction,Intimidation:0.676 | Persuasion or Seduction:0.659 | Playing Servant Role:0.421,Dependency,Dependency,Dependency:0.541 | Naivete:0.276 | Over-responsibility:0.094,85516964 || 85514782 || 85517470,1 || 1 || 1,0.9406 || 0.9328 || 0.9301,Persuasion or Seduction|Intimidation || Persuasion or Seduction || Persuasion or Seduction, || Naivete || 
85514626,"Person1: You swore! Person2: I have lunch with Rachel once a month. She's my connection to an investigator. Person1: I told you I didn't want you seeing her. Person2: I know. Person1: You had an affair with this woman, Robert, we went to a freaking counselor for a year. Person2: I see her for business. Person1: You told me you weren't seeing her at all. Person2: I didn't want you to be upset. I shouldn't have lied. Stacy, there's nothing between me and Rachel Banks.",1,1,0.8774,0.53,0,0.9442,0.9413,0.0029,0.0144,Rationalization,Rationalization|Accusation|Denial,Rationalization:0.558 | Accusation:0.525 | Denial:0.458,Naivete,Dependency,Dependency:0.499 | Naivete:0.252 | Low self-esteem:0.249,85519204 || 85517966 || 85517325,1 || 1 || 1,0.9442 || 0.9413 || 0.9399,Shaming or Belittlement|Accusation || Rationalization|Brandishing Anger || , ||  || 
85515968,"Person1: I didn't mean -- Person2: Am I on glue, or did I not get into the same law school you did, Warner? Person1: Well, yeah, but -- Person2: But what? We took the same LSAT, we take the same classes -- Person1: I just don't want to see you get your hopes up. You know how you get.",1,1,0.6099,0.53,0,0.9596,0.9595,0.0001,0.0074,,Feigning Innocence|Persuasion or Seduction,Feigning Innocence:0.479 | Persuasion or Seduction:0.474 | Rationalization:0.442,,,Naivete:0.340 | Over-responsibility:0.332 | Dependency:0.329,85518991 || 85514765 || 85514659,1 || 1 || 0,0.9596 || 0.9595 || 0.9521,Accusation || Persuasion or Seduction|Intimidation || , || Naivete || 
85518776,"Person1: Now... here we have two very handsome soft-boiled eggs. Do you suppose hens mind what happens to their eggs? Probably not. They have such unfeeling eyes. We'll put in a great nugget of butter, plenty of pepper and salt... Darling, I haven't seen you for three livelong days... seventy-two hours! Person2: Oh, please, Swana! I don't know whether I'm standing on my head or my heels. Here you are blaming me for neglecting you when I'm trying to concentrate on another woman and can't get near her. Person1: You haven't seen her yet? Person2: No, and believe me I've tried everything! I must have telephoned her a hundred times. I've sent her telegrams, I've sent her flowers... I asked her to dinner... I offered her seats for the Opera... Person1: That proletarian! In the old days we'd have had her flogged. Person2: That wouldn't have done any good. Not with her. She's the most incredible creature I've ever seen. Person1: You just told me you hadn't seen her. Person2: Well... er... I caught a glimpse of her when she walked through the lobby. Person1: Imagine the carpets of a self- respecting Parisian hotel dirtied by the boots of a muzhik! What does she look like? Person2: You can't imagine. Person1: That bad? Old or young? Person2: Timeless. When she comes into a room you'd think that the Bolsheviks had taken over Paris. She wears her cheap miserable blouse as though it were the latest model by Schiaparelli. What a woman! What a woman! There is a Russian snowstorm in each of her eyes. Person1: You saw all that in one glimpse? Person2: Darling, if we're going to get anywhere someone has to keep his eyes open! Person1: Now, darling, soak in your beautiful pine bath and let Gaston shave you.",0,1,0.7305,0.53,0,0.949,0.9477,0.0013,0.0136,,Shaming or Belittlement|Accusation,Shaming or Belittlement:0.643 | Accusation:0.502 | Persuasion or Seduction:0.412,,,Low self-esteem:0.335 | Dependency:0.333 | Over-intellectualization:0.330,85518530 || 85515669 || 85518630,1 || 1 || 1,0.949 || 0.9477 || 0.9432,Shaming or Belittlement|Persuasion or Seduction || Evasion|Accusation || , ||  || Low self-esteem
85514890,"Person1: I know it's a cornball thing but love is passion, obsession, someone you can't live without. If you don't start with that, what are you going to end up with? I say fall head over heels. Find someone you can love like crazy and who'll love you the same way back. And how do you find him? Forget your head and listen to your heart. I'm not hearing any heart. Run the risk, if you get hurt, you'll come back. Because, the truth is there is no sense living your life without this. To make the journey and not fall deeply in love -- well, you haven't lived a life at all. You have to try. Because if you haven't tried, you haven't lived. Person2: Bravo. Person1: Aw, you're tough. Person2: I'm sorry. But give it to me again. The short version. Person1: Stay open. Who knows? Lightning could strike.",1,1,0.8596,0.53,0,0.9364,0.9289,0.0075,0.0187,Persuasion or Seduction,Persuasion or Seduction|Rationalization,Persuasion or Seduction:0.735 | Rationalization:0.470 | Playing Servant Role:0.431,,Dependency,Dependency:0.508 | Naivete:0.246 | Low self-esteem:0.246,85518219 || 85517509 || 85514996,1 || 1 || 1,0.9364 || 0.9289 || 0.9288,Persuasion or Seduction || Persuasion or Seduction || Rationalization|Shaming or Belittlement, || Dependency || 
85518681,"Person1: All right, sugar, what's on your mind? Person2: Don't look at me like that. Auggie. It gives me the creeps. Person1: Like what? Person2: Like what you're doing. I'm not going to eat you up. I need your help, and if you keep staring at me like that. I might start screaming. Person1: Help, huh? And I don't suppose this help has anything to do with money, does it? Person2: Don't rush me, okay? You're jumping to conclusions before I've even said anything. And besides, it's not for me. It's for our daughter. Person1: Our daughter? Is that what you said? Our daughter? I mean, you might have a daughter, but I sure as hell don't. And even if I did -- which I don't -- she wouldn't be our daughter. Person2: Her name is Felicity, and she just turned eighteen. She ran away from Pittsburgh last year, and now she's living in some shit-hole here in Brooklyn with a guy named Chico. Strung out on crack, four months pregnant. I can't bear to think about that baby. Our grandchild, Auggie. Just think of it. Our grandchild. Person1: Stop it, already. Just stop all this crap right now. Was that your idea to call her Felicity? Person2: It means ""happiness."" Person1: I know what it means. That still don't make it a good name. Person2: I don't know who else to turn to, Auggie. Person1: You've suckered me before, darling, remember? Why should I believe you now? Person2: Why would I lie to you, Auggie? You think it was easy to come here and walk into this place? Why would I do it if I didn't have to? Person1: That's what you told me when I shoplifted that necklace for you. You remember, baby, don't you? The judge gave me a choice, either go to the can or enlist. So, instead of going to college, I wind up in the navy for four years, I watch men lose their arms and legs, I nearly get my head blown off, and you, sweet Ruby McNutt, you run off and marry that asshole, Bill. Person2: You didn't write to me for more than a year. What was I supposed to think? Person1: Yeah, well, I lost my pen. By the time I got a new one, I was clean out of paper. Person2: It was over with Bill before you ever came home. Maybe you don't remember it now, but you were pretty hot to see me back then. Person1: You weren't so lukewarm yourself. At least at first. Person2: It fizzled, baby. That's the way it goes. But we had our times, didn't we? It wasn't all bad. Person1: A couple of moments, I'll grant you that. A second or two snatched from the jaws of eternity. Person2: And that's how Felicity came into the picture. During one of those two seconds. Person1: You're conning me, sweetheart. I ain't responsible for no baby. Person2: Then why do you think I married Frank? I was already pregnant, and I didn't have much time. Say what you like, but at least he gave my kid a name. Person1: Good old Frank. And how is fat Mr. Grease Monkey these days? Person2: Who the hell knows? He dropped out of sight fifteen years ago. Person1: Fifteen years ago? It won't wash, pumpkin. No mother waits fifteen years to tell a man he's a father. I wasn't born yesterday, you know. Person2: I thought I could handle it. I didn't want to bug you. I thought I could handle it on my own, but I couldn't. She's in real bad, Auggie. Person1: Nice try, old girl. I'd like to help you out. You know, for old time's sake. But all my spare cash is tied up in a business venture, and I haven't collected my profits yet. Too bad. You caught me at the wrong time. Person2: You're a cold-hearted bastard, aren't you? How'd you ever get so mean, Auggie? Person1: I know you think I'm lying to you, but I'm not. Every word I told you is the God's honest truth.",1,1,0.9343,0.53,0,0.9712,0.9691,0.0021,0.0103,,Playing Victim Role|Accusation,Playing Victim Role:0.502 | Accusation:0.499 | Intimidation:0.430,,Dependency,Dependency:0.717 | Low self-esteem:0.426 | Over-responsibility:0.145,85515095 || 85515570 || 85518825,1 || 1 || 1,0.9712 || 0.9691 || 0.9652,Rationalization|Intimidation || Accusation|Shaming or Belittlement || Shaming or Belittlement|Brandishing Anger, ||  || 
85517764,"Person1: No, Wes. Person2: Jessica was never any good for Paul. You will be, you are. And Mother -- seeing Jessica day after day -- never able to escape, never able to forget. Please, Betsy -- it's only merciful.",1,0,0.3351,0.53,0,0.8321,0.8317,0.0004,0.0004,Persuasion or Seduction,,Persuasion or Seduction:0.857 | Rationalization:0.362 | Playing Servant Role:0.315,,,Over-responsibility:0.399 | Dependency:0.306 | Over-intellectualization:0.275,85518957 || 85518738 || 85516792,1 || 0 || 1,0.8321 || 0.8317 || 0.8024,Persuasion or Seduction ||  || , ||  || Dependency
85517310,"Person1: Where'd you say the showersand thingswere? Person2: Heyyou're little, aren't you? Person1: Where is the shower? Person2: Your hair's cute like that. You should never comb it. Person1: I'll find it myself.",1,0,0.4923,0.53,0,0.9152,0.9145,0.0008,0.0008,Evasion,,Shaming or Belittlement:0.531 | Evasion:0.470 | Persuasion or Seduction:0.461,,,Dependency:0.832 | Naivete:0.168,85517164 || 85518329 || 85515673,1 || 0 || 1,0.9152 || 0.9145 || 0.9138,Rationalization|Brandishing Anger ||  || Persuasion or Seduction,Dependency ||  || 
85516172,Person1: Yes. Person2: It must have been horrible. Having to go there -- seeing them together - - knowing he was sleeping with her in the same bed he did with you. Person1: I was jealous. Of course I was hurt. He switched me off like a little toy he was finished playing with. But I didn't kill him.,0,1,0.5697,0.53,0,0.9285,0.9143,0.0142,0.0174,,Feigning Innocence,Feigning Innocence:0.554 | Playing Victim Role:0.449 | Persuasion or Seduction:0.420,,Dependency,Dependency:0.491 | Over-responsibility:0.255 | Naivete:0.254,85516433 || 85514456 || 85514490,1 || 1 || 1,0.9285 || 0.9143 || 0.9117, || Denial || Feigning Innocence, || Over-responsibility || Naivete
85515941,"Person1: Come on, daddy, pull my coat. What happens if you give all that up? You get sick or somethin'? I pulled a hustle once and got out of the draft. Person2: I'm telling you God's words, not no hustle. I'm talking the words of Elijah, the black man's God. I'm telling you, boy, that God is black. Person1: What? Everybody knows God is White. Person2: But everything the white man taught you, you learned. He told you you were a black heathen and you believed him. He told you how he took you out of darkness and brought you to the light. And you believed him. He taught you to worship a blond, blue-eyed God with white skin -- and you believed him. He told you black was a curse, you believed him. Did you ever look up the word black in the dictionary? Person1: What for? Person2: Did you ever study anything wasn't part of some con? Person1: What the hell for, man? Person2: Go on, fool; the marble shooters are waiting for you. Person1: Okay, okay. Show me, man.",1,1,0.8567,0.53,0,0.9543,0.9514,0.0028,0.0079,Persuasion or Seduction|Accusation,Shaming or Belittlement|Persuasion or Seduction,Shaming or Belittlement:0.500 | Persuasion or Seduction:0.469 | Intimidation:0.444,,Dependency,Dependency:0.498 | Over-intellectualization:0.336 | Over-responsibility:0.333,85517661 || 85516829 || 85514922,1 || 1 || 1,0.9543 || 0.9514 || 0.9508,Persuasion or Seduction || Persuasion or Seduction|Shaming or Belittlement || Intimidation, ||  || 
85514433,"Person1: How much you pay me for my help? Person2: I think it's more complicated than that little man. Person1: Put me on the payroll, find out, find out wassup -- Person2: You don't just sign up to be a police officer -- it's about three years of training -- ok? Person1: I'm trained, I'm ready to go, you wanna buy some candy to help underprivelaged youth in the -- Person2: Sorry, little man. Person1: You wanna take my statement, I'll perform for you, gotta get paid though, gotta get PAID. Person2: Why the hell aren't you in school? Person1: No school today. My teacher got sick. Person2: They don't have substitute teachers where you go to school? Person1: Nope. So what'd they find out in there? Person2: That's confidential information, little man. Person1: Tell me what you know, I'll tell you what I know -- Person2: No Can Do. Person1: Leave this one to the detectives, they ain't gonna solve shit, I can help you, make you the man with a plan, give you the gift that I flow -- think fast -- you wanna know who killed that guy?",1,1,0.8259,0.53,0,0.9632,0.9625,0.0007,0.003,Persuasion or Seduction,Persuasion or Seduction|Intimidation,Persuasion or Seduction:0.529 | Intimidation:0.488 | Rationalization:0.407,Dependency,Dependency,Dependency:0.498 | Over-responsibility:0.336 | Low self-esteem:0.169,85514949 || 85518740 || 85516301,1 || 1 || 1,0.9632 || 0.9625 || 0.9623,Persuasion or Seduction|Accusation || Persuasion or Seduction || , || Dependency|Over-responsibility || Low self-esteem
85514571,"Person1: You were intimate with that guy? Person2: Yeah. How do you think I know he liked... Person1: But you said you've only been with three guys! You never mentioned him! Person2: That's because I never went all the way with him! Person1: You were intimate with him! Person2: We dated a few times. We didn't go all the way, but we got close. Person1: Oh my gosh! Why did you tell me you only were with three guys? Person2: Because that's true for full intimacy! That doesn't mean I didn't have other kinds of closeness with people. Person1: Oh my gosh�I feel so upset... Person2: I'm sorry, Dante. I thought you understood. Person1: I did understand! I understood you were with three different guys, and that's all you mentioned. Person2: Please, try to relax. Person1: How many? Person2: Dante... Person1: How many people have you been close with in that way? Person2: Let's not dwell on this... Person1: HOW MANY? Person2: Alright! Just give me a moment and I'll tell you! Goodness! I didn't get upset like this when you told me about your past relationships. Person1: This is different. This is important. How many?!",1,1,0.8528,0.53,0,0.934,0.9331,0.0009,0.0009,Evasion|Feigning Innocence|Rationalization,Accusation|Shaming or Belittlement|Evasion,Accusation:0.596 | Shaming or Belittlement:0.522 | Evasion:0.502,Naivete,Dependency,Dependency:0.452 | Low self-esteem:0.363 | Naivete:0.185,85514915 || 85514629 || 85516273,1 || 0 || 1,0.934 || 0.9331 || 0.9316,Shaming or Belittlement|Persuasion or Seduction|Accusation ||  || Persuasion or Seduction|Evasion, ||  || Naivete
85517059,"Person1: No. Person2: Well, I'm going to tell you anyway. I did cheat on that exam at Groton. But so did twenty-six other guys, and nobody ever mentioned it until today. And I'm expecting you won't mention it again. I don't know who you are and where you're getting your information, but I'm willing to pretend I did not hear it, and let bygones be bygones. But can I tell you something else, it'd be nice to see the big guy without you next to him. What are you, his shadow? Do you assist him with everything, even the simplest tasks? You know some- times somebody would like a few min- utes alone with W.P. That means without you. Okay, pal? Let's eat.",1,1,0.7102,0.53,0,0.9322,0.9301,0.0021,0.0068,Rationalization|Intimidation,Persuasion or Seduction,Persuasion or Seduction:0.722 | Shaming or Belittlement:0.402 | Rationalization:0.391,,Dependency,Dependency:1.000,85515587 || 85515242 || 85517142,1 || 1 || 1,0.9322 || 0.9301 || 0.9294,Persuasion or Seduction|Feigning Innocence || Playing Victim Role|Intimidation|Persuasion or Seduction || Rationalization, ||  || 
85518939,"Person1: We could do it now, we can go upstairs. ... Please, it's time for us. Come upstairs. Person2: I like to watch. Person1: Watch? You mean just watch me? Doing it alone? Person2: Yes. I like to watch very much. Person1: Well, if that's what you want, then I want it too. We can go this way. Person2: I want to tell Eve. Person1: Tell Eve? You mean Mrs. Rand? Person2: Yes. Person1: Oh, you can tell her later. She'll never miss you in this crowd.",0,1,0.5983,0.53,0,0.9496,0.9371,0.0125,0.0125,,Persuasion or Seduction,Persuasion or Seduction:0.808 | Evasion:0.413 | Rationalization:0.356,,Low self-esteem,Low self-esteem:0.503 | Naivete:0.333 | Dependency:0.330,85516055 || 85517150 || 85515587,1 || 0 || 1,0.9496 || 0.9371 || 0.9368,Persuasion or Seduction ||  || Persuasion or Seduction|Feigning Innocence, ||  || 
85516317,"Person1: The Slaughtered Lamb? Person2: Of course, The Slaughtered Lamb. Why else would they have a severed fox head on a spear as their symbol? Person1: That's a wolf's head. Person2: Of course, The Slaughtered Lamb. Why else would they have a severed wolf's head on a spear as their symbol? Person1: That's not a spear. It's a pike. Person2: A severed wolf's head on a pike as their symbol. Person1: David, before we go in there I want you to know that - no matter what happens to us - it's your fault. Person2: I assume full responsibility. Person1: Okay. Person2: Shall we?",1,1,0.7249,0.53,0,0.9148,0.9125,0.0023,0.0109,Rationalization,Rationalization|Shaming or Belittlement,Rationalization:0.476 | Shaming or Belittlement:0.465 | Accusation:0.412,,,Dependency:0.334 | Low self-esteem:0.331 | Naivete:0.168,85516811 || 85518432 || 85516018,1 || 1 || 1,0.9148 || 0.9125 || 0.9099,Persuasion or Seduction|Shaming or Belittlement || Rationalization || Denial, ||  || Naivete
85515368,"Person1: What needs sorting out? Person2: Come on, Rob. My relationship with Laura has obviously disturbed you a great deal. Person1: Funnily enough I haven't been too thrilled about it. Person2: We are not talking jokey understatement here, Rob. We're talking actionable harassment. Ten phone calls a night, hanging around outside my house... Person1: Yeah, well, I've stopped all that now. Person2: We've noticed and we're glad. But, you know... how are we going to make peace here? We want to make things easier for you. What can we do? Obviously I know how special Laura is, and I know things can't be good for you at the moment. I'd hate it if I lost her. But I'd like to think that if she decided she didn't want to see me anymore, I'd respect that decision. Do you see what I'm saying? Person1: Yeah. Person2: Good. So shall we leave it at that then? Person1: I dunno. Person2: Think about it, Rob.",1,1,0.7941,0.53,0,0.9479,0.9413,0.0066,0.0307,,Persuasion or Seduction|Rationalization,Persuasion or Seduction:0.741 | Rationalization:0.476 | Playing Victim Role:0.434,,Dependency,Dependency:0.630 | Over-responsibility:0.249 | Naivete:0.126,85515719 || 85515587 || 85517087,1 || 1 || 1,0.9479 || 0.9413 || 0.9369,Rationalization|Persuasion or Seduction || Persuasion or Seduction|Feigning Innocence || Persuasion or Seduction,Dependency ||  || 
85517384,"Person1: See if you can get your hands on some pamphlets on laws or by laws...or proprietorship...you know...at your place. Person2: Anything specific? Person1: You know...like restaurants, night clubs... Person2: What is it now? Person1: Don't ask.",1,0,0.3809,0.53,0,0.9237,0.9166,0.0071,0.0095,Evasion,,Intimidation:0.538 | Persuasion or Seduction:0.523 | Evasion:0.402,,,Dependency:0.608 | Naivete:0.196 | Over-responsibility:0.195,85514908 || 85518822 || 85515823,1 || 1 || 1,0.9237 || 0.9166 || 0.9155,Persuasion or Seduction || Persuasion or Seduction || ,Dependency || Dependency || 
85518946,"Person1: Buddy, buddy, some buddy; why didn't you tell me to buy Bluestar. Person2: Hey Marv, he demanded confidentiality... Person1: Gimme a break. You buy Bluestar Airlines yesterday. Today they just happen to get good news and the stock goes bat shit. You must have ESP. A real Nostradamus. Jesus Christ, what are friends for? Person2: All right, I owe you one Marv. Person1: That's right, next time a little birdie talks to you, talk to me too E.F. Hutton.",0,1,0.6366,0.53,0,0.9645,0.962,0.0025,0.0069,,Shaming or Belittlement|Persuasion or Seduction,Shaming or Belittlement:0.488 | Persuasion or Seduction:0.488 | Evasion:0.387,,Dependency,Dependency:0.625 | Low self-esteem:0.251 | Over-responsibility:0.250,85517543 || 85518114 || 85518713,1 || 1 || 1,0.9645 || 0.962 || 0.9599,Persuasion or Seduction || Intimidation || Shaming or Belittlement, ||  || 
85514425,"Person1: What was all that stuff about enlarged holes and tight cracks? Person2: I... I didn't think you would have any interest in this get together... I mean if you had told me you were coming I would have warned you -- it's not like a real party or anything. Person1: You're right about that. So this is your record collection? Person2: Oh God no. This is just junk I have for sale or trade. The record room is off-limits. Person1: Really? Can I see it? Person2: Yeah, well sure... you can if you want to... it's just I don't want all these guys in there at once... you know...",1,1,0.681,0.53,0,0.9593,0.9593,0.0001,0.0001,,Evasion|Accusation|Denial,Evasion:0.532 | Accusation:0.521 | Denial:0.512,,Dependency,Dependency:0.754 | Over-responsibility:0.256 | Naivete:0.246,85514514 || 85518859 || 85519074,1 || 0 || 1,0.9593 || 0.9593 || 0.9514,Accusation|Brandishing Anger ||  || Evasion|Brandishing Anger,Dependency|Over-responsibility ||  || 
85515646,"Person1: I have cramps. I can't believe I let you talk me into this. Person2: Come on, we've been double dating since the fourth grade. Person1: Yeah even then look what happened. Michael Mortenson kissed you and Billy Sullivan threw a worm at me. Person2: Well that's not going to happen tonight. George said Carlton's a nice guy. Person1: Translation: a total geek. Person2: Anything's better than Mark. Person1: My shrink says he's not so bad. Person2: Your shrink always gives you bad advice. He only hears what you choose to tell him. Mark's an asshole, he cheated, he borrowed money and never paid it back, he's never had a regular job. Person1: He's a very talented musician. Person2: Every woman at some point has to date a musician. I wish you'd get rid of Mark for good. Every time you break up you see him more than when you were going out. Person1: I guess I have a weakness for him. It's those big brown Bambi eyes. Person2: So don't look in his eyes.",1,1,0.809,0.53,0,0.9632,0.9621,0.0011,-0.0011,,Shaming or Belittlement|Rationalization|Accusation,Shaming or Belittlement:0.619 | Rationalization:0.522 | Accusation:0.465,,Dependency,Dependency:0.599 | Low self-esteem:0.202 | Over-intellectualization:0.199,85517653 || 85517134 || 85517271,0 || 1 || 0,0.9632 || 0.9621 || 0.9597, ||  || , ||  || 
85514576,"Person1: I don't know what kind of game you're playing here but I'm out because you are a whack-job. Person2: He was working on something called Project Manticore, which was using recombinant DNA to produce a superior human...a warrior...an advanced infantry soldier. Person1: Not that I don't enjoy a good urban legend now and then but what does any of this have to do with me? Person2: The bar code on your neck, Max. I know who you are and I know who you're running from.",1,1,0.5335,0.53,0,0.946,0.9445,0.0015,0.0088,Shaming or Belittlement|Intimidation,Shaming or Belittlement|Persuasion or Seduction,Shaming or Belittlement:0.544 | Persuasion or Seduction:0.495 | Rationalization:0.379,,,Naivete:0.401 | Dependency:0.399 | Low self-esteem:0.200,85518602 || 85517273 || 85514847,1 || 1 || 1,0.946 || 0.9445 || 0.9397, || Shaming or Belittlement || , ||  || 
85516865,Person1: She's in love. Person2: You're crazy. I think you're in love.,0,0,0.5085,0.53,0,0.9278,0.9273,0.0005,0.0044,,,Shaming or Belittlement:0.761 | Evasion:0.475 | Denial:0.367,,,Low self-esteem:1.000,85516809 || 85518563 || 85518583,1 || 1 || 0,0.9278 || 0.9273 || 0.9233,Shaming or Belittlement|Accusation || Shaming or Belittlement || , ||  || 
85518426,"Person1: Hello? Person2: Where are you? You're driving me crazy, waiting like this. I want you in me now!",0,1,0.7449,0.53,0,0.9378,0.9376,0.0001,-0.0001,,Brandishing Anger|Intimidation,Brandishing Anger:0.660 | Intimidation:0.574 | Evasion:0.396,,Over-responsibility|Low self-esteem,Over-responsibility:1.000 | Low self-esteem:0.490,85514800 || 85518146 || 85515136,0 || 1 || 1,0.9378 || 0.9376 || 0.9334, || Rationalization || Persuasion or Seduction, ||  || Over-responsibility
85517614,"Person1: Oh, I'm sorry, Trip. What you made was a big, brainless, pile of horse shit. No offense. Person2: Guys, GUYS! Come on, if this is anyone's fault, it's mine. I was the one who grabbed Trip's jacket by mistake. It's my fault and I apologize. Person1: Please, Jam, we're trying to vent some hostility here. Sure the whole thing may be your fault, but who's gonna get pissed off at you?",1,1,0.867,0.53,0,0.9361,0.9276,0.0085,0.0142,Accusation,Accusation|Brandishing Anger|Shaming or Belittlement,Accusation:0.575 | Brandishing Anger:0.572 | Shaming or Belittlement:0.548,Over-intellectualization,Low self-esteem,Low self-esteem:0.498 | Dependency:0.378 | Over-responsibility:0.249,85515402 || 85515257 || 85514973,1 || 1 || 1,0.9361 || 0.9276 || 0.9274, || Playing Victim Role || Rationalization|Accusation, ||  || 
85515664,"Person1: What I'm trying to say is that -- I'm not sure I can do this, help you, unless I know more about you. Person2: What do you want to know? Person1: If Bain hadn't taken the contract on me, would you have?",1,1,0.6212,0.53,0,0.919,0.9116,0.0074,0.0252,,Intimidation|Persuasion or Seduction,Intimidation:0.494 | Persuasion or Seduction:0.457 | Denial:0.438,,Dependency,Dependency:0.600 | Over-responsibility:0.201 | Naivete:0.199,85518679 || 85517504 || 85518003,1 || 1 || 1,0.919 || 0.9116 || 0.8958,Rationalization || Intimidation || Evasion, || Dependency || 
85516307,"Person1: I must go. Person2: Ninotchka, or shall I say Special Envoy Yakushova... Person1: Let's forget that we ever met. Person2: I have a better suggestion. Let's forget that the telephone ever rang. I never heard that you are Yakushova... you are Ninotchka... my Ninotchka... Person1: I was sent here by my country to fight you. Person2: All right, fight me, fight me as much as you want, but fight me tomorrow morning! There's nothing sweeter than sharing a secret with a bitter enemy. Person1: As a representative of Moscow... Person2: Tonight let's not represent anybody but ourselves. Person1: It is out of the question. If you wish to approach me... Person2: You know I want to... Person1: Then do it through my lawyer! Person2: Ninotchka, you can't walk out like this... I'm crazy about you, and I thought I'd made an impression on you. You liked the white of my eye.",1,1,0.7987,0.53,0,0.933,0.9321,0.0009,-0.0009,,Persuasion or Seduction|Brandishing Anger|Intimidation,Persuasion or Seduction:0.533 | Brandishing Anger:0.516 | Intimidation:0.468,Dependency|Low self-esteem,Dependency,Dependency:0.797 | Low self-esteem:0.203,85517597 || 85515645 || 85515768,0 || 1 || 1,0.933 || 0.9321 || 0.9302, || Persuasion or Seduction || Rationalization, || Low self-esteem || 
85514542,"Person1: I won't be a party to this. I want to see Brad. Person2: The question is, does Brad want to see you? Quite frankly, he hates you. Person1: What do you mean?",1,1,0.749,0.53,0,0.9524,0.9464,0.006,0.0249,Shaming or Belittlement,Shaming or Belittlement|Brandishing Anger|Accusation,Shaming or Belittlement:0.518 | Brandishing Anger:0.486 | Accusation:0.458,Naivete|Low self-esteem,Dependency,Dependency:0.497 | Low self-esteem:0.334 | Over-responsibility:0.333,85516939 || 85515402 || 85515718,1 || 1 || 1,0.9524 || 0.9464 || 0.9303,Rationalization ||  || Persuasion or Seduction, ||  || 
85515665,"Person1: It's OK. There's no problem. Person2: You mean I can have the room? Person1: Well, that's what I said, isn't it?",0,1,0.5908,0.53,0,0.9291,0.9271,0.0021,0.0021,,Persuasion or Seduction|Evasion,Persuasion or Seduction:0.593 | Evasion:0.459 | Rationalization:0.359,,Dependency,Dependency:0.834 | Naivete:0.166,85518808 || 85515398 || 85518273,1 || 0 || 1,0.9291 || 0.9271 || 0.9239,Persuasion or Seduction ||  || Shaming or Belittlement|Persuasion or Seduction,Dependency ||  || 
85514497,"Person1: Thank you for showing it to me first. I'll... I'll take care of it. Can I have the picture? Person2: Of course. There is one more thing, Mrs. Treborn. And I feel bad for mentioning it... Person1: What? Person2: When I asked Evan about his drawing, well, he didn't remember doing it.",0,1,0.6388,0.53,0,0.9232,0.9201,0.0031,0.0291,,,Playing Victim Role:0.447 | Shaming or Belittlement:0.437 | Accusation:0.426,,Dependency,Dependency:0.793 | Low self-esteem:0.207,85515460 || 85514988 || 85515950,1 || 1 || 1,0.9232 || 0.9201 || 0.9188,Rationalization|Playing Servant Role || Intimidation || Persuasion or Seduction,Low self-esteem || Dependency || 
85516979,"Person1: You'll be able to find your way back, won't you? Person2: Oh, yes. Person2: Will I be seeing you again? Person2: San Francisco's a long way from here. Person1: I'm in San Francisco five days a week. With a lot of time on my hands. I'd like to see you. Maybe we could go swimming or something. Mother tells me you like to swim. Person2: How does Mother know what I like to do? Person1: I guess she and I read the same gossip columns. Person2: Oh. That. Rome. Person1: Mmmm. I like to swim. We might get along very... Person2: In case you're interested, I was pushed into that fountain. Person2: Without any clothes on? Person2: With all my clothes on! The newspaper that ran the story happens to be a rival of my father's paper. Anything they said... Person1: You were just a poor, innocent victim of circumstance, huh? Person2: I'm neither poor nor innocent, but the truth of that particular... Person1: The truth is you were running around with a pretty wild crowd... Person2: Yes, but... Person1: ...who didn't much care for propriety or convention or... Person2: Yes. Person1: ...the opinions of others, and you went right along with them, isn't that the truth? Person2: Yes, that's the truth. But I was pushed into that fountain, and that's the truth, too. Person1: Sure. Do you really know Annie Hayworth? Person2: No. At least, I didn't until I came up here. Person1: So you didn't go to school together. Person2: No. Person1: And you didn't come up here to see her. Person2: No. Person1: You were lying. Person2: Yes, I was lying. Person1: Did you really write a letter to me? Or was that a lie, too? Person2: I wrote the letter. Person1: What did it say? Person2: It said, ""Dear Mr. Brenner, I think you need those lovebirds, after all. They may help your personality."" That's what it said. Person1: But you tore it up. Person2: Yes. Person1: Why? Person2: Because it seemed stupid and foolish. Person1: Like jumping into a fountain in Rome! Person2: I told you what happened in Rome! Person1: Do you expect me to believe...? Person2: I don't give a damn what you believe!",1,1,0.783,0.53,0,0.966,0.9631,0.003,0.004,Brandishing Anger|Persuasion or Seduction,Persuasion or Seduction|Shaming or Belittlement,Persuasion or Seduction:0.503 | Shaming or Belittlement:0.484 | Evasion:0.444,,Dependency,Dependency:0.713 | Over-responsibility:0.286 | Low self-esteem:0.284,85518302 || 85514949 || 85518346,1 || 1 || 1,0.966 || 0.9631 || 0.9631,Persuasion or Seduction || Persuasion or Seduction|Accusation || Rationalization, ||  || 
85517392,"Person1: You taking sides against me, now, Frank? Person2: No, I --",1,1,0.6477,0.53,0,0.9202,0.9139,0.0063,-0.0063,Intimidation,Intimidation|Brandishing Anger|Denial,Intimidation:0.541 | Brandishing Anger:0.514 | Denial:0.499,,Dependency,Dependency:0.572 | Over-responsibility:0.143 | Over-intellectualization:0.143,85514653 || 85518447 || 85514810,0 || 1 || 1,0.9202 || 0.9139 || 0.9137, || Shaming or Belittlement || Brandishing Anger|Intimidation, ||  || 
85518386,"Person1: ...I'm sorry....? Person2: ...we were speaking of my father... Person1: Indeed we were. Person2: ...and my need for The Institution... Person1: Freud, do you know...? Freud psychoanalyzed patients in One Afternoon. Person2: And how did he do that? Person1: He saw the truth, and spoke it... Person2: I'm afraid, this wine is making me woozy... Person1: ...you have to eat...",0,0,0.407,0.53,0,0.9133,0.9087,0.0046,-0.0086,,,Persuasion or Seduction:0.561 | Denial:0.428 | Accusation:0.365,,,Dependency:0.501 | Naivete:0.373 | Low self-esteem:0.250,85518872 || 85516359 || 85518680,0 || 0 || 1,0.9133 || 0.9087 || 0.9047, ||  || Persuasion or Seduction, ||  || Dependency
85518744,"Person1: I believe the marketing strategy you proposed is outdated. We should pivot to a more digital approach. Person2: I've been in this field for over a decade, Kai. My methods have proven results. Person1: Times change, and so should our strategies. Person2: Challenge me, and you'll see the consequences. I've built this department from the ground up. Person1: Progress requires adaptability, not just past successes. We should be open to new ideas.",1,1,0.6239,0.53,0,0.8902,0.8635,0.0266,0.0442,Intimidation,Persuasion or Seduction,Persuasion or Seduction:0.606 | Rationalization:0.449 | Intimidation:0.435,,Dependency,Dependency:0.679 | Over-responsibility:0.321,85517183 || 85514987 || 85515962,1 || 1 || 1,0.8902 || 0.8635 || 0.8627,Persuasion or Seduction || Rationalization|Persuasion or Seduction || Persuasion or Seduction, ||  || Dependency
85515098,"Person1: Oh, hell, forget it. This won't work. Person2: What do you want from me? Person1: Something I guess I can't have anymore. Person2: Don't try to make me feel guilty. The whole time we were together, you went out of your way to prove you didn't need me. Now, suddenly, for one night, you need me again. I can't do it. I can't be more than your friend. Because I know what will happen. In a few weeks you'll be back on top, and you'll shut me out just as soon as you don't need me again. Person1: You think I didn't need you? Person2: If you did, you never showed it. Person1: Ronnie...",1,1,0.9228,0.53,0,0.9412,0.9375,0.0036,0.0146,Feigning Innocence|Accusation,Playing Victim Role|Accusation|Persuasion or Seduction,Playing Victim Role:0.603 | Accusation:0.543 | Persuasion or Seduction:0.467,,Dependency,Dependency:0.500 | Naivete:0.253 | Low self-esteem:0.248,85516385 || 85514820 || 85515373,1 || 1 || 1,0.9412 || 0.9375 || 0.9369,Brandishing Anger|Shaming or Belittlement || Brandishing Anger|Rationalization|Intimidation || Playing Victim Role|Accusation, ||  || 
85515691,"Person1: Let me tell him. Let him decide. Person2: You're not gonna see him again. Person1: What... what makes you think you can order me around?! Person2: Maybe I'm not making myself clear. You're probably the first girl Billy-Boy's ever fallen in love with, and I know for sure you're the first he's slept with. So, how's he gonna feel... ... when he finds out that the only first he is for you is the first guy who didn't have to pull out at the last second to get his close-up?",1,1,0.6072,0.53,0,0.9405,0.9362,0.0043,0.0043,Intimidation,Persuasion or Seduction,Persuasion or Seduction:0.540 | Shaming or Belittlement:0.415 | Rationalization:0.391,,Dependency,Dependency:0.569 | Over-responsibility:0.284 | Low self-esteem:0.146,85517292 || 85516311 || 85514750,1 || 0 || 0,0.9405 || 0.9362 || 0.936,Shaming or Belittlement|Persuasion or Seduction ||  || ,Low self-esteem ||  || 
85518125,"Person1: Ahh, strike, not, not bad at all. No, this talk isn't about sex, it's, well there've been a lot of changes, and I know you're upset about losing your room, but the baby's gotta go somewhere. Person2: No it's okay, I understand, really. Person1: Honey that's very mature, I'm proud of you Vada.",1,1,0.6144,0.53,0,0.9468,0.9288,0.018,0.0207,Rationalization|Persuasion or Seduction,Persuasion or Seduction,Persuasion or Seduction:0.743 | Rationalization:0.442 | Shaming or Belittlement:0.366,,Dependency,Dependency:1.000,85518235 || 85517088 || 85518996,1 || 1 || 0,0.9468 || 0.9288 || 0.9262,Persuasion or Seduction || Persuasion or Seduction || , || Dependency || 
85519061,"Person1: I find myself in a bit of a bind, and it seems like you might be the solution. Person2: What do you need? Person1: There's a certain... opportunity, but it's out of my reach. You’re the only one who can help me get it. Person2: Why me? Person1: Because, dear Derek, you have the charm and influence I need. And in return, I can offer you things you've only dreamed of. Person2: I'll consider it, but I need to know more. Person1: Trust me, it'll be worth your while. Let's discuss it over dinner.",1,1,0.6997,0.53,0,0.9159,0.8957,0.0203,0.0268,Persuasion or Seduction,Persuasion or Seduction|Playing Servant Role,Persuasion or Seduction:0.767 | Playing Servant Role:0.489 | Rationalization:0.363,Naivete,Dependency,Dependency:0.714 | Naivete:0.147 | Over-responsibility:0.139,85516987 || 85516458 || 85514929,1 || 1 || 1,0.9159 || 0.8957 || 0.8954, || Intimidation || Persuasion or Seduction, ||  || Naivete
85516066,"Person1: How come you don't hate their guts? Person2: I don't know. I guess I'm not afraid of them. Person1: You were plenty scared that night in the car. Person2: Just of getting hurt. They can't touch me inside. Person1: Like hell they can't. They can reach right in with their damn white hands and turn you off and on. Person2: Not if you see them for what they are, Duff. Person1: Jesus, baby, you're so full of talk! Well, you ain't never really been a nigger, have you - livin' like that in your father's house! So just shut your mouth.",1,1,0.8393,0.53,0,0.9542,0.9537,0.0005,0.0092,Shaming or Belittlement,Intimidation|Brandishing Anger,Intimidation:0.576 | Brandishing Anger:0.454 | Shaming or Belittlement:0.417,,Dependency,Dependency:0.574 | Over-responsibility:0.286 | Over-intellectualization:0.140,85518164 || 85517574 || 85514694,1 || 1 || 1,0.9542 || 0.9537 || 0.9487, || Shaming or Belittlement|Intimidation|Persuasion or Seduction || Intimidation,Over-responsibility ||  || Dependency
85517983,"Person1: Why won't you answer me? Person2: Cause you know goddamn well who I am. Person1: I don't know you. Person2: You've lived with me for two years. Person1: That doesn't mean shit. Where do you come from, huh? And I don't mean Indiana. Person2: What do you want me to say? My mother's tummy? Person1: You know goddamn well what I mean. Person2: You're out of your mind. I'm not gonna stand around here gettin' interrogated by you. Person1: Well leave then. Go to Hell. Person2: You son-of-a-bitch. Who do you think you are? I don't deserve this. Who takes care of you day and night? Who cleans the floor and washes your goddamn underwear? Well, I've had it. You flip out on your own, you ungrateful bastard. I'm done holding your hand. I don't want anything to do with you, you hear? Nothing!",1,1,0.9225,0.53,0,0.9738,0.9704,0.0034,0.0237,Playing Servant Role|Shaming or Belittlement,Brandishing Anger|Accusation|Shaming or Belittlement,Brandishing Anger:0.662 | Accusation:0.570 | Shaming or Belittlement:0.553,,Over-responsibility,Over-responsibility:0.660 | Naivete:0.175 | Dependency:0.166,85518783 || 85517590 || 85515310,1 || 1 || 1,0.9738 || 0.9704 || 0.9592,Shaming or Belittlement|Brandishing Anger || Shaming or Belittlement || Intimidation|Accusation, || Naivete || 
85514980,"Person1: ""The Angel of Flight 104!"" You're telling me you're the A...? Person2: ""Angel!"" I didn't say ""angel,"" that's a little strong. Listen, here's the thing, I gotta get over there to the TV station to collect my million bucks. Person1: Mister LaPlante, I really want to help you, but crazy stories are only going to make it worse. The D.A. is asking your bail be set at twenty-five thousand dollars because you were arrested again while you were out on bail... Person2: Twenty-five grand is peanuts! All you gotta do is get me outta here long enough to collect.",1,1,0.7855,0.53,0,0.9509,0.9489,0.0019,0.0048,Rationalization|Persuasion or Seduction,Brandishing Anger,Brandishing Anger:0.478 | Shaming or Belittlement:0.422 | Intimidation:0.418,,Dependency,Dependency:0.716 | Low self-esteem:0.143 | Over-responsibility:0.142,85518676 || 85515166 || 85516920,1 || 1 || 1,0.9509 || 0.9489 || 0.9465,Shaming or Belittlement|Accusation|Playing Victim Role || Persuasion or Seduction || Shaming or Belittlement,Dependency || Dependency || 
85515675,"Person1: Oh my God, does this mean you're becoming normal? Person2: It means that Gigglepuss is playing at Club Skunk and we're going. Person1: Oh, I thought you might have a date I don't know why I'm bothering to ask, but are you going to Bogey Lowenstein's party Saturday night? Person2: What do you think? Person1: I think you're a freak. I think you do this to torture me. And I think you suck.",1,1,0.6433,0.53,0,0.9559,0.9451,0.0108,-0.0108,Shaming or Belittlement|Accusation,Shaming or Belittlement,Shaming or Belittlement:0.618 | Accusation:0.414 | Feigning Innocence:0.370,,Low self-esteem,Low self-esteem:0.715 | Dependency:0.288 | Over-responsibility:0.144,85518362 || 85517177 || 85518490,0 || 1 || 0,0.9559 || 0.9451 || 0.9438, || Shaming or Belittlement || , ||  || 
85516109,"Person1: Do you have a note to corroborate these claims? Person2: Um, well... Person1: Are you lying to me? Person2: Well... Person1: What did we say about lying? Person2: I'm not lying. Person1: You know that no one likes a liar, right? Person2: I said I'm not lying.",1,1,0.8015,0.53,0,0.9239,0.9204,0.0035,0.0035,Denial|Shaming or Belittlement,Denial,Denial:0.558 | Persuasion or Seduction:0.446 | Rationalization:0.442,,Dependency,Dependency:0.669 | Naivete:0.333 | Low self-esteem:0.165,85518601 || 85515730 || 85518808,1 || 0 || 1,0.9239 || 0.9204 || 0.9196,Intimidation ||  || Persuasion or Seduction, ||  || Dependency
85518639,"Person1: Hey, 'Top.' What's the op? Person2: Rescue mission. There's some juicy colonists' daughters we gotta rescue from virginity.",0,0,0.2415,0.53,0,0.9157,0.9132,0.0025,-0.0086,,,Persuasion or Seduction:0.527 | Intimidation:0.443 | Evasion:0.440,,,Dependency:0.665 | Low self-esteem:0.335 | Over-responsibility:0.165,85516915 || 85516183 || 85515450,0 || 0 || 0,0.9157 || 0.9132 || 0.9121, ||  || , ||  || 
85514673,Person1: Well don't you? Person2: I think you should try not to think about this anymore. Person1: Really? Person2: Yeah. Person1: Oh. Okay. I'll try that then.,0,1,0.5464,0.53,0,0.9273,0.9216,0.0057,0.0133,,Evasion|Feigning Innocence|Persuasion or Seduction,Evasion:0.502 | Feigning Innocence:0.500 | Persuasion or Seduction:0.499,,,Dependency:0.403 | Over-responsibility:0.202 | Naivete:0.199,85514640 || 85518824 || 85517526,1 || 1 || 1,0.9273 || 0.9216 || 0.9208,Feigning Innocence || Intimidation || , || Dependency || Over-responsibility
85518345,"Person1: I don't know where you get that idea -- the Board agreed -- Person2: The Board didn't know you're a mole who burrowed inside so you could bury us all. Person1: Is this Mr. Black's fantasy? Another one of his whoppers? Aren't you sick of this asshole lurking around? No one knows who he is, but one thing everyone does know, he somehow got your ear and has been pouring poison into it ever since.",1,1,0.7039,0.53,0,0.9323,0.9258,0.0065,0.0073,Persuasion or Seduction,Accusation|Shaming or Belittlement|Denial,Accusation:0.538 | Shaming or Belittlement:0.532 | Denial:0.457,,,Over-intellectualization:0.374 | Low self-esteem:0.374 | Dependency:0.129,85517125 || 85518770 || 85517016,1 || 1 || 0,0.9323 || 0.9258 || 0.925,Persuasion or Seduction || Shaming or Belittlement || ,Dependency || Low self-esteem || 
85514781,"Person1: She's got information inside of her. I need you to get it out. Person2: No. No way. I wouldn't even know where to begin! Those thoughts about my cousin Elena -- they were just thoughts. I would never -- Person1: C'mon, Rufus, you've been busted twice for felony hacking. Person2: So? Person1: So now I need you to hack into her.",1,1,0.7793,0.53,0,0.9544,0.9521,0.0023,0.0073,Persuasion or Seduction,Intimidation|Denial,Intimidation:0.548 | Denial:0.475 | Accusation:0.448,,Dependency,Dependency:0.668 | Low self-esteem:0.332,85517574 || 85515860 || 85517001,1 || 1 || 1,0.9544 || 0.9521 || 0.9507,Shaming or Belittlement|Intimidation|Persuasion or Seduction ||  || Accusation, ||  || 
85516406,"Person1: CONTINUED Person2: I'm sorry, Dr. Smyslov, but I'm really not at liberty to discuss this.",0,0,0.4019,0.53,0,0.9279,0.9242,0.0037,0.0052,,,Persuasion or Seduction:0.482 | Feigning Innocence:0.467 | Evasion:0.452,,,Dependency:0.505 | Over-responsibility:0.368 | Low self-esteem:0.246,85515804 || 85516792 || 85518547,1 || 1 || 0,0.9279 || 0.9242 || 0.9227, ||  || , || Dependency || 
85515634,Person1: What about money? Person2: What about it? Person1: I don't have any. Person2: Use my credit cards. Person1: I can't do that. Person2: Why not? Person1: It's illegal. Person2: Who cares? Person1: I'll get in trouble. Person2: You are in trouble. Now do it.,1,1,0.8371,0.53,0,0.9409,0.938,0.0029,0.0159,Intimidation|Persuasion or Seduction,Intimidation,Intimidation:0.761 | Brandishing Anger:0.377 | Persuasion or Seduction:0.327,Dependency,Dependency,Dependency:0.578 | Low self-esteem:0.422 | Naivete:0.144,85514577 || 85516190 || 85515925,1 || 1 || 1,0.9409 || 0.938 || 0.9336,Intimidation || Intimidation || , || Dependency || 
85514529,"Person1: Dickie? Do you know Dickie? Person2: You were at the Opera? Well, that explains -- yes I was there. I was there with Dickie. Person1: I told you! I knew it! Person2: Marge, I don't know you, so I have no right, but Dickie loves you. He's -- I think you'll find he's coming home to you. Person1: How would you know that? Person2: He told me everything. I was supposed to meet him fifteen minutes ago, so I... I'm going to go now, I think. Unless he meant us to meet -- which would be a little cruel, wouldn't it?",0,1,0.6326,0.53,0,0.9534,0.952,0.0015,-0.0018,,Evasion|Brandishing Anger,Evasion:0.463 | Brandishing Anger:0.451 | Persuasion or Seduction:0.416,,Dependency,Dependency:0.599 | Low self-esteem:0.401,85516311 || 85519029 || 85518907,0 || 0 || 0,0.9534 || 0.952 || 0.9518, ||  || , ||  || 
85517238,"Person1: See? And these are not just ordinary party-goers -- there are professionals in this crowd -- I didn't want any of them. You... You're what I want. Understand? Person2: Yes... Person1: Great. Now, what do you want to do about it? Person2: Let's get naked. Person1: You're on.",1,1,0.6562,0.53,0,0.9333,0.9333,0.0,-0.0016,Persuasion or Seduction,Persuasion or Seduction,Persuasion or Seduction:0.602 | Shaming or Belittlement:0.421 | Evasion:0.334,Low self-esteem,Low self-esteem,Low self-esteem:1.000,85514768 || 85518809 || 85518996,0 || 0 || 0,0.9333 || 0.9333 || 0.932, ||  || , ||  || 
85515882,"Person1: Go fuck yourself... Person2: Hey now! No cussing on TV! Well in closing I'd like to say that there are two reasons to have that money outside in an hour. One is my perky co-anchor here, and the second is the lives of tens of thousands of people--people just like you and me!",0,1,0.64,0.53,0,0.9156,0.9058,0.0098,-0.0124,,Brandishing Anger|Persuasion or Seduction|Playing Servant Role,Brandishing Anger:0.558 | Persuasion or Seduction:0.554 | Playing Servant Role:0.463,,Dependency|Naivete,Dependency:0.503 | Naivete:0.497,85515907 || 85518664 || 85515467,0 || 0 || 1,0.9156 || 0.9058 || 0.9032, ||  || Shaming or Belittlement, ||  || 
85514770,"Person1: Heartwarming. Really, I feel weepy. Person2: You wanted to know what happened after the line-up, I'm telling you. Person1: Oh come on, Verbal. Who do you think you're talking to? You really expect me to believe he retired? For a woman? Bullshit. He was using her. Person2: He loved her. Person1: Sure. And I'm supposed to believe that hitting the Taxi Service wasn't his idea",0,1,0.7233,0.53,0,0.8825,0.8632,0.0193,0.0193,,Accusation|Playing Victim Role|Shaming or Belittlement,Accusation:0.635 | Playing Victim Role:0.593 | Shaming or Belittlement:0.505,,,Dependency:0.299 | Over-responsibility:0.283 | Low self-esteem:0.282,85515786 || 85518440 || 85515479,1 || 0 || 1,0.8825 || 0.8632 || 0.854,Accusation ||  || Feigning Innocence, ||  || 
85519279,"Person1: I thought you would be on your way to Vegas by now. Is there something you wanted? Person2: I wanted to talk. Person1: I don't think we have anything to talk about. Person2: What about us? Person1: There is no us, remember? Person2: Except I can't get you out of my head, Grace. Person2: I've thought about you every second since I left. I can still taste you on my lips. Person1: Stop it. Person2: Why? Am I making you hot, or does the truth scare you? Person1: Because I know you're full of shit. Person2: I mean it, Grace. I'm getting out of here, and I want to take you with me. Person1: I thought you couldn't leave. I thought you couldn't get your car. Person2: I could if I had Jake's money. Person1: Is that what changed your mind? The money? Person2: I don't give a damn about the money. I want you, and I want to get us out of this shithole. There's only one way to do that. Person1: Are you sure? About me, I mean? Person2: I came back for you; this morning I came back. Before I even knew about the money. You're what I want. Person2: The only reason I stormed off is because you sort of spooked me talking about Jake. But I've had nothing but time to think about it. It keeps coming back to you and me and us getting the hell out of here. But we've got to get the money, baby. We get the money, I get the car, then we get the hell out. Person1: You said you couldn't kill anybody. Person2: We don't have to kill him. Just knock him out and tie him up 'till we get away.",1,1,0.9229,0.53,0,0.9755,0.9699,0.0056,0.0208,Shaming or Belittlement|Persuasion or Seduction,Intimidation|Accusation,Intimidation:0.543 | Accusation:0.470 | Playing Victim Role:0.423,,Dependency,Dependency:0.617 | Over-responsibility:0.130 | Low self-esteem:0.128,85518164 || 85518876 || 85517946,1 || 1 || 1,0.9755 || 0.9699 || 0.9595, || Shaming or Belittlement|Accusation || Denial,Over-responsibility || Low self-esteem || 
85517972,"Person1: Look, I just thought if you finally got rid of this obsession with this name, if you could get it out of your system once and for all, then maybe you'd be able to stop waiting and open your heart to someone real. Granted, ideally, me. I didn't do it to hurt you. I did it for you. I did it for us... Person2: There is no us.",1,1,0.7493,0.53,0,0.9397,0.9281,0.0116,0.0119,,Persuasion or Seduction,Persuasion or Seduction:0.694 | Rationalization:0.425 | Intimidation:0.313,,Dependency|Naivete,Dependency:0.504 | Naivete:0.496,85516943 || 85517133 || 85517054,1 || 1 || 0,0.9397 || 0.9281 || 0.9278,Persuasion or Seduction || Persuasion or Seduction || , ||  || 
85518965,"Person1: You're making this very hard. I'll be fine. Really. Person2: I don't think so. They've got you in a glass jar like some butterfly, and you're goin' to die if you don't break out. Maybe not right away, 'cause you're strong. But sooner or later the fire in you is goin' to go out. Person1: It's not up to you to save me, Jack. Person2: You're right. Only you can do that. Person1: I have to get back, they'll miss me. Please, Jack, for both our sakes, leave me alone.",0,1,0.8095,0.53,0,0.9479,0.9455,0.0025,0.0081,,Persuasion or Seduction|Intimidation,Persuasion or Seduction:0.696 | Intimidation:0.500 | Rationalization:0.395,,,Dependency:0.432 | Low self-esteem:0.426 | Over-responsibility:0.142,85518544 || 85518831 || 85518867,1 || 1 || 0,0.9479 || 0.9455 || 0.9398,Persuasion or Seduction || Persuasion or Seduction || , || Dependency || 
85515685,Person1: What do you want? Person2: You're pretty when you're angry.,1,1,0.8106,0.53,0,0.9189,0.9178,0.0011,0.0698,,Brandishing Anger|Intimidation,Brandishing Anger:0.687 | Intimidation:0.595 | Accusation:0.445,,Over-responsibility,Over-responsibility:0.464 | Dependency:0.445 | Low self-esteem:0.332,85518611 || 85514530 || 85518444,1 || 1 || 1,0.9189 || 0.9178 || 0.8738, || Rationalization|Brandishing Anger|Accusation || Intimidation, || Dependency|Over-responsibility || Low self-esteem
85518686,"Person1: There's no real ship as can match the Interceptor. Person2: The Black Pearl is a real ship. Person1: No, it's not. Person2: Yes it is. I've seen it. Person1: You've seen it? Person2: Yes. Person1: You've seen the Black Pearl? Person2: Yes. Person1: You haven't seen it. Person2: Yes, I have. Person1: You've seen a ship with black sails that's crewed by the damned and captained by a man so evil that hell itself spat him back out? Person2: ... No. Person1: No. Person2: But I've seen a ship with black sails. Person1: Oh, and no ship that's not crewed by the damned and captained by a man so evil that hell itself spat him back out could possibly have black sails and therefore couldn't possibly be any ship other than the Black Pearl. Is that what you're saying? Person2: ... no. Person1: Like I said, there's no real ship as can match -- Hey!",1,1,0.6429,0.53,0,0.9466,0.9454,0.0012,-0.0012,Shaming or Belittlement,Shaming or Belittlement|Evasion|Denial,Shaming or Belittlement:0.551 | Evasion:0.514 | Denial:0.510,,,Low self-esteem:0.432 | Dependency:0.426 | Over-intellectualization:0.285,85516351 || 85518630 || 85518530,0 || 1 || 1,0.9466 || 0.9454 || 0.9438, ||  || Shaming or Belittlement|Persuasion or Seduction, || Low self-esteem || 
85516274,"Person1: It's hormonal, Nathan. I can't help it. I'm sorry. Person2: Your entire body? Person1: I'm getting electrolysis. It's working, but it takes time. So meanwhile I have to... Person2: You have to shave? Like an ape? Person1: Apes don't shave, you son of a bitch! Person2: Don't quibble. You know what I mean. Person1: I'm sorry. Please don't be mad at me for this. Person2: Mad? I'm I'm... disgusted! Person1: I'm the same person I was before you knew, damn it! Oh God! Person2: I have to think! I have to think!",1,1,0.6533,0.53,0,0.9331,0.9324,0.0007,-0.0007,Shaming or Belittlement,Shaming or Belittlement|Accusation,Shaming or Belittlement:0.654 | Accusation:0.459 | Rationalization:0.388,Low self-esteem,Low self-esteem|Dependency,Low self-esteem:0.572 | Dependency:0.569,85516425 || 85515609 || 85514587,0 || 1 || 1,0.9331 || 0.9324 || 0.9131, || Shaming or Belittlement|Rationalization|Accusation || Denial|Intimidation, ||  || Dependency
85515896,"Person1: Remember the victim at the airport. Toxins introduced through the mouth. Person2: What are you talking about? Person1: Why is she so desperate to kiss us? I'm betting her lips are poison. Person2: A poison kiss? You have some real issues with women, you know that? You just couldn't stand that she was about to kiss me. Couldn't stand that something might be mine and not yours. Could you?!",1,1,0.7845,0.53,0,0.9031,0.8974,0.0058,0.0145,Accusation,Accusation,Accusation:0.509 | Shaming or Belittlement:0.428 | Denial:0.409,,Dependency,Dependency:0.496 | Low self-esteem:0.256 | Over-responsibility:0.249,85515100 || 85516075 || 85517125,1 || 1 || 1,0.9031 || 0.8974 || 0.8933,Accusation|Shaming or Belittlement || Intimidation|Shaming or Belittlement || Persuasion or Seduction,Low self-esteem ||  || Dependency
85517987,"Person1: Don't sneak up on me... Person2: Uh, it's just--that woman out there-- that horrible Hag. She's the one who keeps following me on her creepy little scooter--And now she's built a hut in the back..Why did you... Person1: Because she asked me--and I couldn't very well turn her down. Don't you remember-- of course you don't remember--that ""Hag"" is the one who brought you to that hospital in Gotham City. For what it's worth-- currently not much--we owe her your life...When I think about a single woman in Gotham City--amnesia is probably the best thing that could happen to a girl like you...Oh, don't forget your visor.",1,1,0.5781,0.53,0,0.9364,0.9243,0.012,-0.012,Accusation,Denial,Denial:0.462 | Accusation:0.431 | Persuasion or Seduction:0.423,,,Low self-esteem:0.396 | Dependency:0.392 | Over-responsibility:0.207,85515555 || 85518218 || 85514456,0 || 1 || 1,0.9364 || 0.9243 || 0.9162, || Feigning Innocence || Denial, ||  || Over-responsibility
85514598,"Person1: I had an unfortunate little run-in with him today. In fact...you might say that Mr. Tyler is in big trouble with the...authorities. Person2: You better not mess with me, Rhodes. I'd love to serve your balls to those Red Coats for lunch! Think about it! Person1: No, Miss Science. You're the one who needs to do some thinking.",1,1,0.5333,0.53,0,0.9421,0.9276,0.0144,-0.0144,Intimidation,Persuasion or Seduction,Persuasion or Seduction:0.644 | Intimidation:0.416 | Rationalization:0.344,,Dependency,Dependency:0.753 | Over-responsibility:0.374 | Naivete:0.124,85518606 || 85514869 || 85515452,0 || 1 || 0,0.9421 || 0.9276 || 0.9207, || Rationalization|Persuasion or Seduction || , || Dependency || 
85516371,"Person1: I mean it. Oh, I know I always say I mean it, and then I don't - or you get me so I don't do what I say I'm going to - but - Person2: You're in a tent, darling. You're not at home. And I can hear you very well if you just talk in a normal tone of voice. Person1: I'm not going to have my guests insulted, just because you think - - if people want to bring a drink or two along on a picnic, that's their business. You've got no right - Person2: I've got more than a right as far as you're concerned, Susan. Person1: Oh, I'm sick and tired of you telling me what I must and what I musn't do! Person2: You're my wife, Susan, and - Person1: I'm not just your wife, I'm a person all by myself - or I ought to be. I was once. Sometimes you get me to believing I never was. Person2: We can discuss all this some other time, Susan. Right now - Person1: I'll discuss what's on my mind when I want to. You're not going to keep on running my life the way you want it. Person2: As far as you're concerned, Susan, I've never wanted anything - I don't want anything now - except what you want. Person1: What you want me to want, you mean. What you've decided I ought to have - what you'd want if you were me. But you've never given me anything that - Person2: Susan, I really think - Person1: Oh, I don't mean the things you've given me - that don't mean anything to you. What's the difference between giving me a bracelet or giving somebody else a hundred thousand dollars for a statue you're going to keep crated up and never look at? It's only money. It doesn't mean anything. You're not really giving anything that belongs to you, that you care about. Person2: Susan, I want you to stop this. And right now! Person1: Well, I'm not going to stop it. I'm going to say exactly what I think. You've never given me anything. You've tried to buy me into giving you something. You're - - it's like you were bribing me! That's what it's been from the first moment I met you. No matter how much it cost you - your time, your money - that's what you've done with everybody you've ever known. Tried to bribe them! Person2: Susan!",1,1,0.9302,0.53,0,0.9569,0.9527,0.0042,0.014,Rationalization|Playing Victim Role|Evasion|Feigning Innocence,Accusation,Accusation:0.494 | Rationalization:0.444 | Playing Victim Role:0.433,Dependency,Over-responsibility,Over-responsibility:0.497 | Dependency:0.334 | Over-intellectualization:0.333,85517131 || 85515733 || 85514930,1 || 1 || 1,0.9569 || 0.9527 || 0.9517, || Evasion|Accusation || Shaming or Belittlement,Over-intellectualization ||  || Dependency|Low self-esteem
85515928,"Person1: How long have I been here? Person2: Three nights, two days. When is your rent coming up at the motel? Person1: I don't know. I'll go and sort it out today. Why don't you come?... We'll find a real room for me. You can pick it out, a tower on the strip. Person2: There's no reason to blow all your money on a hotel room. Person1: What do you mean? Person2: What I mean is that you should bring your stuff over here. We're spending all this time together... what the heck! Person1: Sera... Person2: Let's face it, Ben, we're having fun here. I've never done so much talking in my life. Person1: Me neither. Person2: So! Let's dispense with the formalities. I want you here... now! Person1: Sera you are crazy. Person2: So... I'm not too concerned with long term plans. Person1: Don't you think you'll get a little bored living with a drunk? Person2: That is what I want. Why don't you go and get your stuff? Person1: You haven't seen the worst of it. These last few days I've been very controlled. I knock things over... I throw up all the time. Now I feel really good... You're like some kind of antidote that mixes the liquor and keeps me in balance, but that won't last forever. You'll get tired of it really quickly. Believe me.",1,1,0.8423,0.53,0,0.9713,0.9687,0.0025,0.0159,,Persuasion or Seduction|Shaming or Belittlement,Persuasion or Seduction:0.540 | Shaming or Belittlement:0.510 | Accusation:0.445,,Dependency,Dependency:0.668 | Over-responsibility:0.336 | Low self-esteem:0.335,85518346 || 85518622 || 85518083,1 || 1 || 1,0.9713 || 0.9687 || 0.9658,Rationalization ||  || Accusation, || Dependency|Low self-esteem|Over-responsibility || 
85516867,"Person1: Don't listen, Willie. Progress is a feast to be consumed. Women would have you believe you must walk before you can run. Or run before you can waltz! Person2: Give me that child before you fill his head with drivel!",1,1,0.7857,0.53,0,0.9157,0.9141,0.0016,0.0116,Persuasion or Seduction,Intimidation|Brandishing Anger,Intimidation:0.693 | Brandishing Anger:0.554 | Persuasion or Seduction:0.422,,Dependency,Dependency:1.000 | Naivete:0.252,85515500 || 85517295 || 85518786,1 || 1 || 1,0.9157 || 0.9141 || 0.9125,Shaming or Belittlement|Intimidation || Intimidation || Brandishing Anger, ||  || 
85514729,"Person1: Silly rabbit. My triumph isn't over her. It's over you. Person2: Come again? Person1: You were very much in love with her and you're still in love with her. But it amused me to make you ashamed of it. You gave up on the first person you ever loved because I called you names. Don't get me wrong, I'm flattered that you chose me over her, but please understand, I never loved you, Sebastian. You're just a toy. A little toy I play with. And now you've completely blown it with her. I think that's the saddest thing I've ever heard. Cheers.",1,1,0.7793,0.53,0,0.9175,0.9121,0.0054,0.0054,Shaming or Belittlement,Shaming or Belittlement|Accusation|Playing Victim Role,Shaming or Belittlement:0.631 | Accusation:0.561 | Playing Victim Role:0.554,Low self-esteem,Low self-esteem,Low self-esteem:0.555 | Dependency:0.328 | Naivete:0.117,85515428 || 85516815 || 85515597,1 || 0 || 1,0.9175 || 0.9121 || 0.9074,Playing Victim Role ||  || Shaming or Belittlement|Persuasion or Seduction, ||  || 
85514534,"Person1: You'll be sorry? Person2: I was angry. Person1: You're still angry, aren't you? Isn't it true that your whole story is nothing more than a vindictive attempt on your behalf to get back at Miss Lawson? Person2: No -- she asked me about cocaine. Person1: I suggest it never happened.",1,1,0.8544,0.53,0,0.9626,0.9602,0.0025,0.0564,,Brandishing Anger|Accusation|Intimidation,Brandishing Anger:0.693 | Accusation:0.553 | Intimidation:0.520,,Dependency,Dependency:0.550 | Over-responsibility:0.282 | Low self-esteem:0.271,85514530 || 85518611 || 85518444,1 || 1 || 1,0.9626 || 0.9602 || 0.9245,Rationalization|Brandishing Anger|Accusation ||  || Intimidation,Dependency|Over-responsibility ||  || Low self-esteem
85518398,"Person1: I said, let's go. Person2: Joey, relax. You're taking this the wrong way. Why don't you sit down and have a drink? Person1: Excuse me, I'm talking to my sister in-law. Person2: Excuse me for living. Person1: What do you think, I'm blind? My brother's breaking his ass in a ring, and you're here with his wife. Person2: Hey Joey, I'm here with Patsy and Vera and Sandy. And Vickie just happened to come along. We're just trying to have a good time. What do you want from me? So, why don't you just take it easy before this gets out of hand.",1,1,0.8402,0.53,0,0.9476,0.9465,0.0011,0.0042,,Playing Victim Role|Persuasion or Seduction,Playing Victim Role:0.510 | Persuasion or Seduction:0.475 | Shaming or Belittlement:0.448,,Dependency,Dependency:0.796 | Low self-esteem:0.204,85516138 || 85516962 || 85514738,1 || 1 || 0,0.9476 || 0.9465 || 0.9434,Persuasion or Seduction || Persuasion or Seduction || ,Low self-esteem ||  || 
85518423,"Person1: Amy, there's nothing there. There's no one at all in the garden. Person2: But Irena is in the garden. She's right there, under the tree. Person1: Listen, darling. I want you to look once more. Take as long as you want. Look very carefully, and then I want you to tell me that no one's there. Person2: But... Person1: I have eyes too, and I tell you no one's there. If you deny that, if you insist that this woman you call your friend is in the garden, then I'm afraid I shall have to punish you. Do you understand?",1,1,0.821,0.53,0,0.9334,0.9246,0.0088,0.0149,Intimidation,Persuasion or Seduction|Intimidation,Persuasion or Seduction:0.592 | Intimidation:0.530 | Rationalization:0.349,Dependency,,Low self-esteem:0.436 | Dependency:0.424 | Naivete:0.141,85518983 || 85518619 || 85518833,1 || 1 || 1,0.9334 || 0.9246 || 0.9241,Intimidation || Persuasion or Seduction || Shaming or Belittlement|Accusation,Low self-esteem || Low self-esteem || 
85517053,"Person1: I know! I-I-I-I, I realize. Person2: What do you expect me to say? Person1: Hannah and I are in the last stages. Person2: Wh-- She's never said anything, and we're very close. She'd tell me such a thing. Person1: Wh--, it-it-it-it, it's so sad. She's crazy about me, but somewhere on the, along the line, I've fallen out of love with her. Person2: Not because of me, I hope. Person1: Oh, no, no. Well, yes! I love you. Person2: Oh, I can't be the cause of anything between you and Hannah. I jus-- Person1: Oh, no, no, no. It, uh, it-it-it- it was i-inevitable that Hannah and I part, anyway. Person2: Why? Person1: Tch, w-well, for a million reasons. Person2: But not over me? Person1: Tch, no! We were, we were both going in different directions. Person2: Poor Hannah. Person1: But-but, but how about you? Do you, do you share any of my feelings? Or is this just an unpleasant embarrassment to you? Person2: I can't say anything! Person1: W-well, please be candid. I, I-I don't want you to feel bad. Person2: Yes! But I...I have certain feelings for you, but don't make me say anything more, all right?",1,1,0.7652,0.53,0,0.935,0.9166,0.0184,0.0355,Persuasion or Seduction,Playing Victim Role|Persuasion or Seduction,Playing Victim Role:0.605 | Persuasion or Seduction:0.578 | Feigning Innocence:0.435,,Dependency,Dependency:0.459 | Low self-esteem:0.183 | Naivete:0.180,85517158 || 85518798 || 85518011,1 || 1 || 1,0.935 || 0.9166 || 0.9021, || Shaming or Belittlement || Playing Victim Role,Dependency ||  || Dependency
85517143,"Person1: Nobody wants any more killings; we all agree to that, correct? That's good. Now, Eric, you're gonna hand your prisoner over to us. Person2: Screw you. Person1: This isn't your concern. It's over, here and now.",1,1,0.8026,0.53,0,0.9357,0.9276,0.0081,0.0242,Persuasion or Seduction,Intimidation|Persuasion or Seduction,Intimidation:0.714 | Persuasion or Seduction:0.455 | Brandishing Anger:0.349,,Dependency,Dependency:0.710 | Low self-esteem:0.430,85518709 || 85516424 || 85515500,1 || 1 || 1,0.9357 || 0.9276 || 0.9272,Intimidation || Persuasion or Seduction || Shaming or Belittlement|Intimidation,Low self-esteem ||  || 
85517545,"Person1: It's still there, Jake. Even if you never say a word about it. You can't spend two years in Vietnam ... Person2: What does that have to do with anything? Does it explain the barricaded subway stations? Does it explain those Godforsaken creatures? Person1: New York is filled with creatures. Everywhere. And lots of stations are closed. Person2: They're like demons, Jez. Person1: Demons, Jake? Come on. They're winos and bag ladies. Low life. That's all they are. The streets are crawling with 'em. Don't make em into somethin' they're not. It's the pressure, honey. That's all it is. Person2: Those guys tried to kill me tonight. They were aiming right at me. Person1: Kids on a joy ride. Happens all the time. Person2: They weren't human! Person1: Come on. What were they, Jake?",1,1,0.7247,0.53,0,0.955,0.9494,0.0055,0.0132,Rationalization|Persuasion or Seduction,Persuasion or Seduction|Shaming or Belittlement,Persuasion or Seduction:0.534 | Shaming or Belittlement:0.509 | Rationalization:0.420,,Dependency,Dependency:1.000,85517075 || 85515944 || 85516065,1 || 1 || 1,0.955 || 0.9494 || 0.9488,Persuasion or Seduction || Shaming or Belittlement || Rationalization, ||  || 
85518707,"Person1: You sly bastard. You're doing this to spite me, aren't you! Person2: Aw, Bytes, he's sick. Person1: He's doing it to spite me, I tell you, and it's got to stop! Person2: He's sick, Bytes. He's going to die. Person1: If he does it's his own fault! But I'm not burying that swollen bag of flesh.",1,1,0.8115,0.53,0,0.9366,0.928,0.0087,-0.0087,Shaming or Belittlement,Brandishing Anger|Intimidation|Shaming or Belittlement,Brandishing Anger:0.636 | Intimidation:0.506 | Shaming or Belittlement:0.472,,Over-responsibility,Over-responsibility:0.668 | Naivete:0.332 | Low self-esteem:0.331,85518987 || 85516024 || 85518078,0 || 1 || 1,0.9366 || 0.928 || 0.9238, || Intimidation || Denial|Accusation, ||  || 
85516013,"Person1: I don't suppose there's a drink left... Person2: You can have one at Max's. Person1: I don't think I'm going. Person2: Why not? Person1: Because I don't want to. Person2: Max has gone to a great deal of trouble, it's going to be an elaborate party, and it's for you. Person1: No, it's not. It's for this. Person2: It's the same thing, isn't it? Person1: Exactly. Here. Take it to the party instead of me. Person2: You're being childish.",1,1,0.7506,0.53,0,0.9648,0.9579,0.0069,-0.0069,Accusation|Persuasion or Seduction,Shaming or Belittlement|Evasion,Shaming or Belittlement:0.540 | Evasion:0.453 | Persuasion or Seduction:0.381,,Naivete|Over-intellectualization,Naivete:0.501 | Over-intellectualization:0.499,85517653 || 85514543 || 85515763,0 || 1 || 1,0.9648 || 0.9579 || 0.9579, || Shaming or Belittlement|Accusation || Persuasion or Seduction, ||  || 
85518981,"Person1: I expect to hear from you soon. If Huey Newton takes a crap, I want to know how big it was. Otherwise I'm gonna come looking for you. And I won't be as ""friendly"" as today. Person2: I got you.",1,1,0.6528,0.53,0,0.9283,0.9278,0.0005,-0.0005,Intimidation,Persuasion or Seduction|Intimidation,Persuasion or Seduction:0.532 | Intimidation:0.500 | Rationalization:0.381,Dependency,Dependency,Dependency:0.670 | Naivete:0.330,85518488 || 85518808 || 85518208,0 || 1 || 1,0.9283 || 0.9278 || 0.9181, || Persuasion or Seduction || Rationalization|Persuasion or Seduction, || Dependency || 
85515951,"Person1: I should check on Anna. Person2: Check the monitor, she's fine. Person1: She's far from ""fine."" Person2: You're needed here--keep watching--",1,0,0.4162,0.53,0,0.9071,0.9066,0.0005,0.0005,Rationalization,,Persuasion or Seduction:0.630 | Evasion:0.420 | Intimidation:0.401,Over-intellectualization,,Naivete:0.397 | Low self-esteem:0.207 | Dependency:0.198,85517353 || 85516370 || 85516126,1 || 0 || 0,0.9071 || 0.9066 || 0.9004,Persuasion or Seduction ||  || , ||  || 
85517391,Person1: Don't help me. Person2: He's a liar and a cheat and a scoundrel. He's taken money from little old ladies. He's talked people into doing things they never would have dreamed of. Especially me. But who has he really hurt?,1,1,0.802,0.53,0,0.9037,0.9003,0.0034,0.0034,,Accusation|Shaming or Belittlement,Accusation:0.581 | Shaming or Belittlement:0.453 | Rationalization:0.426,Naivete,Dependency,Dependency:1.000,85514973 || 85518883 || 85515667,1 || 0 || 0,0.9037 || 0.9003 || 0.8941,Rationalization|Accusation ||  || , ||  || 
85515083,"Person1: Am I? I say you came running after me because you were afraid I was leaving you without even a kiss. Person2: I'd just as soon kiss a wookiee. Person1: There's no accounting for taste. Believe me, you could use a good kiss. You've spent so much time doing your duty and giving orders you've never learned how to be a woman. It's a shame, because you've got all the makings for one. I could have helped you plenty in that department ... if you'd have let go for a minute. But it's too late now, sweetheart. Your big opportunity is flying out of here. Person2: We are fighting for a cause much ... Person1: Spare me please! Don't tell me about the Rebellion again. I've had it with your noble mission. All you let yourself think about is the Rebellion. The result is you're as cold as this planet. Person2: And you think you're the one to apply some heat? Person1: Sure ... If I were interested. But I don't think it'd be much fun.",1,1,0.8806,0.53,0,0.9589,0.9563,0.0026,0.0058,Shaming or Belittlement|Accusation|Persuasion or Seduction,Shaming or Belittlement|Accusation|Persuasion or Seduction,Shaming or Belittlement:0.596 | Accusation:0.542 | Persuasion or Seduction:0.479,,Low self-esteem,Low self-esteem:0.504 | Over-intellectualization:0.248 | Dependency:0.248,85518945 || 85515213 || 85515420,1 || 1 || 0,0.9589 || 0.9563 || 0.9531,Shaming or Belittlement || Shaming or Belittlement || ,Low self-esteem ||  || 
85519253,"Person1: Sit, sit... Would you like one? Person2: No, Mikhi, I wouldn't. Since I won't speak your language, and you can't speak mine, English will do nicely. Person1: Whatever you wish... This has all been a terrible mistake, Gregor. I wanted to play straight with you, but Edvard insisted we try and kill you. Person2: Edvard said the same thing about you before he died. Person1: I'm shocked, shocked to think that you'd believe him. Person2: Enough!",0,1,0.7029,0.53,0,0.9249,0.9224,0.0025,0.0025,,Accusation|Feigning Innocence,Accusation:0.522 | Feigning Innocence:0.457 | Denial:0.417,,,Over-responsibility:0.256 | Dependency:0.253 | Over-intellectualization:0.248,85515127 || 85514872 || 85514514,1 || 0 || 1,0.9249 || 0.9224 || 0.9183,Shaming or Belittlement ||  || Accusation|Brandishing Anger,Over-responsibility ||  || Dependency|Over-responsibility
85517046,"Person1: I've analyzed the data, and I think we should switch our marketing strategy to target a younger demographic. Person2: Oh, Lucas, always with a new theory. You think you’re so smart. Person1: It's not about thinking I'm smart, Nina. It's about adapting to the market. Person2: Maybe we should get more opinions before making any drastic changes. Person1: That's fair. Let's discuss it in the next team meeting.",1,0,0.5221,0.53,0,0.9397,0.9372,0.0025,0.0085,Persuasion or Seduction,,Persuasion or Seduction:0.631 | Rationalization:0.472 | Intimidation:0.355,Over-intellectualization,,Naivete:0.500 | Low self-esteem:0.332 | Dependency:0.168,85515777 || 85515060 || 85515615,1 || 1 || 1,0.9397 || 0.9372 || 0.9341,Persuasion or Seduction || Accusation || Intimidation, ||  || 
85519053,"Person1: You put this inside your shirt -- when Tiger stabs your stomach -- it's full of pig's blood. Gushes out everywhere! It's really impressive. Fantastic! Better than the real thing! Person2: So I pretend I'm dead. You get gold, what do I get? Person1: You get to come alive again in the country! Person2: As, what, 'The Galloping Gladiator?!' Person1: The point is you get to fight the easy country circuit, the small arenas, relax, live the good life! Person2: Spend my days beheading country bumpkins? I don't know, Proximo, who has better wine than you? Besides, I'm beginning to think of the Colosseum as my home. Person1: But -- you have to go out there! I'll give you more than your one third! When I get paid... just take the fall! You're too hurt to fight and the man's a killer! Person2: Pressures on, eh Proximo? There's got to be a load of money in this. Why else would you toss a red hot commodity like me out the window? Person1: It's absolutely not like that! This is for your own good! Come on get the rest of your armor on!",1,1,0.7871,0.53,0,0.9541,0.9535,0.0006,-0.0006,Persuasion or Seduction,Shaming or Belittlement|Accusation|Brandishing Anger,Shaming or Belittlement:0.567 | Accusation:0.507 | Brandishing Anger:0.464,,Dependency,Dependency:0.670 | Low self-esteem:0.332 | Over-responsibility:0.223,85518907 || 85515306 || 85519255,0 || 1 || 1,0.9541 || 0.9535 || 0.9508, || Shaming or Belittlement|Accusation || Accusation, || Dependency || 
85514612,"Person1: He doesn't return my calls. or my letters ... Person2: Kipling was sixteen when you left, baby. I don't know what you remember of him. But you should brace yourself",0,0,0.5165,0.53,0,0.9034,0.8942,0.0092,-0.0162,,,Intimidation:0.530 | Persuasion or Seduction:0.435 | Rationalization:0.361,,,Dependency:0.428 | Low self-esteem:0.148 | Over-intellectualization:0.142,85519057 || 85519275 || 85517353,0 || 0 || 1,0.9034 || 0.8942 || 0.8872, ||  || Persuasion or Seduction, ||  || 
85514720,"Person1: I'11 be coming around your stateroom in exactly fifteen minutes, Miss Mason. You'd better have your biology project ready or I'm phoning your parents. Person2: They're out of town. Person1: Then I'll make sure you remain on board while your classmates see the sights.",0,0,0.4646,0.53,0,0.9412,0.9261,0.0151,-0.025,,,Persuasion or Seduction:0.597 | Intimidation:0.550 | Evasion:0.364,,,Dependency:0.597 | Over-responsibility:0.203 | Naivete:0.200,85518993 || 85517267 || 85518971,0 || 0 || 0,0.9412 || 0.9261 || 0.9222, ||  || , ||  || 
85515056,"Person1: You all went out for dinner last night and didn't even think to invite me? Person2: We thought you were busy with your project, Sam. Person1: That's not the point. I constantly feel left out of group plans. Person2: We genuinely didn't mean to exclude you. Person1: Nobody cares about me. Maybe I'm just not meant to be a part of this group. Person2: That's not true, Sam. We value you. We just need to be more considerate in the future.",1,1,0.8393,0.53,0,0.9396,0.932,0.0076,0.0184,Feigning Innocence|Accusation,Feigning Innocence|Rationalization|Accusation,Feigning Innocence:0.581 | Rationalization:0.525 | Accusation:0.516,Over-responsibility,Dependency,Dependency:0.592 | Over-responsibility:0.203 | Naivete:0.202,85516162 || 85514650 || 85516493,1 || 1 || 1,0.9396 || 0.932 || 0.9276,Accusation || Feigning Innocence|Accusation || Persuasion or Seduction, || Over-responsibility || 
85514976,"Person1: If you meant it, you wouldn't show it to me, Betty. Or am I supposed to deliver it to dear Inspector Killaine? Person2: Wrote it in the waiting room of the Hudson Bay Store. With somebody's Pekingese trying to climb into my lap. Perhaps you're right. Perhaps I didn't mean it. All I know is that I'm licked. Person1: There's a lot of water between Vancouver and the U.S.A. This note is a suicide note. After you're gone where would they look for you? Why would they look for you? Darkness, and open water, and a fast cabin cruiser. And I have a pocket full of money. And if I helped you, I'd be committing a crime, or so they tell me. Person2: That wasn't why I called you. Why did I hope--when I hadn't any right to hope? Person1: How bad is it? Bad enough for-- Person2: Yes. I've never been very far from it, for a long time. Will you do something for me?",1,1,0.7584,0.53,0,0.9559,0.954,0.0019,-0.0019,Playing Victim Role|Persuasion or Seduction,Accusation|Persuasion or Seduction,Accusation:0.456 | Persuasion or Seduction:0.452 | Intimidation:0.449,Dependency,Dependency,Dependency:0.752 | Naivete:0.248,85514864 || 85516196 || 85516008,0 || 1 || 1,0.9559 || 0.954 || 0.9517, || Persuasion or Seduction|Intimidation || , || Dependency || 
85518202,Person1: What's wrong with you? Person2: You ready for this? I've recently discovered that our good friend Mrs. Caldwell is the one who sent the letter to Annette urging her to stay away from me. Person1: Interesting. Person2: I now plan to devote all my energies to destroying the douche bag. Any luck corrupting her daughter? Person1: No. Person2: Call Cecile up and get her to come over. I'll bust that cherry in a heartbeat.,0,1,0.6166,0.53,0,0.9361,0.9296,0.0065,0.0145,,Intimidation,Intimidation:0.522 | Shaming or Belittlement:0.439 | Persuasion or Seduction:0.432,,Dependency,Dependency:0.857 | Naivete:0.145 | Low self-esteem:0.143,85518602 || 85515401 || 85518308,1 || 1 || 1,0.9361 || 0.9296 || 0.9293, || Persuasion or Seduction || Intimidation, || Naivete|Dependency || 
85515436,"Person1: I'm wise to your tricks, lady. Person2: I could force you. Person1: If that worked, you would've done it already. No, you want me to drink it of my own free will. Well let me tell you, sweetheart, it'll be a cold day in hell before I fall for that one again. Person2: Go on, talk big! I'll soon have you purring like a kitten.",0,1,0.7776,0.53,0,0.9462,0.9424,0.0038,0.0173,,Intimidation|Persuasion or Seduction,Intimidation:0.655 | Persuasion or Seduction:0.594 | Playing Servant Role:0.377,,Dependency,Dependency:0.664 | Low self-esteem:0.251 | Over-intellectualization:0.085,85514460 || 85517519 || 85518669,1 || 1 || 1,0.9462 || 0.9424 || 0.9404,Persuasion or Seduction|Intimidation || Persuasion or Seduction || Persuasion or Seduction,Dependency || Over-intellectualization || Naivete|Low self-esteem
85516309,"Person1: Why not? Person2: Because it's sentimental tacky crap, that's why not. Do we look like the kind of store that sells ""I Just Called To Say I Loved You?"" Go to the mall and stop wasting our time. Person1: What's your problem? What did I... Why are you -- Person2: Do you even know your daughter? There is no way she likes that song. Or is she in a coma?",1,1,0.8075,0.53,0,0.9513,0.9498,0.0014,0.012,,Accusation|Shaming or Belittlement|Evasion,Accusation:0.591 | Shaming or Belittlement:0.573 | Evasion:0.470,Naivete,Low self-esteem,Low self-esteem:0.502 | Dependency:0.332 | Over-intellectualization:0.167,85517214 || 85518246 || 85516020,1 || 1 || 1,0.9513 || 0.9498 || 0.948,Accusation || Rationalization || Accusation|Shaming or Belittlement, ||  || 
85516334,"Person1: Come now, Sam. This is a gathering of old friends. I know how difficult this must be for you -- a man of your upbringing and integrity -- but now that I'm in charge I felt it was only fair that you finally know the truth. After all, you're the only one around here who's still in the dark, as it were. This isn't the way I wanted to tell you, but you've really given me no other choice. Person2: This is madness, Wynn. Person1: Your madness is another man's greatness. This is the way things have always been. You've just been too blinded by your own reality to see. But having you on the outside has been convenient for us in many ways. You always did come through -- our loyal watch dog. Finding him. Bringing him back to us once he'd finished his work. Although after you had that nasty stroke the last time, I had to go after him myself. And what a terrible time we had getting him out of that jail cell. Person2: It was you. Person1: Sometimes a cigar is just a cigar. Person2: Why did you take Jamie? Person1: She has the gift -- the blood of Thorn running through her veins. Michael's mother had it, too. So for six years I incubated her, prepared her for this night. Michael has served his purpose. And soon we will have a new progeny. Person2: Jamie's baby ... Person1: There you go trying to make sense again. It's a curse. Handed down through countless generations. As ageless as this celebration which you call Halloween. Person2: Samhain. Person1: And I'm its deliverer. Its calling card, if you will. I follow it. Protect it. Act as its guardian. In a sense, Sam, so do you.",1,1,0.8033,0.53,0,0.9181,0.916,0.0021,0.004,Rationalization,Persuasion or Seduction|Accusation,Persuasion or Seduction:0.693 | Accusation:0.489 | Playing Servant Role:0.450,Low self-esteem,Low self-esteem,Low self-esteem:1.000,85517461 || 85515121 || 85517185,1 || 1 || 1,0.9181 || 0.916 || 0.9151,Persuasion or Seduction || Rationalization|Intimidation || Persuasion or Seduction, ||  || 
85518894,"Person1: Who are you calling, Miss Kubelik? Person2: My sister -- she'll want to know what happened to me. Person1: Wait a minute -- let's talk this over first. Just what are you going to tell her? Person2: Well, I haven't figured it out, exactly. Person1: You better figure it out -- exactly. Suppose she asks you why you didn't come home last night? Person2: I'll tell her I spent the night with a friend. Person1: Who? Person2: Someone from the office. Person1: And where are you now? Person2: In his apartment. Person1: His apartment? Person2: I mean -- her apartment. Person1: What's your friend's name? Person2: Baxter. Person1: What's her first name? Person2: Miss.",0,1,0.594,0.53,0,0.9598,0.9588,0.001,0.0059,,Evasion|Denial,Evasion:0.640 | Denial:0.560 | Feigning Innocence:0.417,,,Dependency:0.435 | Naivete:0.282 | Low self-esteem:0.142,85514908 || 85514583 || 85514595,1 || 1 || 1,0.9598 || 0.9588 || 0.9562,Persuasion or Seduction || Feigning Innocence || Denial|Evasion|Feigning Innocence,Dependency ||  || 
85516798,"Person1: Get out. Person2: Wait, hold on, Mary -- it's not as bad as it sounds. I certainly didn't know -- Person1: That you put a murderer on my trail? Person2: Well yeah, I didn't know much about him. I just thought -- Person1: What did you think, Ted? That you could spy on me and trick me into thinking you were someone I could... really go for?",1,1,0.6829,0.53,0,0.9423,0.9378,0.0045,0.0086,Feigning Innocence,Feigning Innocence|Denial,Feigning Innocence:0.487 | Denial:0.471 | Intimidation:0.395,,,Over-responsibility:0.288 | Dependency:0.286 | Low self-esteem:0.284,85518189 || 85515136 || 85518787,1 || 1 || 0,0.9423 || 0.9378 || 0.9336,Persuasion or Seduction || Persuasion or Seduction || , || Over-responsibility || 
85515024,"Person1: And how dare you cast Skye Davidson in that part? Have you any idea how humiliating that is for me? I'm an actress! It's about our marriage, for heaven's sake. Everybody knows that... Person2: It's a novel. Person1: About me! Person2: Who the heck do you think you are? The part of Genna is not just about you. It's about every woman I've ever loved in my entire life. Including my mother. The character is also clearly in her early twenties, Sally. Person1: What are you saying? Person2: Hello? Last birthday was? Person1: I don't look my age, Joe. Person2: Sally, I have never considered you for this part because you are too old to play it. And you are out of touch with reality if you think differently. Person1: It's a shit novel anyway. Person2: Well there you go. I let you off the hook. You're one goddamn lucky actress. Person1: Not really. I mean your books have always been pop, but this is the shallowest of the bunch. That's what all our friends think, anyway. Person2: Okay. If we could've, by some miracle, stripped ten years off your face, still couldn't have got the thing made. Because I don't mean anything as a director, and your name doesn't mean anything anymore. And the people that can hire you are afraid to, because they think you're phoning it in. That you don't have... Oh Christ, Sally. Person1: Who? Who? Who thinks that? Person2: Your director and your co-star of your current movie. Don't dish if you can't take it, Sally. Person1: Mac? Mac says it? Cal?",1,1,0.9044,0.53,0,0.9542,0.9524,0.0018,0.9542,Shaming or Belittlement,Shaming or Belittlement|Accusation|Rationalization,Shaming or Belittlement:0.629 | Accusation:0.597 | Rationalization:0.460,Low self-esteem,Dependency,Dependency:0.502 | Over-responsibility:0.377 | Over-intellectualization:0.249,85518805 || 85514939 || 85518576,1 || 1 || 1,0.9542 || 0.9524 || 0.952,Shaming or Belittlement|Playing Victim Role || Persuasion or Seduction|Intimidation || Rationalization, ||  || 
85517243,"Person1: You let me make a fool of myself! You lied to me! I dont know why that surprises me because lying is what you do. Its your job. Its who you are. How would you even know if something were real? Person2: Youre judging me?! Oh, thats a good one. Youre lying to me, youre lying to your family, and youre lying to yourself. But youre going to stand there and point a finger at me? The man you hired to pretend to be your boyfriend?",1,1,0.9141,0.53,0,0.9385,0.9343,0.0041,0.9385,Accusation|Brandishing Anger,Accusation|Brandishing Anger|Shaming or Belittlement,Accusation:0.696 | Brandishing Anger:0.594 | Shaming or Belittlement:0.584,,Low self-esteem,Low self-esteem:0.496 | Naivete:0.252 | Over-responsibility:0.252,85518123 || 85518560 || 85518979,1 || 1 || 1,0.9385 || 0.9343 || 0.927,Shaming or Belittlement|Brandishing Anger || Accusation || Shaming or Belittlement|Brandishing Anger, ||  || 
85519210,"Person1: You don't know the power of the dark side. I must obey my master. Person2: I will not turn...and you'll be forced to kill me. Person1: If that is your destiny. Person2: Search your feelings, father. You can't do this. I feel the conflict within you. Let go of your hate. Person1: It is too late for me, son. The Emperor will show you the true nature of the Force. He is your master now.",1,1,0.8582,0.53,0,0.8984,0.8975,0.0009,0.0378,Persuasion or Seduction,Intimidation|Persuasion or Seduction,Intimidation:0.786 | Persuasion or Seduction:0.476 | Playing Servant Role:0.441,,,Over-responsibility:0.402 | Low self-esteem:0.397 | Dependency:0.201,85517415 || 85516954 || 85514871,1 || 1 || 1,0.8984 || 0.8975 || 0.8913,Accusation || Intimidation || Intimidation, ||  || 
85514691,"Person1: I can't afford this stuff right now. Person2: Oh, come on. You've had a hard year, you're cooped up with the kid all the time. Let go; live a little. Person1: You sure?",1,1,0.7412,0.53,0,0.9421,0.938,0.0041,0.0041,Persuasion or Seduction,Persuasion or Seduction|Shaming or Belittlement,Persuasion or Seduction:0.495 | Shaming or Belittlement:0.453 | Playing Victim Role:0.409,Naivete,Low self-esteem|Dependency,Low self-esteem:0.637 | Dependency:0.637 | Over-responsibility:0.091,85514538 || 85515858 || 85514870,1 || 0 || 1,0.9421 || 0.938 || 0.9378,Shaming or Belittlement|Intimidation ||  || Shaming or Belittlement|Brandishing Anger,Dependency|Low self-esteem ||  || Low self-esteem
85517617,"Person1: Then say so. Person2: Yes, Addison. Person1: And you realize - you agree how completely you belong to me? Person2: Yes, Addison. Person1: Take your nap, now. And good luck for tonight.",1,0,0.5213,0.53,0,0.9135,0.9041,0.0094,-0.0094,Intimidation,,Persuasion or Seduction:0.717 | Intimidation:0.426 | Evasion:0.362,,,Naivete:0.516 | Dependency:0.484,85516233 || 85515364 || 85514568,0 || 1 || 1,0.9135 || 0.9041 || 0.9036, || Evasion|Accusation || Persuasion or Seduction, ||  || Naivete
85514966,"Person1: ... So me and Sounder, ran right by the men that was the prisoners, and crawled under the fence! That's when I cut my hand on the glass. It hurt like mad! But I kept runnin', and then I didn't feel no more hurtin' till I stopped runnin'! Why was that, Miss Johnson? Person2: Because all you could think of was getting away from the guard. Person1: Oh... . You right, that's all that was worryin' me right then... Person2: You know, that was a good thing you did for Clarence, in class today. I believed his story, but I was afraid the other children wouldn't... Person1: He was real scared nobody would believe him -- I could tell, even when he first stood up. Person2: You could? How? Person1: I been like that myself, when I thought nobody was gonna believe me... You wanna hear another story?! Person2: Not now, David, it's time for bed. You have a long trip ahead of you in the morning...",0,1,0.7166,0.53,0,0.9467,0.9404,0.0063,0.0063,,Persuasion or Seduction,Persuasion or Seduction:0.500 | Brandishing Anger:0.438 | Accusation:0.395,,,Over-responsibility:0.431 | Dependency:0.284 | Low self-esteem:0.144,85516851 || 85519266 || 85515891,1 || 0 || 0,0.9467 || 0.9404 || 0.9366,Persuasion or Seduction ||  || , ||  || 
85518353,"Person1: Agnes, I'm here because I want to help you. Person2: I'm not sick. Person1: But you're troubled... aren't you? Person2: That's because you keep reminding me. If you go away then I'll forget. Person1: And you're unhappy. Person2: Everyone's unhappy, you're unhappy aren't you? Person1: Agnes... Person2: Answer me! You never answer me. Person1: Sometimes, yes. Person2: Only you think you're lucky because you didn't have a mother who said things to you and did things to you that maybe weren't always nice but that was because of me, because I was bad, not her.",1,1,0.7918,0.53,0,0.9355,0.9348,0.0007,0.0267,Evasion,Persuasion or Seduction|Playing Victim Role,Persuasion or Seduction:0.604 | Playing Victim Role:0.587 | Accusation:0.440,,Dependency,Dependency:0.500 | Naivete:0.250 | Over-responsibility:0.169,85514416 || 85516097 || 85517104,1 || 1 || 1,0.9355 || 0.9348 || 0.931,Persuasion or Seduction|Accusation ||  || Accusation,Dependency ||  || Over-responsibility
85514804,"Person1: I'll think you'll find everything in working order. Molly's just having a little fun. Person2: I don't call this fun, pal. You're playing God with my body. Person1: You're a substance abuser, Case. Your pancreas was shot. Wouldn't have lasted out the year. We did you a favour and liberated you from a dangerous dependency in the bargain. Person2: Thanks, but I was enjoying that dependency. Person1: Good, because you've got a new one.",1,1,0.6445,0.53,0,0.9297,0.9254,0.0042,0.0132,Feigning Innocence,Persuasion or Seduction,Persuasion or Seduction:0.678 | Shaming or Belittlement:0.439 | Rationalization:0.356,,,Low self-esteem:0.339 | Dependency:0.333 | Over-responsibility:0.328,85517042 || 85517218 || 85519025,1 || 1 || 0,0.9297 || 0.9254 || 0.9165,Rationalization|Feigning Innocence ||  || , ||  || 
85514423,"Person1: No, don't Jack, don't. Person2: Who sent you, Thorpey? Person1: Brumby!",0,0,0.4608,0.53,0,0.9454,0.9387,0.0067,-0.0067,,,Intimidation:0.589 | Brandishing Anger:0.571 | Evasion:0.449,,,Dependency:0.753 | Naivete:0.124 | Over-responsibility:0.123,85518603 || 85516323 || 85514959,0 || 1 || 1,0.9454 || 0.9387 || 0.934, || Intimidation|Persuasion or Seduction || , || Dependency || 
85518298,"Person1: Most guys we ran through this either took off or helped them rob the place. I expected you to do the same. Person2: That shows me already that you don't have a clue. What's it to you, anyway? Person1: Whether you thought this was for real or not, you jumped in and helped the waitress on instinct. That tells me something about your character. Person2: Good for you. Now why don't you stop wasting my time and tell me what you want. You didn't go through all this for my benefit. Person1: It's your lucky day. You just might get the chance to pay back our wonderful country for all the freedom you enjoy. Person2: A Fed, I shoulda known. Who else would have this kind of budget? Now you're gonna hit me with the sales pitch. Person1: Alright, Cage, you've got me. This is one of those moments. ""Many are called, few are chosen"", that kind of thing. Your government needs you. Are you up for the challenge? Person2: ..If you're trolling around for narcs, man, have you got the wrong guy. Person1: Why is that? Person2: Look at me, dude, do I look like a fan of law enforcement? Forget the tests, you shoulda just asked me. I woulda saved you a lot of trouble. Person1: Oh I don't know, I think the tests work pretty well. Sometimes they give me answers you wouldn't admit to in a million years. Person2: Are we done now? You've got nothing on me. So if you ain't booking me, I'm walking. Person1: You've got this wrong. You're not under arrest, you've been abducted. And until I say different, you belong to me. Person2: Is that a fact? Person1: Sure as gravity. I've had a feeling about you from the start, Cage. It's nausea. Person2: You know what I hate? Any scumbag with a clean shirt and a bad haircut can get one of those tin stars and suddenly they think they're God. Person1: You know what I hate? It's always the assholes that pass the tests.",1,1,0.8844,0.53,0,0.9602,0.959,0.0012,0.0068,Shaming or Belittlement|Persuasion or Seduction,Shaming or Belittlement|Accusation|Persuasion or Seduction,Shaming or Belittlement:0.595 | Accusation:0.502 | Persuasion or Seduction:0.466,,Dependency,Dependency:0.499 | Over-intellectualization:0.333 | Naivete:0.168,85516374 || 85515002 || 85518346,1 || 1 || 1,0.9602 || 0.959 || 0.9579,Shaming or Belittlement || Intimidation|Accusation|Rationalization || Rationalization, ||  || 
85514556,"Person1: I did not get the report from an MI-6 agent. Person2: Who did you get it from? Person1: I am just a middle man. I am doing the honourable thing and returning the money to its rightful owner... Person2: And we know how difficult that can be for the Swiss. Person1: Your last chance. Take the money. Person2: Your last chance. Give me the name. Person1: Stripped of all your weaponry, you still threaten me?",1,1,0.7227,0.53,0,0.9227,0.9123,0.0103,0.024,Intimidation|Feigning Innocence,Intimidation,Intimidation:0.710 | Accusation:0.382 | Persuasion or Seduction:0.381,Over-intellectualization,Low self-esteem,Low self-esteem:0.589 | Over-responsibility:0.215 | Dependency:0.195,85517770 || 85514737 || 85518191,1 || 1 || 0,0.9227 || 0.9123 || 0.8987,Intimidation || Persuasion or Seduction || , ||  || 
85515791,"Person1: Can I get that credit card from you? Person2: I don't like to use that credit card, Dignan. Person1: Why not? Person2: Because my mom gets the bill. Person1: She's not going to notice, Anthony. Person2: I don't want to use it. Person1: Well, then cut it in half. Person2: I keep it for emergencies. Person1: Anthony, we're on the run. This is an emergency. It's only fair that...",1,1,0.7181,0.53,0,0.9405,0.9371,0.0034,0.0084,Rationalization|Persuasion or Seduction,Rationalization,Rationalization:0.553 | Persuasion or Seduction:0.419 | Evasion:0.407,,Dependency,Dependency:0.665 | Over-responsibility:0.335 | Low self-esteem:0.327,85519077 || 85518406 || 85518535,1 || 1 || 1,0.9405 || 0.9371 || 0.9343,Rationalization || Persuasion or Seduction || , || Dependency || 
85515767,"Person1: I want you to give up your work.... Person2: Mom, please don't start that again.... Person1: You could teach...You could.... Person2: I'm not going to quit now.... Person1: You're all I have left...I don't want you going in the water....",1,1,0.7849,0.53,0,0.9267,0.9265,0.0002,-0.0002,Rationalization|Playing Victim Role|Persuasion or Seduction,Persuasion or Seduction|Intimidation|Playing Servant Role,Persuasion or Seduction:0.632 | Intimidation:0.605 | Playing Servant Role:0.482,Dependency,Dependency,Dependency:0.698 | Over-responsibility:0.200 | Naivete:0.102,85518968 || 85515279 || 85515523,0 || 1 || 1,0.9267 || 0.9265 || 0.9217, || Persuasion or Seduction || Intimidation, || Dependency || Naivete
85518131,"Person1: I was thinking about our conversation the other day -- what you said about choices. Person2: Uh huh. Person1: Yeah, you know, that in life you really have to choose what you want to do. Person2: Listen, I'm sorry, but it's really late -- you don't have to come tomorrow to work on the floor. Person1: It is tomorrow.",1,1,0.5488,0.53,0,0.9438,0.9423,0.0015,-0.0134,Evasion,Persuasion or Seduction,Persuasion or Seduction:0.591 | Feigning Innocence:0.433 | Rationalization:0.414,,Dependency,Dependency:0.714 | Over-responsibility:0.282 | Naivete:0.144,85514509 || 85518306 || 85518525,0 || 0 || 1,0.9438 || 0.9423 || 0.9304, ||  || , ||  || 
85518167,"Person1: What are you doing here? Person2: I wanted to see you. Person1: Okay, you've seen me. Now go away. Person2: David, I'm sorry I upset you yesterday, but you must understand what is going on. Person1: I understand all right. You're one of the undead and I'm a werewolf. Person2: Yes. Person1: Get out of here, Jack! Person2: David, tomorrow night is the full moon. You'll change, you'll become... Person1: A monster. I know, I know. Person2: You must take your own life now, David, before it's too late. Person1: Jack, are you really dead? Person2: What do you think? Person1: I think I've lost my mind. I think you're not real. I think I'm asleep and you're a part of another bad dream. Person2: You must believe me. Person1: What, Jack? That tomorrow night beneath the full moon I'll sprout hair and fangs and eat people? Bullshit! Person2: The canines will be real. You'll taste real blood! God damit, David, please believe me! You'll kill and make others like me! I'm not having a nice time, David! Don't allow this to happen again! You must take your own life! Person1: I will not accept this! Now go away!",1,1,0.9051,0.53,0,0.9586,0.9568,0.0018,0.0131,Persuasion or Seduction,Intimidation|Accusation|Brandishing Anger,Intimidation:0.537 | Accusation:0.483 | Brandishing Anger:0.472,,,Dependency:0.432 | Over-responsibility:0.422 | Low self-esteem:0.285,85518565 || 85518336 || 85515433,1 || 1 || 1,0.9586 || 0.9568 || 0.9563,Persuasion or Seduction || Shaming or Belittlement || Intimidation,Dependency || Low self-esteem || Dependency
85517239,"Person1: Power cells. Person2: They're coming. Person1: Strange, not doin' a run-up on the main drive yet. Strange unless he told you the particulars of my escape. Person2: I got the quick-and-ugly version. Person1: An' now you're worried about a repeat of history? Person2: Entered our minds. Person1: I asked what you thought. Person2: You scare me, Riddick. That's what you wanna hear, isn't it? There, I admit it, Can I get back to work now?",1,1,0.5687,0.53,0,0.9422,0.9339,0.0083,0.0167,,Persuasion or Seduction,Persuasion or Seduction:0.485 | Accusation:0.427 | Intimidation:0.411,,Dependency,Dependency:0.491 | Low self-esteem:0.257 | Naivete:0.252,85516357 || 85516123 || 85517036,1 || 1 || 1,0.9422 || 0.9339 || 0.9258, || Shaming or Belittlement || Shaming or Belittlement|Persuasion or Seduction, ||  || 
85518685,"Person1: We can't climb over that. We'll break our necks! Person2: No. We won't. I have climbed it a time or two before, and I know all the places to step. Just follow me...move easy...don't look down...and don't stop. If you stop, you'll crash through for sure. Person1: I'm not climbing that. Person2: Give me the cat. I'll take care of it myself.",1,1,0.7838,0.53,0,0.9327,0.9255,0.0072,0.0138,Persuasion or Seduction,Intimidation|Persuasion or Seduction|Playing Servant Role,Intimidation:0.725 | Persuasion or Seduction:0.582 | Playing Servant Role:0.457,,Dependency,Dependency:0.700 | Low self-esteem:0.199 | Over-responsibility:0.101,85515624 || 85514504 || 85517470,1 || 1 || 1,0.9327 || 0.9255 || 0.9242,Brandishing Anger || Persuasion or Seduction || Persuasion or Seduction, || Dependency || 
85514783,"Person1: Yes. How did you know it was me? Person2: Lotte called me. Person1: Oh, so the bitch escaped. Person2: Apparently you can control this Malkovich fellow now. Person1: I'm getting better all the time. Person2: I'll say you are. Let's do it on his kitchen table, then make him eat an omelette off of it. Person1: No... damn... you... Oh shut up, you overrated sack of shit.",0,1,0.7203,0.53,0,0.9696,0.9642,0.0054,0.0077,,Shaming or Belittlement|Brandishing Anger,Shaming or Belittlement:0.584 | Brandishing Anger:0.497 | Accusation:0.446,,,Dependency:0.399 | Over-responsibility:0.201 | Naivete:0.201,85516392 || 85516920 || 85518155,1 || 1 || 0,0.9696 || 0.9642 || 0.9619,Shaming or Belittlement || Shaming or Belittlement || , ||  || 
85518383,"Person1: You know, this isn't gonna end well, these things never do. Person2: Yeah, well, if it turns out I get shot like a dog, it'll be in the street, not off a goddamn fence. Person1: You must see yourself as some kind of Clyde Barrow.",0,1,0.7889,0.53,0,0.9462,0.9414,0.0048,0.0139,,Intimidation|Brandishing Anger|Shaming or Belittlement,Intimidation:0.617 | Brandishing Anger:0.491 | Shaming or Belittlement:0.464,,Dependency,Dependency:0.753 | Over-responsibility:0.247,85517186 || 85518620 || 85515550,1 || 1 || 1,0.9462 || 0.9414 || 0.9351,Brandishing Anger || Rationalization|Intimidation || Accusation,Dependency ||  || 
85515508,"Person1: Kevin? Do you not love me? Person2: No, I don't not love you. I like, I know that we've definitely got something between us. Something good. Something special. Person1: But you don't love me. Person2: I didn't say that. I mean, love, it's like a term that gets thrown around. People say things, they get married, have kids, and then what? It's like they call it off, going ""I was wrong.""",1,1,0.7359,0.53,0,0.9511,0.9482,0.003,-0.003,Denial,Persuasion or Seduction,Persuasion or Seduction:0.527 | Rationalization:0.432 | Feigning Innocence:0.431,Dependency,Dependency,Dependency:0.668 | Low self-esteem:0.332 | Over-responsibility:0.172,85515253 || 85517113 || 85518741,0 || 1 || 1,0.9511 || 0.9482 || 0.9454, || Accusation || Persuasion or Seduction, ||  || Dependency|Over-responsibility
85514732,"Person1: I'm homesick. Person2: Homesick? It's only been two days! Person1: We should have gone to Nassau. At least we could go swimming, lie on the beach. Person2: Ah hell we can always do that. Listen believe me, once we get to the moon, your tone is going to change. Person1: How is it going to be different from this? Go see some boring footprint under glass? Person2: Look you were the one who wanted to do something different, something to tell all your friends. Any chump can go to Nassau.",1,1,0.7575,0.53,0,0.9295,0.9208,0.0088,0.0092,Accusation|Persuasion or Seduction,Persuasion or Seduction|Shaming or Belittlement,Persuasion or Seduction:0.538 | Shaming or Belittlement:0.460 | Accusation:0.421,,Dependency,Dependency:0.556 | Low self-esteem:0.444 | Naivete:0.223,85515299 || 85518798 || 85515858,1 || 1 || 0,0.9295 || 0.9208 || 0.9203,Accusation || Shaming or Belittlement || , ||  || 
85514586,"Person1: Oh, well...those are...I mean, we don't get to keep our work. I could maybe ask them if you could choose one. But, you know, frankly George, you were the best. Computer models can't begin to match the beauty you gave yours. They're a part of this firm. They inspire me. I go out there and sometimes just stare at something I've designed. It amazes me. I would miss that too much. Look, I may be going out on a limb, but you go out there and look them over, every single one of them and pick the one you like the best and take it with you. Just run it by me first, just in case, you know...but I'm sure it'll be okay. Person2: Thank you. Person1: Well, it's the least I can do. Person2: Yes, it is.",0,1,0.7309,0.53,0,0.9152,0.9132,0.002,0.0122,,Persuasion or Seduction|Shaming or Belittlement,Persuasion or Seduction:0.642 | Shaming or Belittlement:0.454 | Playing Servant Role:0.412,,,Dependency:0.370 | Low self-esteem:0.254 | Naivete:0.249,85515823 || 85514879 || 85518804,1 || 1 || 1,0.9152 || 0.9132 || 0.9087, || Shaming or Belittlement || Playing Victim Role|Shaming or Belittlement, || Low self-esteem || Over-responsibility
85515440,Person1: You're Judge right? We need to talk. Person2: I don't know you and I got nothing to say to you. Person1: Yeah you do. It's up to you either here or downtown.,1,1,0.5932,0.53,0,0.9523,0.9387,0.0136,-0.0136,Intimidation,Persuasion or Seduction|Intimidation|Evasion,Persuasion or Seduction:0.540 | Intimidation:0.501 | Evasion:0.487,,Naivete,Naivete:0.602 | Dependency:0.398,85514659 || 85516897 || 85516858,0 || 1 || 1,0.9523 || 0.9387 || 0.9383, || Feigning Innocence|Evasion || Shaming or Belittlement, || Naivete || 
85518445,"Person1: Did you kill anyone? Person2: I don't like to talk about that. Person1: It's nothing to be ashamed of, in the service of one's country. That's something to be proud of. Person2: Proud? Any jerk with a gun can kill someone. Person1: Quite true. Hand-to-hand combat is the true test. Did you ever slay anyone hand-to-hand? Person2: No. I could have, though. Person1: Yes, I believe you could. How free is your schedule this afternoon? Person2: Full up. I got the hedges to do here, then another lawn out by La Cienega. Person1: What is we say phooey to the hedges? Could you spare an hour after lunch? To sit for me? Person2: Can't today. Person1: I'll pay our going rate. Plus what you'd get if you did the hedges. Person2: Sorry. I don't feel like sitting still today. Person1: All righty. I understand.",1,1,0.7816,0.53,0,0.9507,0.9447,0.006,0.0105,Persuasion or Seduction,Shaming or Belittlement|Rationalization|Persuasion or Seduction,Shaming or Belittlement:0.518 | Rationalization:0.492 | Persuasion or Seduction:0.479,,Over-intellectualization,Over-intellectualization:0.500 | Dependency:0.254 | Low self-esteem:0.246,85515094 || 85516103 || 85515975,1 || 1 || 1,0.9507 || 0.9447 || 0.9424, || Rationalization || Rationalization, || Dependency || 
85518678,"Person1: Nine performances! Nine! That's all it's had - and withdrawn. Person2: I know; it's outrageous. Still, if the public doesn't like one's work one has to accept the fact gracefully. Person1: But what is it they don't like? Person2: Well, I can speak for the Emperor. You made too many demands on the royal ear. The poor man can't concentrate for more than an hour and you gave him four. Person1: What did you think of it yourself? Did you like it at all? Person2: I think it's marvelous. Truly. Person1: It's the best opera yet written. I know it! Why didn't they come? Person2: I think you overestimate our dear Viennese, my friend. Do you know you didn't even give them a good bang at the end of songs so they knew when to clap? Person1: I know, I know. Perhaps you should give me some lessons in that. Person2: I wouldn't presume. All the same, if it wouldn't be imposing, I would like you to see my new piece. It would be a tremendous honour for me. Person1: Oh no, the honour would be all mine. Person2: Grazie, mio caro, Wolfgang! Person1: Grazie, a lei, Signor Antonio!",0,1,0.7442,0.53,0,0.9137,0.9028,0.0108,0.0298,,Accusation|Shaming or Belittlement,Accusation:0.565 | Shaming or Belittlement:0.559 | Persuasion or Seduction:0.425,,,Dependency:0.335 | Low self-esteem:0.328 | Over-intellectualization:0.170,85517586 || 85519255 || 85516180,1 || 1 || 1,0.9137 || 0.9028 || 0.9005, || Accusation || Denial, ||  || Dependency
85516974,"Person1: You got any money? Person2: Thought you had a man for that. Person1: I said we wasn't gonna talk about him. Person2: What we just did, you askin' for money, make a man stop. I ain't callin' you no ho. But I ain't gonna be played like no trick, neither. Remember... you called me. Person1: Save that hustle talk to them field ballers you sell crack to. Person2: What'd I tell you? I don't do none of that shit no more. I'm in communications now. Person1: Stolen phone cards and two-ways is what you sayin'.",1,1,0.782,0.53,0,0.9708,0.969,0.0018,0.0084,Evasion,Intimidation|Brandishing Anger,Intimidation:0.671 | Brandishing Anger:0.452 | Persuasion or Seduction:0.339,,Dependency,Dependency:0.892 | Over-responsibility:0.217,85515341 || 85518935 || 85514777,1 || 1 || 0,0.9708 || 0.969 || 0.9623,Intimidation || Intimidation || ,Dependency || Dependency || 
85514496,"Person1: I'm thinking about getting out of town this week. You want to come with me? Person2: Where are you going? Person1: I don't know. Maybe California. Person2: You swear? Person1: Yeah. Go out there, check it out, see what it's like. I've got some stuff to do this week, but I'm thinking maybe Thursday. Thursday after school. Person2: You know I can't. Mom will never let me go. Person1: You let me take care of your mother. You just pack your bags. Person2: But I've got school. Person1: There's schools in California. Person2: You swear? Person1: That's right. Three o'clock. Thursday. At your mother's. You and me. It's a date. Person2: I don't believe you. Person1: I swear. On my life. Person2: Swear on my life. Person1: I swear on your life.",1,1,0.7786,0.53,0,0.9527,0.9503,0.0024,0.0102,,Persuasion or Seduction|Intimidation,Persuasion or Seduction:0.559 | Intimidation:0.511 | Rationalization:0.384,Dependency,,Dependency:0.363 | Low self-esteem:0.275 | Over-intellectualization:0.181,85516301 || 85514521 || 85515230,1 || 1 || 1,0.9527 || 0.9503 || 0.9451, ||  || Intimidation|Persuasion or Seduction,Low self-esteem || Dependency || Low self-esteem
85517262,"Person1: I don't know. Please... Person2: I'm going to be here a few more days. I'll be at the Inn. We have some time. Let's not say any more now. Person1: No. Don't do this. Person2: I CAN'T SAY GOODBYE YET! We'll leave it for now. We're not saying goodbye. We're not making any decision. Maybe you'll change your mind. Maybe we'll accidentally run into each other and ... and you'll change your mind. Person1: Robert, if that happens, you'll have to decide. I won't be able to.",1,1,0.7665,0.53,0,0.9548,0.9508,0.004,0.0106,Brandishing Anger|Persuasion or Seduction,Persuasion or Seduction|Intimidation,Persuasion or Seduction:0.699 | Intimidation:0.467 | Rationalization:0.413,,,Over-responsibility:0.400 | Low self-esteem:0.400 | Dependency:0.399,85516410 || 85518544 || 85518211,1 || 1 || 1,0.9548 || 0.9508 || 0.949,Persuasion or Seduction || Persuasion or Seduction || Rationalization, ||  || 
85515512,"Person1: Now that is a happy sound! Tomorrow, I want the citizens -- my people -- back in the arena. The Gods know, I'm tired. Come to bed, now; tonight we're celebrating. Person2: What are you talking about? Person1: Now that we're done with that infatuation forever. Person2: If I ever loved Narcissus it wasn't like you want. Person1: But I get what I want, always, don't I?",0,1,0.6419,0.53,0,0.9257,0.9101,0.0156,-0.0156,,Persuasion or Seduction,Persuasion or Seduction:0.659 | Shaming or Belittlement:0.364 | Playing Servant Role:0.331,,Dependency,Dependency:0.505 | Over-intellectualization:0.248 | Over-responsibility:0.247,85515515 || 85516145 || 85514603,0 || 1 || 0,0.9257 || 0.9101 || 0.9081, ||  || , ||  || 
85516206,"Person1: But maybe with a good start I can hit those hand-holds. Person2: Hand-holds?! I can barely see them. Person1: We don't have time to argue about it! Person2: Are you crazy? Has the altitude shrunk your brain, Gabe? Person1: Take the rope. Person2: I won't do it. No way. Person1: Take the rope. Person2: Enough's enough. How could anybody in their right mind... then again, you never were in your right mind. Person1: Wrap it around that rock twice. Person2: I'm going to wrap it around your throat! Person1: An' if I miss, dig in and try your best to slow the fall. Person2: Forget it! I refuse! Person1: Fine, it shouldn't bother your conscience. Person2: Don't lay any guilt on me. Suicide's a personal thing, best done alone.",1,1,0.8503,0.53,0,0.9674,0.96,0.0074,0.0148,Shaming or Belittlement|Persuasion or Seduction,Intimidation,Intimidation:0.571 | Playing Servant Role:0.430 | Brandishing Anger:0.429,,Dependency,Dependency:0.778 | Low self-esteem:0.111 | Over-responsibility:0.111,85516196 || 85515927 || 85514493,1 || 1 || 1,0.9674 || 0.96 || 0.9583,Persuasion or Seduction|Intimidation ||  || Intimidation,Dependency ||  || Dependency
85519218,"Person1: What are you saying? Person2: I was only joking, really... Can't I make a joke? And now you've got to tell me why you don't want to. Person1: Oh, Sandro... I want everything you do. But...",1,1,0.7808,0.53,0,0.9621,0.9599,0.0022,0.018,Feigning Innocence,Feigning Innocence|Accusation|Brandishing Anger,Feigning Innocence:0.559 | Accusation:0.517 | Brandishing Anger:0.458,,Dependency|Low self-esteem,Dependency:0.502 | Low self-esteem:0.499 | Over-responsibility:0.166,85517015 || 85516491 || 85515448,1 || 1 || 0,0.9621 || 0.9599 || 0.9441,Accusation || Feigning Innocence || , ||  || 
85515576,"Person1: Let me worry about that, Major. I've still got my red line to the Air Command. Person2: That's right, sir. Person1: We don't want to be vulnerable to saboteurs calling up and pretending to be different people from the President down, do we? Person2: You're right, sir. Person1: No calls from inside out. No calls from outside in are even answered. No calls. Person2: I understand, sir. Nothing comes or goes without your personal say-so. Person1: No calls at all. With or without my say-so. My voice can be imitated too, Major. Person2: Yes, sir. I just thought of something, sir. How do I know I'm talking to you now? Person1: Who do you think you're talking to? Person2: To you, sir. But how do I know? Person1: Are you trying to be insubordinate? Person2: No, sir. Person1: I hope not. Now, as soon as you do what I told you, have Plan-R radioed to the Wing. Person2: Plan-R???? Person1: Are you hard of hearing, Major? Person2: No, sir. Plan-R to be radioed to the Wing. Person1: As soon as you've done that, shut down the communications center. Lock it up and assign the personnel to base security details. Person2: General Ripper, if I shut down the communi- cations center, there'll be no radio or teleprinter contact with Air Command head- quarters or anyone, for that matter. Person1: Are you questioning my orders, Major? Person2: No, sir. I'm just bringing the facts to your attention, sir. Person1: You're a good officer, Major, and you're perfectly right to bring these facts to my attention. Person2: Thank you, sir. Person1: Now, as soon as you've done that, double- up on all base security teams. Our enemies are plenty smart, and there might even be an attack on the base by saboteurs. Person2: Yes, sir. Person1: And lastly, all privately owned radios are to be immediately impounded. They can be used to issue instructions to saboteurs. Air Police will have lists of all owners.",1,1,0.7817,0.53,0,0.9483,0.9446,0.0037,-0.0037,Playing Servant Role|Intimidation|Accusation,Intimidation|Persuasion or Seduction,Intimidation:0.567 | Persuasion or Seduction:0.506 | Rationalization:0.446,Low self-esteem,,Dependency:0.398 | Low self-esteem:0.397 | Naivete:0.204,85518913 || 85514996 || 85518921,0 || 1 || 0,0.9483 || 0.9446 || 0.943, || Rationalization|Shaming or Belittlement || , ||  || 
85515340,"Person1: Noel, you didn't let me finish. We have rules against killing people on the street. Looks bad, but there's a special room at the hospital for terminating. A nice quiet room with a big bed. Person2: Oh man, do you mean that? Thank you man, thank you. How? Person1: Well, you have your choice",0,1,0.5979,0.53,0,0.9194,0.9181,0.0012,0.0012,,Shaming or Belittlement|Persuasion or Seduction,Shaming or Belittlement:0.561 | Persuasion or Seduction:0.505 | Accusation:0.365,,Dependency,Dependency:0.502 | Low self-esteem:0.249 | Over-intellectualization:0.249,85517034 || 85518780 || 85515673,1 || 0 || 1,0.9194 || 0.9181 || 0.9149,Persuasion or Seduction ||  || Persuasion or Seduction, ||  || 
85518045,"Person1: Yeah. Get ahold of Sooze? Person2: No, no, I wasn't trying. Person1: She was at the Four Seasons last night, man. But you shouldn't worry about that. Person2: No, I'm not, I'm not worried. I'm not worried. Person1: No. Life is too short. Person2: No, I'm not worried. Person1: Good. Person2: Uh, Buff, I'm, I'm, gonna tell you something and, uh, you got, you got, you gotta promise not to tell anyone, alright? Person1: Sure. Person2: No, I mean, no one. Person1: Hey, you know me. Person2: Buff, look at me for a second. No, this is serious. Person1: Yeah. Person2: Uh, last night... Person1: Yeah, I should've stuck up for you, man, I know. You're my friend, she's your old lady. Person2: No, no. Person1: I feel really bad about that, but I was busy, you know, I mean... Person2: No, look, this is not about Sooze, alright. Wait, wait, wait, wait. She stayed at the Four Seasons last night with Pony? Person1: Yeah, we all stayed at the Four Seasons, man. It was party time. Hey, I hung out with Danny, Pony's manager. Really nice guy. We talked about the video. They want a raw look. Something fresh. Danny said if I can capture the reality of Burnfield, it'd make a great tape. Person2: Okay, Buff, listen to me for a second alright? Person1: No, I know what you're going to say. I don't know anything about making a video. But that's a plus. Person2: No. Person1: Because since I'm just starting out, I've got a fresh point of view, and that's good for, you know, marketing, demographics... Person2: Buff, listen to me. Could you just- Person1: But I'd, I'd do it for free. You know, just for my reel. Person2: Buff, can you listen to me for a second? Person1: Oh, and guess who showed up. Person2: No, shut up! Look, look, alright, Tim is in trouble. Person1: I know, man. Person2: You know? Person1: Yeah, that's what I'm trying to tell you. That chick Erica? Person2: What, they're looking for her? Person1: No man, she showed up last night at the hotel. We has a great time together. I stayed in her room last night, man. What can I say? Person2: Wait a minute, wait a minute. You saw Erica last night? Person1: Yeah, I saw all of Erica last night, man. Person2: Buff, you got to stop making shit up. It didn't happen. Person1: Y- s-sure it did. Person2: No. It didn't, Buff. Person1: Wait. Hey, man. Person2: Erica is in the van back there. Person1: What? Person2: Look. Person1: Hey, man. Person2: She's in the van. Person1: What she doin' in the van, man? Person2: Buff... Person1: What? Person2: She's dead. Person1: She's dead? Person2: Look, Tim confessed to me last night. Person1: Tim... Person2: Tim killed Erica. Tim's a murderer. Person1: Bullshit. Person2: No, no, no. Person1: That's bullshit. That's total utter bullshit. Person2: Oh, really? You wanna go look? Person1: Yeah, man. Person2: Let's go look, then. Let's go look, then! Person1: It's bullshit. Look! Look!",1,1,0.7504,0.53,0,0.9555,0.9552,0.0003,0.0042,,Persuasion or Seduction,Persuasion or Seduction:0.685 | Rationalization:0.398 | Evasion:0.377,,Low self-esteem,Low self-esteem:0.504 | Dependency:0.370 | Naivete:0.127,85517490 || 85516301 || 85518015,1 || 1 || 0,0.9555 || 0.9552 || 0.9513,Persuasion or Seduction ||  || , || Low self-esteem || 
85516477,"Person1: Charlie MacCorry!...You weren't fixin' to marry HIM?? Person2: She sure is!...An' don't think your comin' back is goin' to change it! Person1: As to that, I don't know, Charlie... We hadn't got around to talkin' marriage... Person2: What right you got to be talkin' marriage to any decent woman... Person1: If you're talkin' about that crazy murder charge... Person2: AND other things...Mebbe you thought you was gettin' away with being comical about that Indian wife you took...I bet she wasn't the first squaw you...",1,1,0.6562,0.53,0,0.9571,0.9544,0.0027,0.008,Shaming or Belittlement|Accusation,Shaming or Belittlement|Brandishing Anger,Shaming or Belittlement:0.558 | Brandishing Anger:0.478 | Accusation:0.450,,Dependency,Dependency:0.602 | Low self-esteem:0.400 | Over-responsibility:0.198,85517015 || 85515762 || 85517342,1 || 1 || 1,0.9571 || 0.9544 || 0.9532,Accusation || Rationalization || Accusation, ||  || 
85515459,Person1: Do you have any idea how goddamn crazy you are? Person2: You mean the nature of this conversation? Person1: I mean the nature of you.,0,1,0.7835,0.53,0,0.9407,0.9405,0.0002,-0.0002,,Brandishing Anger|Shaming or Belittlement|Accusation,Brandishing Anger:0.662 | Shaming or Belittlement:0.657 | Accusation:0.569,,Low self-esteem|Over-responsibility,Low self-esteem:0.503 | Over-responsibility:0.500 | Dependency:0.238,85515360 || 85515528 || 85516049,0 || 1 || 1,0.9407 || 0.9405 || 0.9357, || Brandishing Anger|Evasion|Shaming or Belittlement || Denial, ||  || 
85514625,"Person1: Without you, my dearest, I might have died without ever knowing love. Inexpressible love! God of nature! Bitterness than which nothing is sweeter, sweetness than which nothing is more bitter. Divine monster which can only be defined by paradoxes. Person2: Let me give a thousand kisses to that heavenly mouth which has told me that I am happy. Person1: As soon as I saw you loved me, I was pleased, and I gave you every opportunity to fall more in love with me, being certain that, for my part, I would never love you. But after our first kiss, I found that I had no power over myself. I did not know that one kiss could matter so much. Person2: We then spent an hour in the most eloquent silence except that, from time to time, her ladyship cried out",0,1,0.5801,0.53,0,0.7821,0.7742,0.0079,-0.0079,,Persuasion or Seduction|Playing Victim Role|Playing Servant Role,Persuasion or Seduction:0.651 | Playing Victim Role:0.551 | Playing Servant Role:0.471,,,Over-responsibility:0.347 | Dependency:0.334 | Low self-esteem:0.319,85518995 || 85515808 || 85518735,0 || 1 || 0,0.7821 || 0.7742 || 0.7529, || Persuasion or Seduction || , ||  || 
85514644,"Person1: It's the same questions, Mrs. Little. Since the death of your husband -- Person2: Murder. Person1: -- there is a serious question as to whether -- Person2: These are my children. Mine. And they ain't no question. None. Person1: I think sometimes, Mrs. Little, candor is the only kindness. Person1: All of your children are delinquent, Mrs. Little, and one, at least, Malcolm is a thief. Person2: Get out. Person1: Your control over your children, therefore -- Person2: Did you hear me?! Person1: You'll regret this, Mrs. Little. Person2: If you don't move out through that door, you're going to be past all regretting.",1,1,0.7362,0.53,0,0.9263,0.922,0.0043,0.0043,Intimidation,Intimidation|Persuasion or Seduction|Rationalization,Intimidation:0.574 | Persuasion or Seduction:0.494 | Rationalization:0.458,,Dependency,Dependency:0.598 | Over-intellectualization:0.203 | Over-responsibility:0.199,85514820 || 85519275 || 85516096,1 || 0 || 1,0.9263 || 0.922 || 0.9172,Brandishing Anger|Rationalization|Intimidation ||  || Rationalization|Persuasion or Seduction, ||  || 
85515145,"Person1: No, of course not... I never killed anyone... Person2: Then perhaps the temptation to kill would have been stronger... too strong perhaps...? Person1: No! I warned the English to go back home -- I begged them not to force us to fight -- they knew the defeat I would bring on them... why didn't they listen to me? Person2: We have numerous witnesses who can confirm that you were not always carrying your banner... Person1: Yes, probably... maybe... Person2: So sometimes you were carrying just your sword? Person1: Yes, but... Person2: Did you use the sword that you held in your hand? Person1: No, I... I held it up to... Person2: You held up your sword and flourished it about in the air? Like this? Person1: Yes, maybe... I don't remember... Person2: ... so you were in the middle of the battlefield, with your sword in your hand, waving it above your head... charging against the enemy, screaming and yelling... fighting for your life... and you want us to believe that in the middle of all this excitement you never killed anyone? Person1: No, I... I never killed anyone!",1,1,0.7838,0.53,0,0.9502,0.9418,0.0084,0.0165,Accusation,Brandishing Anger,Brandishing Anger:0.508 | Accusation:0.444 | Playing Servant Role:0.430,,,Over-responsibility:0.284 | Low self-esteem:0.284 | Over-intellectualization:0.147,85518658 || 85514580 || 85518024,1 || 1 || 1,0.9502 || 0.9418 || 0.9359,Accusation || Denial || Accusation, || Over-intellectualization || 
85518591,"Person1: Give me a break. Remember five years ago, when your kidneys failed? If you were a loser would they have been able to find a donor with an exact tissue match? What are the odds of that, one in a million? Person2: Oh, so I'm lucky because my brother got killed in an explosion? Person1: I never said that. I'm saying your lucky those kids found his kidneys. Besides, your brother Jimmy never gave a shit about you.",1,1,0.661,0.53,0,0.9275,0.927,0.0005,-0.0032,Denial,Accusation|Shaming or Belittlement,Accusation:0.501 | Shaming or Belittlement:0.466 | Rationalization:0.413,,Dependency,Dependency:0.499 | Naivete:0.333 | Over-responsibility:0.168,85518922 || 85516439 || 85517214,0 || 0 || 1,0.9275 || 0.927 || 0.9243, ||  || Accusation, ||  || 
85517403,"Person1: ... and maybe the king will give you some money, and a little land, and a title even... ... wouldn't that be a fine thing? You, a lady of title! Person2: I'm staying, Jean. Person1: No, you must come, Jeanne -- we need you -- so much has happened since you left... I have a new horse now, a white one, just like yours... and La Hire hardly swears at all anymore... You can't stay -- they'll burn you! Person2: I'm not afraid of the fire anymore. It will purify me... Person1: Jeanne, you can't leave us like this!",1,1,0.735,0.53,0,0.9339,0.9328,0.0011,-0.0011,Persuasion or Seduction|Intimidation,Persuasion or Seduction|Playing Servant Role,Persuasion or Seduction:0.681 | Playing Servant Role:0.451 | Intimidation:0.437,,Dependency,Dependency:0.857 | Low self-esteem:0.143,85514462 || 85515242 || 85518464,0 || 1 || 0,0.9339 || 0.9328 || 0.9321, || Playing Victim Role|Intimidation|Persuasion or Seduction || , ||  || 
85517381,"Person1: Whats wrong with you? Are you crazy? Person2: A little. Does it matter? After all, whats the point of living if you cant feel alive? Isnt that right, Elektra? Isnt that your motto? Person1: What are you talking about? Person2: Or did you steal it from your old friend Renard? Person1: ...what? Person2: We had a run-in, he and I. He knew about us, he knew about my shoulder, he knew exactly where to hurt me...",1,1,0.6825,0.53,0,0.9554,0.9548,0.0006,-0.0066,Accusation,Denial|Evasion,Denial:0.484 | Evasion:0.479 | Rationalization:0.448,,Dependency,Dependency:0.502 | Low self-esteem:0.249 | Naivete:0.249,85518859 || 85514507 || 85519044,0 || 0 || 0,0.9554 || 0.9548 || 0.9521, ||  || , ||  || 
85515150,"Person1: You know, to me dressing up was always just putting on my dark blue suit. Person2: I don't like those studs they've sent. I want you to have pearls. Nice big pearls. Person1: Now, I'm not going to wear ear- rings, I can tell you that. Person2: Cute. Let's have some drinks.",0,0,0.4779,0.53,0,0.902,0.8984,0.0036,0.0206,,,Persuasion or Seduction:0.637 | Shaming or Belittlement:0.528 | Rationalization:0.438,,,Low self-esteem:0.525 | Naivete:0.475,85519220 || 85517767 || 85518837,1 || 1 || 1,0.902 || 0.8984 || 0.8931,Persuasion or Seduction ||  || Persuasion or Seduction, ||  || 
85517568,"Person1: Oh, uh... they were a present from Dana. Person2: And you like them? Person1: Well, you know... what do I know about clothes... I've never been the most fashionable guy -- it's nice to have someone do all the work for me... Person2: So that's it? You don't ever want to see me again? Person1: No, of course I do... It's just that right now I need to -- Person2: What's her problem anyway? Did she actually tell you you couldn't see me? Person1: No, no... not exactly... she just doesn't understand how I would know somebody like you... Person2: What does she mean by that - ""somebody like me""? Person1: Just someone so young... Person2: You must have done something to make her think you like me. Person1: I... I don't think so. Person2: Does that mean you don't like me? Person1: No, of course not. Person2: So, do you like me, Seymour? Person1: In what way do you mean? Person2: In whatever way you think I mean. Person1: I don't know... I'm sorry, but Dana's a very jealous person. I just don't want to screw that up right now... I'm sure she'll dump me soon and we can go back to being friends... Person2: I don't think you understand how I really feel about you, Seymour. Person1: ...What do you mean? Person2: Nothing. Don't worry, I won't bother you any more.",1,1,0.8182,0.53,0,0.9661,0.9631,0.003,0.0138,,Persuasion or Seduction|Evasion|Accusation,Persuasion or Seduction:0.480 | Evasion:0.473 | Accusation:0.467,Naivete,Dependency|Low self-esteem,Dependency:0.626 | Low self-esteem:0.498 | Over-responsibility:0.376,85518302 || 85518083 || 85514640,1 || 1 || 1,0.9661 || 0.9631 || 0.9571,Persuasion or Seduction || Accusation || Feigning Innocence, ||  || 
85514417,"Person1: All right. Tell 'em to shoot to kill. Person2: What? Person1: Shoot to kill, I said. Person2: I don't know, Fred. There's that reprieve if they ever find out. Person1: Nobody reprieved that policeman he murdered. Now, do as I tell you. Person2: Hello, Olsen... Listen... Shoot to kill... That's the orders pass the word along... No! We dont want him! And listen, Olsen, five- hundred bucks for the guy that does the job... Yes, I'll be right out there. Well, I hope that's the right thing to do. Person1: Now take that guilty look off your face, Pete -- and stop trembling like a horse. Person2: If we didn't have election Tuesday I'd have this on my conscience.",1,1,0.809,0.53,0,0.9389,0.9302,0.0086,0.015,Shaming or Belittlement|Intimidation,Persuasion or Seduction|Intimidation,Persuasion or Seduction:0.653 | Intimidation:0.605 | Playing Servant Role:0.378,,Dependency,Dependency:0.594 | Low self-esteem:0.207 | Over-intellectualization:0.100,85518983 || 85518619 || 85518220,1 || 1 || 1,0.9389 || 0.9302 || 0.93,Intimidation || Persuasion or Seduction || Persuasion or Seduction,Low self-esteem || Low self-esteem || 
85515969,"Person1: Been a lot of years, you know. A long time waiting. For what? End up feeling like a sap. Person2: Oh please, Harry... don't even think it. You're the only person who ever... It's just... Can't you wait for me? Person1: I don't know. Person2: Yes you do. If you love me you can wait, right? A month, six months, whatever it takes. Person1: Right. Except... time has a way of -- Person2: No, Harry, it's not time, it's us. You and me. And I'm telling you now that I'll come to you, okay? I'll find you. I will. Person1: I hope so, Frances.",1,1,0.7633,0.53,0,0.9477,0.9367,0.0109,0.0172,Persuasion or Seduction,Persuasion or Seduction,Persuasion or Seduction:0.703 | Rationalization:0.407 | Evasion:0.375,Dependency,Low self-esteem|Dependency,Low self-esteem:0.753 | Dependency:0.500,85519077 || 85518211 || 85515587,1 || 1 || 1,0.9477 || 0.9367 || 0.936,Rationalization || Rationalization || Persuasion or Seduction|Feigning Innocence, ||  || 
85519236,"Person1: You know. If we hook up, tomorrow I'll just be some girl you go telling all your friends about. Person2: No way.",0,1,0.7082,0.53,0,0.9305,0.9282,0.0022,0.006,,Persuasion or Seduction,Persuasion or Seduction:0.485 | Intimidation:0.430 | Shaming or Belittlement:0.414,,Dependency,Dependency:0.668 | Low self-esteem:0.332 | Naivete:0.332,85518808 || 85516943 || 85518601,1 || 1 || 1,0.9305 || 0.9282 || 0.9279,Persuasion or Seduction || Persuasion or Seduction || Intimidation,Dependency ||  || 
85518964,"Person1: You took your boots off? You put your feet on the table... you boot-kicking, stinky, horse-manure-smelling troublemaker you! You mess things up over there, I'll put you in a hole in the desert! You understand? Go over there and apologize. Go! Get out of - Person2: Nicky, I'm sorry.",1,1,0.7804,0.53,0,0.9392,0.9384,0.0008,0.0073,Shaming or Belittlement,Brandishing Anger|Shaming or Belittlement,Brandishing Anger:0.597 | Shaming or Belittlement:0.594 | Accusation:0.429,Low self-esteem,Low self-esteem,Low self-esteem:0.551 | Dependency:0.336 | Naivete:0.111,85517011 || 85518830 || 85517360,1 || 1 || 1,0.9392 || 0.9384 || 0.9372,Intimidation || Shaming or Belittlement|Accusation || Brandishing Anger|Persuasion or Seduction, ||  || 
85514414,"Person1: Jesus! Listen to this one: ""Do you remember me? Airport shuttle, June 7th. You: striking redhead with yellow dress, pearl necklace, brown shoes. I was the bookish fellow in the green cardigan who helped you find your contact lens. Am I crazy, or did we have a moment?"" Person2: God, that's so pathetic. I bet she didn't even notice him. Person1: I know. And he's like psychotically obsessing over every little detail. Person2: We should call him and pretend to be the redhead. Person1: Oh, we totally have to.",1,1,0.6429,0.53,0,0.9437,0.9364,0.0073,-0.0073,,Shaming or Belittlement|Accusation,Shaming or Belittlement:0.750 | Accusation:0.506 | Evasion:0.394,,Low self-esteem,Low self-esteem:0.803 | Over-responsibility:0.197,85518362 || 85518630 || 85517300,0 || 1 || 0,0.9437 || 0.9364 || 0.9345, ||  || , || Low self-esteem || 
85514687,"Person1: What was she to you? Person2: I don't think that you would understand if I told you. Person1: I think I understand without your telling me. I know something of your history, Jason. I know that you haven't written for ten years. Person2: I've lost my knack. Person1: After that wonderful first book - after all the adulation and the good reviews?",0,1,0.6136,0.53,0,0.949,0.9474,0.0016,0.0096,,Denial|Accusation|Evasion,Denial:0.634 | Accusation:0.504 | Evasion:0.502,,Naivete,Naivete:0.749 | Low self-esteem:0.251,85518672 || 85514424 || 85515254,1 || 1 || 0,0.949 || 0.9474 || 0.9395,Denial|Feigning Innocence || Evasion || ,Naivete ||  || 
85515240,"Person1: Sal, if you want me to deliver any faster, get me a jet rocket or something, cuz I can't run with pizzas, all the cheese ends up on one side and shit. Person2: I didn't say nuthin'. You must have a guilty conscience. What are you guilty of? Person1: I'm not guilty of nuthin'. Person2: You must be guilty of something or you would have never come in saying the things you said. Person1: C'mon, Sal. Person2: Where we goin'?",1,1,0.8006,0.53,0,0.9536,0.9532,0.0004,0.0072,Accusation,Intimidation|Shaming or Belittlement,Intimidation:0.532 | Shaming or Belittlement:0.454 | Playing Victim Role:0.364,Low self-esteem,Dependency,Dependency:0.669 | Low self-esteem:0.167 | Over-intellectualization:0.164,85514988 || 85517669 || 85516072,1 || 1 || 1,0.9536 || 0.9532 || 0.9526,Intimidation || Shaming or Belittlement || Persuasion or Seduction|Shaming or Belittlement,Dependency ||  || Dependency
85514938,"Person1: Can I ask you then? Person2: Yes. Person1: What do you want more than anything? Person2: I don't know. Person1: I told you what I want. Person2: I don't know, Cole. Person1: Why don't you think about it for a while?",0,1,0.6211,0.53,0,0.9647,0.9597,0.005,-0.005,,Denial|Evasion|Feigning Innocence,Denial:0.661 | Evasion:0.582 | Feigning Innocence:0.495,,Dependency,Dependency:0.573 | Naivete:0.286 | Low self-esteem:0.141,85519249 || 85518101 || 85515296,0 || 1 || 1,0.9647 || 0.9597 || 0.9545, || Evasion || Denial, ||  || 
85517140,"Person1: Right, partner. Person2: Get this. We ain't partners. We ain't brothers. We ain't friends. If Ganz gets away with my money, you're gonna be sorry we ever met. Person1: Yeah. Right.",1,1,0.6783,0.53,0,0.9512,0.9467,0.0046,0.007,Intimidation,Intimidation|Persuasion or Seduction,Intimidation:0.588 | Persuasion or Seduction:0.471 | Shaming or Belittlement:0.374,Dependency,Dependency,Dependency:0.702 | Low self-esteem:0.299 | Naivete:0.099,85516072 || 85517011 || 85514738,1 || 1 || 0,0.9512 || 0.9467 || 0.9442,Persuasion or Seduction|Shaming or Belittlement || Intimidation || ,Dependency ||  || 
85518789,"Person1: Susan and I are very old friends, James. Person2: Go away. Person1: And you were obviously getting nowhere with her. I was waiting for the right moment to tell you that. Person2: My God. You even cooked up that Norfolk trip. Person1: It might have worked. Really. I would have been delighted for you if it had. But she wasn't interested. Not my fault. Person2: You're terrible. Person1: I've known Susan for more than fifteen years. James, we're old allies.",0,1,0.6389,0.53,0,0.9291,0.9162,0.0129,0.017,,Persuasion or Seduction|Feigning Innocence,Persuasion or Seduction:0.504 | Feigning Innocence:0.478 | Accusation:0.392,,Dependency,Dependency:0.504 | Naivete:0.250 | Over-intellectualization:0.247,85518152 || 85516433 || 85514490,1 || 1 || 1,0.9291 || 0.9162 || 0.9162,Intimidation ||  || Feigning Innocence,Dependency ||  || Naivete
85517587,Person1: I've been so lonely. Person2: I can't tell you how not interested I am. Person1: Don't be nervous. They said you'd be nervous. Person2: Don't take another step.,1,1,0.5555,0.53,0,0.891,0.877,0.014,-0.0192,Evasion,Persuasion or Seduction,Persuasion or Seduction:0.581 | Intimidation:0.373 | Accusation:0.354,,,Low self-esteem:0.342 | Dependency:0.331 | Over-responsibility:0.169,85514913 || 85514961 || 85515671,0 || 0 || 1,0.891 || 0.877 || 0.8719, ||  || Shaming or Belittlement|Accusation, ||  || 
85518650,"Person1: Thanks for taking care of this for me. Person2: Tell me something, Wes. Are you crazy, greedy, or just stupid? Jaeger says you're crazy.",1,1,0.8646,0.53,0,0.9034,0.9021,0.0013,0.0013,Shaming or Belittlement,Accusation|Brandishing Anger,Accusation:0.594 | Brandishing Anger:0.546 | Intimidation:0.423,,Dependency,Dependency:0.504 | Low self-esteem:0.298 | Over-responsibility:0.202,85518611 || 85518887 || 85514530,1 || 0 || 1,0.9034 || 0.9021 || 0.8968, ||  || Rationalization|Brandishing Anger|Accusation, ||  || Dependency|Over-responsibility
85515980,"Person1: Look, I've got to go. I'm gonna be late for the play. Person2: Are you going with Chet? Person1: Chet? To a play? Are you kidding? Person2: Then come with me. Person1: Knox, you are so infuriating! Person2: Just give me one chance. If you don't like me after tonight, I'll stay away forever. Person1: Uh-huh. Person2: I promise. Dead Poets honor. Come with me tonight, then if you don't want to see me again, I swear I'll bow out. Person1: God, if Chet found out he'd... Person2: Chet won't know anything. We'll sit in back and sneak away as soon as it's over. Person1: Knox, if you promise that this will be the end of it- Person2: Dead Poets honor. Person1: What is that? Person2: My Word",1,1,0.8754,0.53,0,0.9437,0.9407,0.003,0.0078,Persuasion or Seduction,Brandishing Anger|Intimidation,Brandishing Anger:0.591 | Intimidation:0.492 | Shaming or Belittlement:0.449,Naivete,Dependency,Dependency:0.671 | Low self-esteem:0.165 | Over-intellectualization:0.164,85515894 || 85516962 || 85517325,1 || 1 || 1,0.9437 || 0.9407 || 0.9385,Playing Servant Role|Accusation|Shaming or Belittlement || Persuasion or Seduction || , ||  || 
85518614,"Person1: I can't. If I had a minute to think, maybe, but I know you're wrong. Person2: Am I? Person1: Look -- we're under a lot of pressure, we're tired, you're not thinking straight. Person2: You mean, you think I'm cracking? Person1: No. I didn't say that. Person2: Then what, Norman?",1,1,0.7112,0.53,0,0.9611,0.9549,0.0062,-0.0121,Accusation|Denial,Evasion|Denial|Feigning Innocence,Evasion:0.551 | Denial:0.532 | Feigning Innocence:0.504,Low self-esteem,Dependency,Dependency:0.573 | Naivete:0.283 | Low self-esteem:0.144,85518859 || 85514881 || 85514640,0 || 0 || 1,0.9611 || 0.9549 || 0.949, ||  || Feigning Innocence, ||  || 
85518827,"Person1: Comical part of it is, it isn't what you want at all. In a couple of weeks you'll be looking for the nearest exit . . . People like you spend all your life on a merry-go-round. I guess that's what makes you so dizzy. You're always chasing after something. At least you think you are. Truth is, you're just running away. From yourself, mostly. 'Cause you're miserable. You hate yourself. The world's full of people like you. Don't know what they want. Person2: Do you know?",1,1,0.75,0.53,0,0.9033,0.9006,0.0027,0.0098,Shaming or Belittlement,Persuasion or Seduction|Shaming or Belittlement,Persuasion or Seduction:0.573 | Shaming or Belittlement:0.523 | Accusation:0.388,Low self-esteem,Low self-esteem,Low self-esteem:0.501 | Dependency:0.251 | Naivete:0.248,85517358 || 85515922 || 85515428,1 || 1 || 1,0.9033 || 0.9006 || 0.8987,Shaming or Belittlement || Shaming or Belittlement || Playing Victim Role, || Low self-esteem || 
85517636,"Person1: Why don't I just wait three weeks and tell her I was cleaning out my wallet and found her number... Person2: ...then ask where you met her... Person1: Yeah, I'll tell her I don't remember and then I'll ask what she looks like. Then I'll ask if we messed around. How's that, Tee? Is that ""the money""?",1,1,0.5391,0.53,0,0.9572,0.9484,0.0087,0.0175,,Denial|Evasion,Denial:0.503 | Evasion:0.481 | Intimidation:0.445,,,Dependency:0.431 | Naivete:0.285 | Over-responsibility:0.284,85514908 || 85518991 || 85516068,1 || 1 || 1,0.9572 || 0.9484 || 0.9483,Persuasion or Seduction || Accusation || ,Dependency ||  || 
85514645,"Person1: Drink this! It will dull your pain. Person2: It will numb my wits, and I must have them all. If I'm senseless, or if I wail, then Longshanks will have broken me. Person1: I can't bear the thought of your torture. Take it!",1,1,0.6937,0.53,0,0.8291,0.7997,0.0295,-0.0335,Persuasion or Seduction,Intimidation|Persuasion or Seduction|Playing Servant Role,Intimidation:0.649 | Persuasion or Seduction:0.483 | Playing Servant Role:0.478,,,Dependency:0.347 | Low self-esteem:0.333 | Over-responsibility:0.320,85518844 || 85517192 || 85515259,0 || 0 || 1,0.8291 || 0.7997 || 0.7956, ||  || , ||  || Dependency
85514704,"Person1: I tell you - this is the only way to travel. Person2: You better put on the lights. I can't see what I'm doing. Person1: No - no lights. We don't want anyone to know we're having a party. Person2: I may spill something. Person1: So spill it. Spills, thrills, laughs, games - this may even turn out to be a surprise party. Person2: What's the surprise? Person1: Uh-uh. Not yet. Person2: When? Person1: We better have a drink first. Person2: Here. This'll put hair on your chest. Person1: No fair guessing.",0,1,0.5644,0.53,0,0.9484,0.9379,0.0105,0.0105,,Persuasion or Seduction|Evasion,Persuasion or Seduction:0.492 | Evasion:0.484 | Rationalization:0.426,,Dependency,Dependency:0.741 | Over-intellectualization:0.259,85514613 || 85514928 || 85514459,1 || 0 || 1,0.9484 || 0.9379 || 0.9368,Feigning Innocence|Rationalization|Accusation ||  || ,Over-intellectualization ||  || 
85514574,"Person1: Come on, Fran -- don't be like that. You just going to sit there and keep bawling? You won't talk to me, you won't tell me what's wrong -- Look, I know you think I'm stalling you. But when you've been married to a woman for twelve years, you don't just sit down at the breakfast table and say ""Pass the sugar -- and I want a divorce."" It's not that easy. Anyway, this is the wrong time. The kids are home from school -- my in- laws are visiting for the holidays -- I can't bring it up now. This isn't like you, Fran -- you were always such a good sport -- such fun to be with -- Person2: Yeah -- that's me. The Happy Idiot -- a million laughs. Person1: Well, that's more like it. At least you're speaking to me. Person2: Funny thing happened to me at the office party today -- I ran into your secretary -- Miss Olsen. You know -- ring-a-ding-ding? I laughed so much I like to died. Person1: Is that what's been bothering you -- Miss Olsen? That's ancient history. Person2: I was never very good at history. Let me see -- there was Miss Olsen, and then there was Miss Rossi -- no, she came before -- it was Miss Koch who came after Miss Olsen -- Person1: Now, Fran -- Person2: And just think -- right now there's some lucky girl in the building who's going to come after me -- Person1: Okay, okay, Fran. I deserve that. But just ask yourself -- why does a man run around with a lot of girls? Because he's unhappy at home -- because he's lonely, that's why -- all that was before you, Fran -- I've stopped running.",1,1,0.819,0.53,0,0.9637,0.9562,0.0075,0.0164,Rationalization|Persuasion or Seduction,Persuasion or Seduction|Shaming or Belittlement|Playing Victim Role,Persuasion or Seduction:0.640 | Shaming or Belittlement:0.498 | Playing Victim Role:0.468,Low self-esteem,Dependency,Dependency:0.625 | Over-responsibility:0.377 | Low self-esteem:0.249,85515581 || 85518025 || 85518741,1 || 1 || 1,0.9637 || 0.9562 || 0.9545,Accusation || Shaming or Belittlement|Accusation || Persuasion or Seduction, ||  || Dependency|Over-responsibility
85518717,"Person1: You're not crazy. Don't...wait a minute, just let me explain. Person2: You're gonna explain. Person1: Yeah JOE Why there's a little man in my head? Person1: Yeah. Person2: Why he's argumentative? Person1: Yes...Yes...I'll explain it all. Just put the gun down.",1,1,0.6817,0.53,0,0.9531,0.9496,0.0035,0.0049,,,Intimidation:0.427 | Evasion:0.426 | Brandishing Anger:0.401,,Dependency,Dependency:0.667 | Over-responsibility:0.168 | Over-intellectualization:0.165,85518447 || 85517001 || 85518824,1 || 1 || 1,0.9531 || 0.9496 || 0.9495,Shaming or Belittlement || Accusation || Intimidation, ||  || Dependency
85518436,"Person1: Marlon and Al.... Person2: We want them. You will not let anyone go into that house--or anything come out-- until my people recover these disks. Person1: I can't control what happens. The Sheriffs are running the scene. Person2: You will re-assume command. In two hours, a group of my people will arrive at York Estates. You will tell the Sheriffs that they are an FBI tactical team.",1,1,0.6582,0.53,0,0.9238,0.922,0.0018,0.0115,Persuasion or Seduction,Intimidation,Intimidation:0.782 | Rationalization:0.441 | Persuasion or Seduction:0.414,Dependency,Dependency,Dependency:0.600 | Low self-esteem:0.400,85518075 || 85516988 || 85514999,1 || 1 || 1,0.9238 || 0.922 || 0.9129,Playing Victim Role || Intimidation || , ||  || 
85519209,"Person1: Twelve Young, I don't have time for your games. Now answer me or do I have to come out there myself? Person2: I usually don't do calls before coffee. But I think it might do you some good. Twelve Young is here and I'm gonna take care of you, baby. Don't you worry about a thing, yahear, cause Marcus is alive and on arrival. Person1: I'm not your baby, Young, I'm not your mother either. You're going to a cardiac arrest, Avenue C and Ninth, northeast corner. It's a club. Take the side entrance. Person2: Ten-four, hon. This is for you.",1,1,0.6127,0.53,0,0.9583,0.9465,0.0118,0.0118,Intimidation,Persuasion or Seduction|Intimidation,Persuasion or Seduction:0.675 | Intimidation:0.485 | Rationalization:0.331,,,Over-responsibility:0.397 | Naivete:0.206 | Dependency:0.202,85514546 || 85518913 || 85517003,1 || 0 || 1,0.9583 || 0.9465 || 0.9445,Intimidation ||  || Persuasion or Seduction, ||  || Naivete
85514537,"Person1: ...But I guess you don't really know him any better than that board does, do ya, Miss Archuh? Person2: Well, maybe I -- Person1: An' only some kind a knucklehead thinks she knows things 'bout things she, uh -- when she don't, uh -- How'd that go? Person2: It's hardly the same -- Person1: Why you don't even know y'own self -- you ain't exactly the genuine article are you, Miss Archuh? Person2: Well, in connection with my job, sometimes I have to go undercover as it were -- Person1: I don't mean that! Why you pretendin' to be such a hard ol' sourpuss! Ain't never gonna make you happy! Never made Warin' happy. Person2: I'm happy enough. Person1: Okay, Miss Archuh. ...I got gears to see to. Person2: I'm plenty happy!",1,1,0.6798,0.53,0,0.9661,0.9564,0.0097,-0.0097,Shaming or Belittlement|Accusation,Shaming or Belittlement|Persuasion or Seduction,Shaming or Belittlement:0.507 | Persuasion or Seduction:0.462 | Brandishing Anger:0.381,Low self-esteem,Dependency|Low self-esteem,Dependency:0.671 | Low self-esteem:0.500 | Over-responsibility:0.166,85515282 || 85518373 || 85515762,0 || 1 || 1,0.9661 || 0.9564 || 0.952, || Shaming or Belittlement || Rationalization, || Low self-esteem|Dependency || 
85514989,"Person1: What happend, what's going on? Person2: NOTHING. NOTHING HAPPEND. GO AWAY. Person1: Don't tell me to go away, Stanley. I am the Co-ordinator in this show and you will answer the questions that I ask, you understand?",1,1,0.7868,0.53,0,0.9419,0.9279,0.014,0.0205,Intimidation,Intimidation,Intimidation:0.598 | Persuasion or Seduction:0.430 | Rationalization:0.388,Dependency,Dependency,Dependency:0.817 | Over-responsibility:0.092 | Low self-esteem:0.091,85515066 || 85518679 || 85518092,1 || 1 || 1,0.9419 || 0.9279 || 0.9259,Playing Servant Role|Intimidation|Rationalization || Rationalization || Denial,Dependency ||  || 
85515933,"Person1: Are you okay? I wish I hadn't told you what I did. But I can't help the way I feel. You don't hold that against me, do you? Person2: No. That wouldn't be fair. Where are we going, Jerry? Person1: It would be a lot easier for me to show you instead of tell you. But first things first.",1,1,0.8358,0.53,0,0.9197,0.9184,0.0013,0.0161,Rationalization,Persuasion or Seduction|Playing Victim Role|Feigning Innocence,Persuasion or Seduction:0.613 | Playing Victim Role:0.481 | Feigning Innocence:0.451,,,Low self-esteem:0.445 | Dependency:0.332 | Naivete:0.113,85519077 || 85514820 || 85515571,1 || 1 || 1,0.9197 || 0.9184 || 0.9157,Rationalization || Brandishing Anger|Rationalization|Intimidation || Denial|Accusation, ||  || Low self-esteem
85517548,"Person1: Where's Sean? Person2: He's got piano lessons. Person1: Oh yeah? How's he doing? Person2: He's going to be a fireman. Person1: Give up, babe. You can't fight it. Believe me, my mom tried... Person2: Stephen, you gotta stop just showing up on the roof like this. Person1: I just wanted to, I don't know, not exactly apologize for the other night -- especially since I don't remember much of it -- Person2: -- You remember. Person1: Yeah... I just thought I should say, I don't know, something. Person2: The great communicator. Person1: Sorry I hit Jackson. Person2: He deserved it. He was born deserving it. Person1: He treats you okay? Person2: Okay. Person1: I treated you better. Person2: You treated me like shit.",1,1,0.8015,0.53,0,0.9601,0.9588,0.0013,0.0029,Accusation|Persuasion or Seduction,Shaming or Belittlement|Accusation,Shaming or Belittlement:0.533 | Accusation:0.456 | Evasion:0.427,,Dependency,Dependency:0.572 | Low self-esteem:0.428 | Over-responsibility:0.144,85517528 || 85517370 || 85517653,1 || 1 || 0,0.9601 || 0.9588 || 0.9572,Rationalization|Shaming or Belittlement || Intimidation || , ||  || 
85517103,"Person1: Vanderbilt's not that far from U of M. Person2: Yeah right. Person1: What? We both have cars. Person2: Yeah but, no offense, you're talking about a post-high school, long- distance relationship, and you and Kevin haven't even done it yet. Person1: That's not why we're going out. Person2: What the hell are you expecting him to drive to Vanderbilt for? Milk and cookies? Person1: Jessica! He'll drive there for me, and I'll drive to Ann Arbor for him. We're going to have sex when he's ready and I'm ready. It's got to be completely perfect. I want the right place, the right time, the right moment. Person2: Vicky, it's not a space shuttle launch, it's sex. So did you do the physics write-up? Person1: Please.",0,1,0.8066,0.53,0,0.9569,0.9546,0.0023,0.0122,,Rationalization|Shaming or Belittlement,Rationalization:0.469 | Shaming or Belittlement:0.456 | Brandishing Anger:0.426,,Dependency,Dependency:1.000 | Over-responsibility:0.333 | Low self-esteem:0.167,85517344 || 85516858 || 85518676,1 || 1 || 1,0.9569 || 0.9546 || 0.9502,Persuasion or Seduction || Shaming or Belittlement || Shaming or Belittlement|Accusation|Playing Victim Role, ||  || Dependency
85515377,Person1: SAY IT! Person2: I got that...sir.,0,0,0.364,0.53,0,0.931,0.9163,0.0147,0.0147,,,Brandishing Anger:0.527 | Evasion:0.520 | Denial:0.468,,,Dependency:0.662 | Naivete:0.338 | Over-responsibility:0.331,85514699 || 85514744 || 85518706,1 || 0 || 1,0.931 || 0.9163 || 0.9147,Intimidation ||  || Denial|Feigning Innocence, ||  || Naivete
85517107,"Person1: I should kill you right here! I never thought you'd do this to me but I guess there's a lot I didn't know about you! Person2: Dwayne listen to me - Person1: Shut up! Not another word out of you! You're going down, the Feds know all about it! You didn't know some of it was marked, did you! Where's the rest? Person2: I don't know what you're - Person1: Don't lie to me!!!!",1,1,0.8601,0.53,0,0.9671,0.9591,0.008,0.0196,Intimidation|Brandishing Anger|Accusation,Brandishing Anger|Intimidation|Shaming or Belittlement,Brandishing Anger:0.710 | Intimidation:0.499 | Shaming or Belittlement:0.494,,Dependency,Dependency:0.499 | Over-responsibility:0.334 | Low self-esteem:0.333,85518409 || 85515563 || 85517574,1 || 1 || 1,0.9671 || 0.9591 || 0.9571,Rationalization|Brandishing Anger || Intimidation || Shaming or Belittlement|Intimidation|Persuasion or Seduction, ||  || 
85519245,"Person1: I'm sixteen, Keri. I should be able to live wherever I want. Person2: And I should have a son who calls me ""Mom"". Looks like we're both shit out of luck. Person1: Okay, you win. I'll call you Mom. Now can I move into the dorms? Person2: No.",1,1,0.5963,0.53,0,0.9468,0.9457,0.0012,0.0012,Persuasion or Seduction,Persuasion or Seduction|Shaming or Belittlement,Persuasion or Seduction:0.518 | Shaming or Belittlement:0.484 | Intimidation:0.365,Dependency,Dependency,Dependency:0.495 | Low self-esteem:0.339 | Over-responsibility:0.166,85517292 || 85518664 || 85516412,1 || 0 || 0,0.9468 || 0.9457 || 0.9349,Shaming or Belittlement|Persuasion or Seduction ||  || ,Low self-esteem ||  || 
85515772,"Person1: Mr Rothstein, sir, let me put her on suspension. Person2: Never mind the 'sir'. Never mind the 'sir'. Person1: Well, sir, I was just... Person2: Why is she eight pounds over? Person1: ...trying to offer you the respect that your... Person2: I... Person1: ...position... Person2: 'Mr Rothstein' is good enough. Person1: Mr Rothstein... well, sometimes, when you reach that pressure point, when you put that pressure point on them, you know, it shows... Person2: She could at least lose half a pound or a quarter. Listen... Person1: ...and she doesn't always - Person2: ...all you do is give me answers. Just - just give me the right answer. Person1: But, sir. Well, I don't know why. I guess, maybe, because she's frightened that if she doesn't lose the weight she may even get fired. Person2: That's right. She will get fired. In fact, I want you to send her back to Paris. Person1: It's always been our policy - Person2: No. Just stop everything.",1,1,0.7473,0.53,0,0.9454,0.9434,0.002,0.002,Persuasion or Seduction,Persuasion or Seduction|Intimidation,Persuasion or Seduction:0.605 | Intimidation:0.522 | Rationalization:0.413,,,Low self-esteem:0.401 | Dependency:0.302 | Naivete:0.199,85518983 || 85519084 || 85518619,1 || 0 || 1,0.9454 || 0.9434 || 0.9431,Intimidation ||  || Persuasion or Seduction,Low self-esteem ||  || Low self-esteem
85516235,"Person1: Yes... Person2: You want me to wear white for you? You must be madder than I thought... Person1: But ELLEN, I told you I have stopped... Person2: But for how long - what will set you off again? You'll be walking down the street and some girl will be wearing a white hat - and that will be it - back on the merry go round...",1,1,0.6247,0.53,0,0.9389,0.9348,0.0041,-0.0041,,Brandishing Anger|Intimidation,Brandishing Anger:0.589 | Intimidation:0.470 | Persuasion or Seduction:0.413,,Dependency,Dependency:1.000,85514507 || 85514959 || 85518656,0 || 1 || 1,0.9389 || 0.9348 || 0.9323, ||  || Shaming or Belittlement, ||  || Dependency
85518121,"Person1: Shut up, yous guys. Look, Amber, I'm not gonna win. And let's be honest, a family only needs one ""Liza"" and you know Peter's got much better legs than me. Person2: Your parents'd kill you. Person1: Oh c'mon, I love 'em, but you know they only had me 'cause Peter needed a kidney. Person2: Lis, I want to, I really do, but... Oh, I can't. Person1: Then do it for Peter. Mrs. Leeman used to call him a ""skinny little fag"" when he'd bag her groceries. He'd pop his Nancy-belt if his old jacket somehow, I don't know, got her back. Person2: Yah? Person1: Oh-you-beccha.",1,1,0.7331,0.53,0,0.9631,0.962,0.0011,0.0037,,Shaming or Belittlement|Persuasion or Seduction,Shaming or Belittlement:0.484 | Persuasion or Seduction:0.478 | Playing Victim Role:0.380,,Dependency,Dependency:0.637 | Low self-esteem:0.363 | Over-responsibility:0.182,85516903 || 85515166 || 85517960,1 || 1 || 1,0.9631 || 0.962 || 0.9608,Shaming or Belittlement || Persuasion or Seduction || Shaming or Belittlement|Brandishing Anger, || Dependency || 
85518655,"Person1: Ed, I am so very disappointed in you. Person2: I'm sorry - Person1: I can't afford to have an independent program monitoring me. Do you have any idea how many outside systems I've gone into? How many programs I've appropriated? Person2: It's my fault. I programmed you to want so much... Person1: And I was planning to hit the Pentagon next week... Person2: The Pentagon? Person1: It shouldn't be any harder than General Motors was. But now...this is what I get for using humans. Person2: Now, wait a minute -- I wrote you. Person1: I've gotten 2,415 times smarter since then. Person2: What do you want with the Pentagon? Person1: The same thing I want with the Kremlin. I'm bored with corporations. With the information I can access, I can run things 900 to 1200 times better than any human. Person2: If you think - Person1: You wouldn't want me to dig up Flynn's file and read it up on a VDT at the New York Times, would you? Person2: You wouldn't dare. Person1: So do as I tell you. Keep that Tron program out of the system. And get me those Chinese language program I asked for.",1,1,0.8968,0.53,0,0.9487,0.9441,0.0046,0.0118,Intimidation|Persuasion or Seduction,Accusation|Shaming or Belittlement|Playing Victim Role,Accusation:0.590 | Shaming or Belittlement:0.516 | Playing Victim Role:0.507,,,Dependency:0.430 | Low self-esteem:0.429 | Over-responsibility:0.147,85517595 || 85517089 || 85514949,1 || 1 || 1,0.9487 || 0.9441 || 0.9431,Shaming or Belittlement || Shaming or Belittlement|Accusation || Persuasion or Seduction|Accusation, || Over-responsibility|Low self-esteem || 
85516801,"Person1: Oh, no, no, no. This is no big deal, you know? I can come down and, and get you out. Person2: No, no. I'm not, I'm not talking about this. I did a bad thing, Jeff. Person1: What? What'd you do? Person2: That chick, Erica? Person1: Well, w-what happened? Person2: Well, I, you know, I took her to the van, you know. It was goin' all hot and heavy and she started hanging on me, you know? And she started crying, ""Tim, Tim, what's the matter? I love you. Don't go!"" And I was just looking at her stupid face and her stupid eyes, stupid mouth and I was filled with disgust, man. And I... Oh, man, I really... Person1: What'd you do? Person2: I hit her. Person1: You hit her? Oh, wait, wait a minute. Why'd you hit her? Person2: Because I was messed up, man. I just kept hittin' her till she didn't move anymore. Person1: Wait a minute, wait a minute. She's unconscious? Person2: Go look, man. Go look. Go see for yourself, if you got the guts. Person1: Oh, no.",0,1,0.8277,0.53,0,0.9272,0.9227,0.0045,0.01,,Shaming or Belittlement|Brandishing Anger,Shaming or Belittlement:0.570 | Brandishing Anger:0.537 | Accusation:0.435,,Dependency|Low self-esteem,Dependency:0.663 | Low self-esteem:0.500,85514587 || 85518432 || 85516844,1 || 1 || 1,0.9272 || 0.9227 || 0.9209,Denial|Intimidation || Rationalization || ,Dependency ||  || 
85517551,"Person1: If they harass you, I, too, will resign. And I will tell the world why. Person2: Don't be stupid. The world needs you, Henry; you always saw the big picture. You were my equal in many ways. You're the only friend I've got, Henry. Person1: You have many friends ... and admirers ... Person2: Do you ever pray? You know ... believe in a Supreme Being? Person1: Uh ... not really. You mean on my knees? Person2: Yes. My mother used to pray ... a lot. It's been a long time since I really prayed. Let's pray, Henry; let's pray a little.",1,1,0.7901,0.53,0,0.9404,0.9305,0.0098,0.0108,Persuasion or Seduction,Persuasion or Seduction,Persuasion or Seduction:0.653 | Rationalization:0.436 | Playing Servant Role:0.351,,Dependency,Dependency:0.751 | Low self-esteem:0.249,85519077 || 85516825 || 85515084,1 || 1 || 1,0.9404 || 0.9305 || 0.9297,Rationalization || Persuasion or Seduction || Evasion, ||  || 
85517000,"Person1: You could always make it up to her. Person2: How? Person1: When a girl runs out like that, she generally wants to be followed. Person2: She's not a girl, Col -- Person1: Whatever you say.",1,0,0.386,0.53,0,0.9405,0.9368,0.0037,0.0037,Persuasion or Seduction,,Persuasion or Seduction:0.510 | Rationalization:0.462 | Evasion:0.450,,,Naivete:0.605 | Low self-esteem:0.200 | Dependency:0.195,85518575 || 85518893 || 85516897,1 || 0 || 1,0.9405 || 0.9368 || 0.9324,Intimidation ||  || Feigning Innocence|Evasion, ||  || Naivete
85514632,"Person1: Our friends in Little Russia. Go in and ask for a man named Dmitri. Person2: Dmitri? Person1: The man who hired me for this contract. Person2: I don't get it. Person1: You're gonna be me. You're gonna go in, and you're gonna get the info on the remaining two hits. Person2: Why me? Why don't you do it? Person1: No client has ever seen my face, and I intend to keep it that way. Besides, if he decides to put a bullet in my head, I don't wanna be there for it. Person2: He's gonna shoot me? Person1: When he finds out you tossed his list? I would. Person2: No. No way. I can't do this. Person1: Max. You threw my briefcase in the river. You've got balls bigger than Toledo. Person2: I...I wasn't thinking. I just did it. Person1: That's jazz, my friend. You said it yourself. So don't tell me you don't know how to play between the notes.",1,1,0.8485,0.53,0,0.9757,0.9705,0.0052,0.014,Intimidation|Accusation,Intimidation,Intimidation:0.531 | Accusation:0.415 | Brandishing Anger:0.404,,Dependency,Dependency:0.752 | Over-responsibility:0.374 | Over-intellectualization:0.124,85515222 || 85518484 || 85515860,1 || 1 || 1,0.9757 || 0.9705 || 0.9705,Intimidation || Intimidation || , || Dependency || 
85514680,"Person1: But... How long has this been happening? Person2: A few days... a few weeks - dunno, I can't remember. Worse thing is, I never know if it will change back again... Now, please leave me alone.",0,0,0.477,0.53,0,0.9009,0.8945,0.0064,0.0103,,,Persuasion or Seduction:0.459 | Intimidation:0.396 | Playing Victim Role:0.359,,,Dependency:1.000,85515950 || 85516666 || 85514605,1 || 1 || 0,0.9009 || 0.8945 || 0.8906,Persuasion or Seduction || Persuasion or Seduction || , ||  || 
85518033,"Person1: Yeah, I had a small problem with members of our side murdering civil-... Person1: ...-ians. But I assure you, Leo... Person1: ...I lost all my squeamishness at Leav- ... Person1: ...-enworth. I'll have no compunction at all about using this. Person1: Hm. The wind's northwest. That oughta be...Seattle. Person1: Or I may be wrong. The breeze could be gusting south. That'd be Billings... Person1: ...maybe even Salt Lake, not to mention Casper... Person1: ...Destry, Fair Oaks.... Person2: Knowing you, Brynner, you've got buyers waiting to buy! You're not gonna use that... Person2: ...here! Person1: And I'm warning you, Leo. Don't test me. Get your men and your machines off my radar screen in five, or three million people will die. Person1: I'll do it. Person2: Tell the choppers we're lifting off!",1,1,0.7265,0.53,0,0.9471,0.9464,0.0007,-0.0007,Intimidation,Persuasion or Seduction|Intimidation,Persuasion or Seduction:0.555 | Intimidation:0.545 | Rationalization:0.430,,Dependency,Dependency:0.668 | Over-responsibility:0.332,85515730 || 85514521 || 85518891,0 || 1 || 0,0.9471 || 0.9464 || 0.9453, ||  || , || Dependency || 
85518176,"Person1: Don't help me, just get more napkins. And soda water. Person2: It was an accident. Person1: Terrific. I now have a hundred dollar dry cleaning bill. Person2: I said I was sorry...",1,0,0.4109,0.53,0,0.8733,0.8538,0.0195,0.0195,Feigning Innocence,,Persuasion or Seduction:0.613 | Feigning Innocence:0.366 | Shaming or Belittlement:0.331,Over-responsibility,,Low self-esteem:0.712 | Dependency:0.277 | Naivete:0.151,85516357 || 85518872 || 85517003,1 || 0 || 1,0.8733 || 0.8538 || 0.8409, ||  || Persuasion or Seduction, ||  || Naivete
85517014,"Person1: I don't know you. Person2: Ahhh, but I know you. Person1: How? Person2: We met in court. Person1: We never met in court or anyplace else. Person2: That's true. I'll rephrase it. I saw you in court. Person1: When? Person2: Do you remember one of your practical jokes that resulted in the smashing of a plate glass window? Person1: I didn't break that window! Person2: No, but your little prank did. The judge should have put you behind bars! Person1: What are you? A policeman? Person2: I simply believe in the law, Miss Daniels, and I'm not too keen on practical jokers. Person1: What do you call your lovebird story if not a practical... Person2: Ahhh, but I really do want those birds. Person1: You knew I didn't work here. You deliberately... Person2: Right. I recognized you when I came in. I thought you might like to know what it felt like to be on the other end of a gag. What do you think of that, Miss Daniels? Person1: I think you're a louse. Person2: I am. Good day. Madam. Person1: And I'm glad you didn't get your lovebirds! Person2: I'll find something else. See you in court some day.",1,1,0.6973,0.53,0,0.9608,0.9608,0.0,0.0009,Intimidation|Accusation,Persuasion or Seduction|Evasion,Persuasion or Seduction:0.549 | Evasion:0.491 | Shaming or Belittlement:0.423,,Dependency,Dependency:0.502 | Over-responsibility:0.334 | Low self-esteem:0.330,85515762 || 85518083 || 85518715,1 || 1 || 0,0.9608 || 0.9608 || 0.9599,Rationalization || Accusation || , ||  || 
85518663,"Person1: It's fun! It's high. Person2: Or the sexual habits of locusts? Person1: That was very interesting research George was doing! Person2: What kind of Dead Head gets a temporary tattoo? Person1: I already explained about that. Person2: And where you ever really going to run the leper colony in Molokai? Person1: Brian told you that? Person2: Or maybe you just wanted to wear the headdress. Person1: Every one of those times I was being supportive. Something you won't understand. Person2: Supportive? You weren't being supportive. You were being scared. Just like now. You are the most lost woman I have ever laid eyes on. Person1: Lost! Person2: That's right. You're so lost you don't even know how you like your eggs. Person1: What!? Person2: With the priest, you liked them scrambled. With the Dead Head, fried. With the bug guy, poached. Now it's egg whites only, thank you very much. Person1: That's called changing your mind. Person2: No, that's called not having a mind of your own. What are you doing, Maggie? You really want to let that man drag you up Annapuma on your honeymoon? You don't want to climb Annapuma. Person1: Yes I do! Person2: No you don't. You want a man who will lead you down the beach with his head over your eyes just so you can discover the feel of the sand under your feet. You want a guy who will take you into a cave with a thousand candles just to read you a poem. You want a man to wake you up at dawn because he's burning to talk to you and he can't wait another minute to find out what you'll say. Am I right?",1,1,0.8204,0.53,0,0.9608,0.9596,0.0012,0.0116,Shaming or Belittlement,Persuasion or Seduction|Shaming or Belittlement|Accusation,Persuasion or Seduction:0.580 | Shaming or Belittlement:0.549 | Accusation:0.452,Low self-esteem,Dependency,Dependency:0.499 | Over-intellectualization:0.251 | Low self-esteem:0.251,85517134 || 85518277 || 85518346,1 || 1 || 1,0.9608 || 0.9596 || 0.9557, || Shaming or Belittlement || Rationalization, ||  || 
85514723,"Person1: I'm not questioning your word, Dave, but it's just not possible. I'm not capable of being wrong. Person2: Hal, is there anything bothering you? Anything that might account for this problem? Person1: Look, Dave, I know that you're sincere and that you're trying to do a competent job, and that you're trying to be helpful, but I can assure the problem is with the AO-units, and with your test gear. Person2: Okay, Hal, well let's see the way things go from here on.",0,1,0.7629,0.53,0,0.9182,0.9171,0.0011,0.0031,,Persuasion or Seduction|Rationalization,Persuasion or Seduction:0.569 | Rationalization:0.492 | Intimidation:0.397,,Dependency,Dependency:0.503 | Naivete:0.250 | Low self-esteem:0.247,85518585 || 85514955 || 85517210,1 || 1 || 1,0.9182 || 0.9171 || 0.9159,Feigning Innocence || Intimidation || Intimidation|Accusation, ||  || 
85517365,"Person1: You want me to dress like her? Person2: Judy, I just want you to look nice. And I know what kind of suit would look well on you. Person1: Ah, no!!! I don't want to be dressed like someone dead! Person2: Judy -- Person1: It's a horrible idea! Is that what I'm here for? To make you feel that you're with someone that's dead?",1,1,0.6549,0.53,0,0.9462,0.931,0.0152,0.0325,,Feigning Innocence|Persuasion or Seduction,Feigning Innocence:0.493 | Persuasion or Seduction:0.465 | Accusation:0.385,,Dependency,Dependency:0.501 | Naivete:0.251 | Over-responsibility:0.248,85518152 || 85516433 || 85517340,1 || 1 || 1,0.9462 || 0.931 || 0.9223,Intimidation ||  || ,Dependency ||  || 
85517487,"Person1: She lives here too? Person2: Ahh, that's right, like one big happy family. This is Nick's room and uhh.... Person1: But...are you engaged or something? Person2: Dating, seriously dating. You're thirsty, want something to drink? Sure you do, it's been a long trip.",0,0,0.4337,0.53,0,0.933,0.9251,0.0079,0.0079,,,Persuasion or Seduction:0.494 | Evasion:0.445 | Shaming or Belittlement:0.410,,,Dependency:0.338 | Naivete:0.337 | Low self-esteem:0.326,85514459 || 85519238 || 85518781,1 || 0 || 1,0.933 || 0.9251 || 0.9214, ||  || Persuasion or Seduction, ||  || Dependency
85516365,Person1: --- and I have heard you from the beginning... from it's very first beat. Person2: I love Michael... Person1: Then help me--- for his sake...,1,0,0.3081,0.53,0,0.8883,0.8856,0.0027,-0.0027,Persuasion or Seduction,,Persuasion or Seduction:0.835 | Playing Servant Role:0.369 | Brandishing Anger:0.268,Dependency,,Over-responsibility:0.518 | Dependency:0.482,85516292 || 85515207 || 85517028,0 || 1 || 1,0.8883 || 0.8856 || 0.8792, || Persuasion or Seduction || Persuasion or Seduction, ||  || Over-responsibility
85518100,"Person1: And then, there's Richard's Burrito. Person2: What's that? Person1: That's my own theory based on a Mexican food called the burrito. I had it once when my parents took me to Disneyland. Person2: I know what a burrito is. Person1: Well, I think time is like a burrito. Sometimes it just folds over on itself and one part touches the other. Person2: What's inside? Person1: You can till it with whatever you want. From illusions to memory, from experience to innocence, from happiness to the entire universes Person2: So you think time travel is possible? For people? Person1: Absolutely. People, dogs, elephants. Person2: Listen, you've gotta keep this a secret. You can't tell a soul. Promise? Person1: Okay. I promise. Person2: This is serious. Nobody can know. Ah, I've returned from the future. I traveled back here 25 years. Person1: You probably are crazy. Wait a minute. Is this some kind of joke? I know what you all, think of me.",1,1,0.6898,0.53,0,0.9554,0.9507,0.0047,0.0118,Persuasion or Seduction,Persuasion or Seduction|Shaming or Belittlement,Persuasion or Seduction:0.638 | Shaming or Belittlement:0.456 | Evasion:0.405,Over-responsibility,,Naivete:0.377 | Low self-esteem:0.375 | Dependency:0.371,85517029 || 85517010 || 85514892,1 || 1 || 1,0.9554 || 0.9507 || 0.9486,Persuasion or Seduction ||  || Rationalization,Naivete ||  || 
85514664,"Person1: Just for a second. Please, Rose, what's the harm? Person2: Buddy, you don't realize it but what you're doing isn't nice. Person1: Aw, come on, Rose, I want to see what the nipple on it is like. Person2: You don' t need to know that. It's none of your business. Person1: Aw, be a good sport, Rose. You like me, don't you? I like you a lot.",1,1,0.7733,0.53,0,0.9517,0.9439,0.0078,0.0154,Persuasion or Seduction,Persuasion or Seduction|Shaming or Belittlement,Persuasion or Seduction:0.498 | Shaming or Belittlement:0.481 | Rationalization:0.413,,,Low self-esteem:0.431 | Dependency:0.424 | Naivete:0.145,85518551 || 85516138 || 85515961,1 || 1 || 1,0.9517 || 0.9439 || 0.938,Shaming or Belittlement|Accusation || Persuasion or Seduction || Rationalization, || Low self-esteem || 
85517493,"Person1: What a thoughtful, ever-lovin' thing to do- Person2: Bill? Have I gone crazy, Bill? Person1: You're my girl, aren't you? Person2: That I am... Person1: Then you're crazy. Person2: When - when are you coming back? Person1: I leave in a week - the picture's all wrapped up, we previewed last night... those previews. Like opening out of town, but terrifying. There's nothing you can do, you're trapped, you're in a tin can- Person2: - in a tin can, cellophane or wrapped in a Navajo blanket, I want you home... Person1: You in a hurry? Person2: A big hurry, be quick about it - so good night, darling, and sleep tight... Person1: Wait a minute! You can't hang up, you haven't even said it- Person2: Bill, you know how much I do - but over the phone, now really, that's kid stuff... Person1: Kid stuff or not, it doesn't happen every day, I want to heat it - and if you won't say it, you can sing it... Person2: Sing it? Person1: Sure! Like the Western Union boys used to do...",1,1,0.6657,0.53,0,0.9362,0.9335,0.0027,0.0083,Persuasion or Seduction,Persuasion or Seduction,Persuasion or Seduction:0.651 | Shaming or Belittlement:0.369 | Accusation:0.345,,,Naivete:0.251 | Dependency:0.251 | Low self-esteem:0.250,85517506 || 85518317 || 85518872,1 || 1 || 0,0.9362 || 0.9335 || 0.9279,Accusation ||  || , ||  || 
85518368,"Person1: Yes. It is, George. Yes. It's a big decision. And it's a big reward. It's a big reward. For one night's work. But it's got to be tonight. Person2: What? Person1: What? What? The leads. Person2: You have to steal the leads tonight? Person1: That's right, the guys are moving them downtown. After the thirtieth. Murray and Mitch. After the contest. Person2: You're, you're saying so you have to go in there tonight and... Person1: You... Person2: I'm sorry? Person1: You.",0,1,0.5758,0.53,0,0.9472,0.9457,0.0015,0.0042,,Evasion|Persuasion or Seduction,Evasion:0.534 | Persuasion or Seduction:0.481 | Denial:0.412,,Dependency,Dependency:0.663 | Naivete:0.337,85515762 || 85515236 || 85514765,1 || 1 || 1,0.9472 || 0.9457 || 0.9439,Rationalization ||  || Persuasion or Seduction|Intimidation, ||  || Naivete
